Workbook

Sheet LEMBAR LPJ (2)
B2: PT. SEMARANG AUTOCOMP MANUFACTURING INDONESIA | H2: FORM/CHECKSHEET | I2: NO. DOKUMEN | J2: - | L2: APPROVED II | M2: APPROVED I | N2: CHECKED | O2: PREPARED
B3: LPJ DRIVER (Back up perjalanan dinas luar kota) | I3: TANGGAL | J3: - | L3: -
I4: REVISI | J4: -
I5: HALAMAN | J5: -
I6: MASA BERLAKU | J6: - | L6: AWI | M6: FYH | N6: WIN | O6: SMK/RRH
C9: Driver | E9: Status Mobil | F9: Jenis Mobil | G9: No. Mobil | H9: PIC / User | J9: Tujuan
C10: Nama | D10: Vendor | H10: Nama | I10: Dept | J10: Nama | K10: Kota
C11: Suwito | D11: Tunas Rent. | E11: SAMI | F11: Innova | G11: H-1631-IA | J11: PASI | K11: Cikarang
C13: HARI | D13: TANGGAL | E13: BBM | F13: TOL | G13: PARKIR | H13: LAIN-LAIN | I13: JUMLAH OPS PER HARI | J13: BIAYA DRIVER
J14: OVERTIME | K14: LUAR KOTA | L14: INAP | P14: =36*825000 -> 29700000
C15: Jumat | D15: 45486 | E15: =300000+450000 -> 750000 | F15: =5500+421500+27000+400000 -> 854000 | I15: =SUM(E15:H15) -> 1604000 | J15: ='Rincian Overtime Driver (2)'!P11 -> 290644.62 | K15: 100000
C16: JUMLAH | I16: =SUM(I15:I15) -> 1604000 | J16: =SUM(J15:J15) -> 290644.62 | K16: =SUM(K15:K15) -> 100000 | L16: =SUM(L15:L15) -> 0
C19: PUM | D19: ACTUAL | E19: SISA
C20: 2500000 | D20: =SUM(I16:L16) -> 1994644.6 | E20: =+C20-D20 -> 505355.38
P22: =399000/2 -> 199500
B27: PERLINDUNGAN HAK CIPTA! Dokumen ini adalah milik dan untuk dipergunakan di lingkungan kerja PT. SAMI . Tidak diperkenankan memindahkan, menyalin, atau menggandakan sebagian ataupun seluruhnya isi dokumen ini dalam bentuk dan dengan cara apapun, tanpa izin tertulis dari Wakil manajemen. | G27: Referensi Prosedur/WI/OS/IS/ :
I31: 0 | J31: 44918 | K31: New Release | L31: Renny | M31: - | N31: - | O31: -
I32: REVISI | J32: TANGGAL | K32: ISI PERUBAHAN | L32: PIC | M32: REVIEW | N32: TGL | O32: PIC

Sheet Rincian Overtime Driver (2)
B3: PERHITUNGAN OT DRIVER | N3: NO. POLISI | O3: ='LEMBAR LPJ (2)'!G11 -> H-1631-IA
N4: TYPE MOBIL | O4: ='LEMBAR LPJ (2)'!F11 -> Innova
B5: UMK : | C5: 3243969 | F5: Jam Kerja Efektif : 08.00 - 17.00 | N5: DRIVER | O5: ='LEMBAR LPJ (2)'!C11 -> Suwito
B6: 1 TUL = UMK/173 = | E6: =+C5/173 -> 18751.266
B7: HARI | C7: TANGGAL | D7: KET. JAM | E7: OT AWAL | G7: OT AKHIR | I7: SUB TOTAL OT | K7: KET. | L7: RINCIAN PERHITUNGAN | P7: JUMLAH
E8: Start | F8: Finish | G8: Start | H8: Finish | I8: JAM | J8: JAM PENGALI TUL | K8: pengali | L8: 1.5 | M8: 2 | N8: 3 | O8: 4
B9: ='LEMBAR LPJ (2)'!C15 -> Jumat | C9: ='LEMBAR LPJ (2)'!D15 -> 45486 | D9: OT : | E9: 0.33333333 | F9: 0.33333333 | G9: 0.70833333 | H9: 1.0416667 | I9: =E11+G11 -> 0.33333333 | J9: =((HOUR(I9)*60)+MINUTE(I9))/60 -> 8 | K9: jam ke | L9: 1 | M9: =+J9-L9 -> 7
K10: tul | L10: =+L9*$L$8 -> 1.5 | M10: =+M9*$M$8 -> 14 | N10: =+N9*$N$8 -> 0 | O10: =+O9*$O$8 -> 0 | P10: =SUM(L10:O10) -> 15.5 | R10: =SUM(R4:R9) -> 0
D11: Jumlah | E11: =+F9-E9 -> 0 | G11: =+H9-G9 -> 0.33333333 | K11: nominal | L11: =+L10*$C$5/173 -> 28126.899 | M11: =+M10*$C$5/173 -> 262517.72 | N11: =+N10*$C$5/173 -> 0 | O11: =+O10*$C$5/173 -> 0 | P11: =SUM(L11:O11) -> 290644.62
B12: TOTAL TUL | P12: =P10 -> 15.5
B13: TOTAL BIAYA OVERTIME | P13: =P11 -> 290644.62
D15: `

Sheet Sheet2
