Workbook

Sheet TAHAP 1
U1: A
B2: PT. SEMARANG AUTOCOMP MANUFACTURING INDONESIA | H2: FORM/CHECKSHEET | I2: NO. DOKUMEN | J2: : 083/PGA/GS/FORM/RPBPD | N2: APPROVED II | P2: APPROVED I | R2: CHECKED | T2: PREPARED
B3: FORM REQUEST PERHITUNGAN BIAYA PERJALANAN DINAS | I3: REVISI | J3: : 1 | N3: APPROVED
I4: TANGGAL | J4: : 15-10-2024
B5: (form ini digunakan GA sebagai acuan perhitungan biaya perjalanan dinas) | I5: HALAMAN | J5: : 1
I6: MASA BERLAKU | J6: : 14-10-2025 | N6: AWI | P6: FYH | R6: SMK | T6: Renny
B8: TUJUAN PERJALANAN DINAS | G8: : (JIE) Jl. BENYAMIN SUEB, PADEMANGAN TIM, KEC. PADEMANGAN, JAKARTA UTARA
B9: KEPENTINGAN | G9: : PAMERAN TEKNOLOGI INDUSTRI
B11: 1. MEMBER YANG AKAN PERJALANAN DINAS
B12: NO | C12: TANGGAL | G12: DEPT. / SECT. | I12: JABATAN | K12: NIK | M12: NAMA
B13: 1 | C13: 45630 | D13: s/d | F13: 45632 | G13: PE | I13: SPV | K13: 284 | M13: PUDJI SRI SAPUTRI
B14: 2 | C14: =+C13 -> 45630 | D14: s/d | F14: =+F13 -> 45632 | G14: QA | I14: SPV | K14: 12027 | M14: AGIL ZHEGA PRASETYA
B15: 3 | C15: =+C14 -> 45630 | D15: s/d | F15: =+F14 -> 45632 | G15: QA | I15: SPV | K15: 7094 | M15: MUNHAMIR
B16: 4 | C16: =+C15 -> 45630 | D16: s/d | F16: =+F15 -> 45632 | G16: NYS | I16: SPV | K16: 13647 | M16: ADITYA FAHRIZAL
B17: 5 | C17: =+C13 -> 45630 | D17: s/d | F17: =+F13 -> 45632 | G17: PRD | I17: LL | K17: 5550 | M17: SUPRIYANTO
B19: 2. TRANSPORTASI
B20: 2.a Pesawat | K20: 2.b Kereta
B21: NO | C21: TANGGAL | E21: AIR PORT | H21: RANGE TIME | K21: NO | L21: TANGGAL | N21: STATION | R21: RANGE TIME
E22: DEPARTURE | G22: ARRIVAL | H22: DEPARTURE | I22: ARRIVAL | N22: DEPARTURE | P22: ARRIVAL | R22: DEPARTURE | T22: ARRIVAL
B23: 1 | K23: 1
B24: 2 | K24: 2
B26: 2.c Mobil / Hi Ace / Bus
B27: NO | C27: TANGGAL | G27: JENIS ARMADA | I27: JUMLAH KURSI (PENUMPANG) | J27: WAKTU KEBERANGKATAN | N27: REQUEST KHUSUS
J28: LOKASI | L28: JAM
B29: 1 | C29: 45630 | D29: s/d | F29: 45632 | G29: HI ACE | J29: SAMI | M29: 0.33333333
B30: 2 | C30: 45630 | D30: s/d | F30: 45632 | G30: INNOVA REBORN | J30: SAMI | M30: 0.33333333
B31: NOTE : Standar kelengkapan armada
B32: No | C32: Point | J32: Mobil | M32: Hi Ace | P32: BUS
B33: 1 | C33: Sabuk Pengaman | J33: ● | M33: ● | P33: ●
B34: 2 | C34: Ban Cadangan | J34: ● | M34: ● | P34: ●
B35: 3 | C35: Segitiga Pengaman (Minimal 2 buah, berwarna merah, dapat memantulkan cahaya) | J35: ● | M35: ● | P35: ●
B36: 4 | C36: Dongkrak | J36: ● | M36: ● | P36: ●
B37: 5 | C37: Pembuka Roda dan | J37: ● | M37: ● | P37: ●
B38: 6 | C38: Kotak P3K(Minimal berisi obat antiseptik, kain kassa, kapas, plester) | J38: ● | M38: ● | P38: ●
B39: 7 | C39: Apar | J39: ● (1x M1 berat 1 Kg) | M39: ● (2x M1 berat 1 Kg) | P39: ● (2x M1 berat 1 Kg)
B40: 8 | C40: Ganjal Ban (Wheel Block) | J40: x | M40: ● (Jika > 3,500 Kg) | P40: ● (Jika > 3,500 Kg)
B41: 9 | C41: Perisai Kolong Belakang | J41: x | M41: x | P41: x
B42: 10 | C42: Perisai Kolong Samping | J42: x | M42: x | P42: x
B43: 11 | C43: Alat Pemantul Cahaya | J43: x | M43: x | P43: x
B44: 12 | C44: Pemecah Kaca / Martil | J44: x | M44: x | P44: x
... B46: 14 | C46: Kernet | J46: x | M46: x | P46: x
B47: NOTE : Standar transportasi berdasarkan Prosedur Perjalanan Dinas (PGA-GA.PD.02)
B48: KET. | D48: Golongan I - III | H48: Golongan IV - V | K48: Golongan VI - VII
B49: Luar Negeri | D49: Pesawat Udara Kelas Ekonomi | H49: Pesawat Udara Kelas Ekonomi | K49: Pesawat Udara Kelas Bisnis
B50: Dalam Negeri | D50: Kereta Api / Bus | H50: Pesawat Udara Kelas Ekonomi | K50: Pesawat Udara Kelas Ekonomi
B52: 3. HOTEL
B53: NO | C53: NAMA HOTEL | G53: ALAMAT | L53: Isi kolom di bawah ini dengan tanda Ѵ atau X
L54: SMOKING | N54: BREAKFAST | P54: LAUNDRY | R54: SHUTTLE
B55: 1 | C55: NOVOTEL MANGGA 2 | G55: JAKARTA MANGGA 2 | L55: No | N55: Yes | P55: No | R55: No
B56: 2 | C56: GRAND ORCHAD | G56: GUNUNG SAHARI
B57: 3
B58: NOTE : Standar penginapan berdasarkan Prosedur Perjalanan Dinas (PGA-GA.PD.02)
B59: Golongan | D59: Ketentuan Jenis Kamar | H59: Laundry
B60: I | D60: Standard maks. Bintang 3 | H60: Perjalanan Dinas yang memakan waktu 3 (tiga) hari atau lebih maka ia berhak atas penggantian biaya cuci pakaian (laundry) 5pcs per-hari (blouse / kemeja, celana, pakaian dalam dan kaos kaki) | O60: TTD PIC
B61: II | D61: Standard maks. Bintang 3
B62: III | D62: Standard maks. Bintang 3 | O62: PSS
B63: IV | D63: Standard maks. Bintang 4
B64: V | D64: Standard maks. Bintang 4 | O64: Name : | P64: PSSS
B65: VI | D65: Standard maks. Bintang 5 | O65: Date : | P65: 45616
B66: VII | D66: Standard maks. Bintang 5
B68: ~ TIME TABLE PERSIAPAN PERJALANAN DINAS | R68: di isi oleh GA
R69: Date
B70: TAHAP | C70: KETERANGAN | L70: WHO | M70: TIME LIMIT (ke-GA) | R70: plan | T70: actual
B71: 1 | C71: ISI FORM REQUEST PERHITUNGAN BIAYA PERJALANAN DINAS | L71: User | M71: H-15 sebelum hari-H | R71: 45610 | T71: 45600
B72: 2 | C72: ISI FORM SUMMARY PERBANDINGAN PERJALANAN DINAS KEMUDIAN DI SERAHKAN KE USER | L72: GA | M72: H-13 sebelum hari-H | R72: 45612
B73: 3 | C73: MEMINTA APPROVAL SAMPAI DENGAN PRESDIR DAN MGR FA KEMUDIAN FORM DI SERAHKAN KE GA | L73: User | M73: H-10 sebelum hari-H | R73: 45615
B74: 4 | C74: PROSES PEMESANAN TIKET / ARMADA & HOTEL | L74: GA | M74: H-8 sebelum hari-H | R74: 45617
B75: 5 | C75: PROSES PEMBUATAN PR UPD (yang harus cair sebelum dilaksanakannya perjalanan dinas) | L75: User | M75: Hari Senin 1 Minggu sebelum hari-H (08:00) | R75: 45610
B76: 6 | C76: PROSES PEMBUATAN PR TIKET / ARMADA & HOTEL | L76: User | M76: H+7 setelah Issued Tiket (point no.4)
B77: 7 | C77: INFORMASI KUNJUNGAN PERJALANAN DINAS KE- GA AFFILIATE TUJUAN | L77: GA | M77: H-7 sebelum hari-H
B78: 8 | C78: EMAIL SPD KE-HR (cc FA) | L78: GA | M78: H-1 sebelum hari-H
B79: 9 | C79: ATUR & KONFIRMASI PENJEMPUTAN | L79: GA | M79: H-1 sebelum hari-H
B81: PERLINDUNGAN HAK CIPTA! Dokumen ini adalah milik dan untuk dipergunakan di lingkungan kerja PT. SAMI . Tidak diperkenankan memindahkan, menyalin, atau menggandakan sebagian ataupun seluruhnya isi dokumen ini dalam bentuk dan dengan cara apapun, tanpa izin tertulis dari Wakil manajemen. | H81: Referensi Prosedur/WI/OS/IS/ : PGA-GA.PD.02 : Prosedur Perjalanan Dinas
J84: 1 | K84: Update Masa Berlaku | O84: 45580 | Q84: Renny
J85: 0 | K85: New Release | O85: 45112 | Q85: Renny | R85: 1 | S85: 45580 | U85: FYH
J86: REV. | K86: ISI PERUBAHAN | O86: TANGGAL | Q86: PIC | R86: REVIEW | S86: TGL | U86: PIC

Sheet TAHAP 2.2 (Rincian)
Q1: A
B2: PT. SEMARANG AUTOCOMP MANUFACTURING INDONESIA - TUGU FACTORY | I2: FORM/CHECKSHEET | J2: NO. DOKUMEN | K2: : 023/PGA/GA/FORM/SPDDN | M2: APPROVED II | N2: APPROVED I | O2: CHECKED | P2: PREPARED
B3: SURAT PERJALANAN DINAS DALAM NEGERI | J3: TANGGAL | K3: : 11-07-2023 | M3: APPROVED
J4: REVISI | K4: : 4
J5: HALAMAN | K5: : 2 / 2
J6: MASA BERLAKU | K6: : 10-07-2025 | M6: AWI | N6: FYH | O6: SMK | P6: RENNY
B8: LAMPIRAN (Rincian) | F8: =+'TAHAP 1'!G9 -> : PAMERAN TEKNOLOGI INDUSTRI
B10: 1. UPD
B11: NOTE : Standar UPD Dalam Negeri berdasarkan Prosedur Perjalanan Dinas (PGA-GA.PD.02)
B12: Golongan | F12: UANG SAKU | G12: BREAKFAST | H12: LUNCH | I12: DINNER
B13: I | F13: 30000 | G13: 12500 | H13: 20000 | I13: 20000
B14: II | F14: 30000 | G14: 12500 | H14: 20000 | I14: 20000
B15: III | F15: 35000 | G15: 12500 | H15: 20000 | I15: 20000
B16: IV | F16: 40000 | G16: 12500 | H16: 27500 | I16: 27500
B17: V | F17: 50000 | G17: 22500 | H17: 30000 | I17: 30000
B18: VI | F18: 60000 | G18: 22500 | H18: 50000 | I18: 50000
B19: VII | F19: 70000 | G19: 22500 | H19: 60000 | I19: 60000
C21: Rincian Golongan | D21: : | E21: IV
B22: NO. | C22: TANGGAL | F22: =+$F$12 -> UANG SAKU | G22: =+$G$12 -> BREAKFAST | H22: =+$H$12 -> LUNCH | I22: =+$I$12 -> DINNER | J22: JUMLAH
B23: 1 | C23: =+'TAHAP 1'!$C$13 -> 45630 | F23: 40000 | G23: 0 | H23: 27500 | I23: 27500 | J23: =SUM(F23:I23) -> 95000
B24: 2 | C24: =+C23+1 -> 45631 | F24: 40000 | G24: di Hotel | H24: 27500 | I24: 27500 | J24: =SUM(F24:I24) -> 95000
B25: 3 | C25: =+C24+1 -> 45632 | F25: 40000 | G25: di Hotel | H25: 27500 | I25: 27500 | J25: =SUM(F25:I25) -> 95000
B26: TOTAL | J26: =SUM(J23:J25) -> 285000
C28: Rincian Golongan | D28: : | E28: III
B29: NO. | C29: TANGGAL | F29: =+$F$12 -> UANG SAKU | G29: =+$G$12 -> BREAKFAST | H29: =+$H$12 -> LUNCH | I29: =+$I$12 -> DINNER | J29: JUMLAH
B30: 1 | C30: =+'TAHAP 1'!$C$13 -> 45630 | F30: 35000 | G30: 0 | H30: 20000 | I30: 20000 | J30: =SUM(F30:I30) -> 75000
B31: 2 | C31: =+C30+1 -> 45631 | F31: 35000 | G31: di Hotel | H31: 20000 | I31: 20000 | J31: =SUM(F31:I31) -> 75000
B32: 3 | C32: =+C31+1 -> 45632 | F32: 35000 | G32: di Hotel | H32: 20000 | I32: 20000 | J32: =SUM(F32:I32) -> 75000
B33: TOTAL | J33: =SUM(J30:J32) -> 225000
B35: UPD
B36: NO. | C36: NAMA | G36: GOL | H36: UPD
B37: 1 | C37: =+'TAHAP 1'!M13 -> PUDJI SRI SAPUTRI | G37: IV | H37: =+J26 -> 285000
B38: 2 | C38: =+'TAHAP 1'!M14 -> AGIL ZHEGA PRASETYA | G38: IV | H38: =+J26 -> 285000
B39: 3 | C39: =+'TAHAP 1'!M15 -> MUNHAMIR | G39: IV | H39: =+J26 -> 285000
B40: 4 | C40: =+'TAHAP 1'!M16 -> ADITYA FAHRIZAL | G40: IV | H40: =+J26 -> 285000
B41: 5 | C41: =+'TAHAP 1'!M17 -> SUPRIYANTO | G41: III | H41: =+J33 -> 225000
B42: TOTAL | H42: =SUM(H37:H41) -> 1365000
B44: 2. TRANSPORTASI (PIC Perjalanan Dinas tanda tangan pada kolom transportasi yang dipilih atau yang diajukan)
B46: 2.1 PESAWAT
B47: NO. | C47: KET. | E47: FLIGHT SCHEDULE | K47: PRICE | L47: QTY | M47: JUMLAH | N47: TOTAL
B48: 1 | C48: BERANGKAT | E48: -
B49: 2 | C49: PULANG | E49: -
B53: MOBIL
F55: HI ACE PREMIO 8 Seat | I55: HI ACE COMMUTER | L55: INNOVA REBORN 5 Seat | O55: INNOVA ZENIX 5 Seat
B56: NO. | C56: ITEM | F56: HARGA | G56: JML HARI | H56: JML BIAYA | I56: HARGA | J56: JML HARI | K56: JML BIAYA | L56: HARGA | M56: JML HARI | N56: JML BIAYA | O56: HARGA | P56: JML HARI | Q56: JML BIAYA
B57: BIAYA SEWA UNIT | F57: 4000000 | G57: 3 | H57: =+F57*G57 -> 12000000 | I57: 2850000 | J57: 3 | K57: =+I57*J57 -> 8550000 | L57: 1875000 | M57: 3 | N57: =+L57*M57 -> 5625000 | O57: 2075000 | P57: 3 | Q57: =+O57*P57 -> 6225000 | S57: 3750000 | T57: 2 | U57: =+S57/T57 -> 1875000
S58: 400000
B59: ESTIMASI | S59: =+S57+S58 -> 4150000 | T59: 2 | U59: =+S59/T59 -> 2075000 | V59: =+S59+U59 -> 6225000
B60: NO. | C60: ITEM | F60: HARGA | G60: JML HARI | H60: JML BIAYA | I60: HARGA | J60: JML HARI | K60: JML BIAYA | L60: HARGA | M60: JML HARI | N60: JML BIAYA | O60: HARGA | P60: JML HARI | Q60: JML BIAYA
B61: 1 | C61: Biaya Antar Ambil | F61: 0 | I61: 0 | L61: 0 | O61: 0
B62: 2 | C62: Fee Luar Kota Driver | F62: 0 | I62: 0 | L62: 0 | O62: 0
B63: 3 | C63: Uang Inap | F63: 150000 | G63: 2 | H63: =+F63*G63 -> 300000 | I63: 150000 | J63: 2 | K63: =+I63*J63 -> 300000 | L63: 150000 | M63: 2 | N63: =+L63*M63 -> 300000 | O63: 150000 | P63: 2 | Q63: =+O63*P63 -> 300000
B64: 4 | C64: Overtime Driver (Estimasi) | F64: 0 | I64: 0 | L64: 0 | O64: 0
B65: 5 | C65: BBM (Estimasi) | F65: 0 | I65: 0 | L65: 0 | O65: 0
B66: 6 | C66: Tol (Estimasi) | F66: 700000 | G66: 2 | H66: =+G66*F66 -> 1400000 | I66: 700000 | J66: 2 | K66: =+J66*I66 -> 1400000 | L66: 700000 | M66: 2 | N66: =+M66*L66 -> 1400000 | O66: 700000 | P66: 2 | Q66: =+P66*O66 -> 1400000
B67: 7 | C67: Parkir (Estimasi) | F67: 0 | I67: 0 | L67: 0 | O67: 0
B68: 8 | C68: GRAB CAR | F68: 0 | I68: 0 | L68: 0 | O68: 0
B69: BIAYA OPERATIONAL MOBIL | H69: =SUM(H61:H68) -> 1700000 | K69: =SUM(K61:K68) -> 1700000 | N69: =SUM(N61:N68) -> 1700000 | Q69: =SUM(Q61:Q68) -> 1700000
H71: =+H69+H57 -> 13700000 | K71: =+K69+K57 -> 10250000 | N71: =+N69+N57 -> 7325000 | Q71: =+Q69+Q57 -> 7925000
B74: 3. HOTEL
B75: NO | C75: PERIODE | G75: NAMA HOTEL | K75: KET ROOM | M75: HARGA
C76: Check In | E76: Check Out
B77: 1 | C77: =+'TAHAP 1'!C13 -> 45630 | E77: =+'TAHAP 1'!F13 -> 45632 | G77: Novotel Jakarta Mangga Dua Square Jalan Gunung Sahari Raya No 1, Mangga Besar - West Jakarta, Jakarta, 14420, Indonesia. CI/CO : 04 - 06 Dec (02 Malam) Deluxe : IDR 1.464.000/room/night include breakfast | K77: Deluxe | N77: 1464000
B78: 2 | C78: =+'TAHAP 1'!C14 -> 45630 | E78: =+'TAHAP 1'!F14 -> 45632 | G78: Grand Orchardz Hotel Kemayoran Jakarta JL. Rajawali Selatan No 1b Kemayoran 10720 Jakarta | K78: Full
B79: 3 | C79: =+'TAHAP 1'!C15 -> 45630 | E79: =+'TAHAP 1'!F15 -> 45632 | G79: Caspella Suites Hotel Kemayoran Jalan Benyamin Suaeb Block A5, Kemayoran. Jakarta Pusat, Kemayoran - Central Jakarta, Jakarta, 10630, Indonesia CI/CO : 04 - 06 Dec (02 Malam) Business : IDR 780.000/room/night include breakfast | K79: Business | N79: 780000
B80: 4 | C80: =+'TAHAP 1'!C15 -> 45630 | E80: =+'TAHAP 1'!F15 -> 45632 | G80: BW Kemayoran Hotel & Convention (Formerly Best Western Plus Kemayoran) Jl Benyamin Suaeb Blok A5, Kemayoran - Central Jakarta, Jakarta, 10630, Indonesia. CI/CO : 04 - 06 Dec (02 Malam) Superior Twin : IDR 613.000/room/night include breakfast | K80: Superior Twin | N80: 613000
G81: =+G77 -> Novotel Jakarta Mangga Dua Square Jalan Gunung Sahari Raya No 1, Mangga Besar - West Jakarta, Jakarta, 14420, Indonesia. CI/CO : 04 - 06 Dec (02 Malam) Deluxe : IDR 1.464.000/room/night include breakfast
C83: NAMA | E83: ROOM | F83: QTY ROOM | G83: QTY NIGHT | H83: PRICE | I83: LAUNDRY | J83: JUMLAH | K83: JUMLAH
C84: =+C37 -> PUDJI SRI SAPUTRI | E84: =+K80 -> Superior Twin | F84: 1 | G84: 2 | H84: =+N80 -> 613000 | I84: 0 | J84: =+F84*G84*H84 -> 1226000 | K84: =SUM(J84:J88) -> 6130000
C85: =+C38 -> AGIL ZHEGA PRASETYA | E85: =+K80 -> Superior Twin | F85: 1 | G85: 2 | H85: =+N80 -> 613000 | I85: 0 | J85: =+F85*G85*H85 -> 1226000
C86: =+C39 -> MUNHAMIR | E86: =+K80 -> Superior Twin | F86: 1 | G86: 2 | H86: =+N80 -> 613000 | I86: 0 | J86: =+F86*G86*H86 -> 1226000
C87: =+C40 -> ADITYA FAHRIZAL | E87: =+K80 -> Superior Twin | F87: 1 | G87: 2 | H87: =+N80 -> 613000 | I87: 0 | J87: =+F87*G87*H87 -> 1226000
C88: =+C41 -> SUPRIYANTO | E88: =+K80 -> Superior Twin | F88: 1 | G88: 2 | H88: =+N80 -> 613000 | I88: 0 | J88: =+F88*G88*H88 -> 1226000
J89: =+J86 -> 1226000
B90: PERLINDUNGAN HAK CIPTA! Dokumen ini adalah milik dan untuk dipergunakan di lingkungan kerja PT. SAMI . Tidak diperkenankan memindahkan, menyalin, atau menggandakan sebagian ataupun seluruhnya isi dokumen ini dalam bentuk dan dengan cara apapun, tanpa izin tertulis dari Wakil manajemen. | H90: Referensi Prosedur/WI/OS/IS/ : PGA-GA.PD.02 : Prosedur Perjalanan Dinas | J90: Penggabungan approval perjalanan dinas | L90: 45118 | M90: Renny
J91: Update Tgl Masa Berlaku & Rev. No. Dok. | L91: 44702 | M91: Renny
J92: New Format | L92: 44314 | M92: Renny | N92: 3 | O92: =+L90 -> 45118 | Q92: FYH
J93: Add Actual UPD | L93: 44147 | M93: Renny | N93: 2 | O93: 44702 | Q93: WIN
J94: New Release | L94: 45113 | M94: LNA | N94: 1 | O94: 44314 | Q94: FYH
J95: ISI PERUBAHAN | L95: TANGGAL | M95: PIC | N95: REVIEW | O95: TGL | Q95: PIC

Sheet TAHAP 2.1 (SPD)
W1: A
B2: PT. SEMARANG AUTOCOMP MANUFACTURING INDONESIA | K2: FORM/CHECKSHEET | L2: NO. DOKUMEN | N2: : 023/PGA/GA/FORM/SPDDN | R2: APPROVED II | S2: APPROVED I | T2: CHECKED | V2: PREPARED
B3: SURAT PERJALANAN DINAS DALAM NEGERI | L3: TANGGAL | N3: : 11-07-2023 | R3: APPROVED
L4: REVISI | N4: : 4
L5: HALAMAN | N5: : 1/2
L6: MASA BERLAKU | N6: : 10-07-2025 | R6: AWI | S6: FYH | T6: SMK | V6: Renny
B9: TUJUAN PERJALANAN DINAS | I9: =+'TAHAP 1'!G8 -> : (JIE) Jl. BENYAMIN SUEB, PADEMANGAN TIM, KEC. PADEMANGAN, JAKARTA UTARA
B10: KEPENTINGAN | I10: =+'TAHAP 1'!G9 -> : PAMERAN TEKNOLOGI INDUSTRI
B14: 1. PESERTA
B15: NO | C15: TANGGAL | G15: DEPT. / SECT. | I15: JABATAN | K15: NIK | M15: NAMA | P15: 1 | Q15: 2 | R15: 3 | S15: 4 | T15: 5
P16: YANG MENERIMA PERINTAH | Q16: SPV | R16: MGR | S16: FM / DFM | T16: PRESDIR
B19: 1 | C19: =+'TAHAP 1'!C13 -> 45630 | D19: s/d | F19: =+'TAHAP 1'!E13:F13 -> 45632 | G19: =+'TAHAP 1'!G13:H13 -> PE | I19: =+'TAHAP 1'!I13:J13 -> SPV | K19: =+'TAHAP 1'!K13:L13 -> 284 | M19: =+'TAHAP 1'!M13 -> PUDJI SRI SAPUTRI | P19: PSS | Q19: - | R19: ANG | S19: MIS / TMI | T19: KIW
B20: 2 | C20: =+'TAHAP 1'!C14 -> 45630 | D20: s/d | F20: =+'TAHAP 1'!E14:F14 -> 45632 | G20: =+'TAHAP 1'!G14:H14 -> QA | I20: =+'TAHAP 1'!I14:J14 -> SPV | K20: =+'TAHAP 1'!K14:L14 -> 12027 | M20: =+'TAHAP 1'!M14 -> AGIL ZHEGA PRASETYA | P20: AZP | Q20: - | R20: AMU
B21: 3 | C21: =+'TAHAP 1'!C15 -> 45630 | D21: s/d | F21: =+'TAHAP 1'!E15:F15 -> 45632 | G21: =+'TAHAP 1'!G15:H15 -> QA | I21: =+'TAHAP 1'!I15:J15 -> SPV | K21: =+'TAHAP 1'!K15:L15 -> 7094 | M21: =+'TAHAP 1'!M15 -> MUNHAMIR | P21: MUN | Q21: -
B22: 4 | C22: =+'TAHAP 1'!C16 -> 45630 | D22: s/d | F22: =+'TAHAP 1'!E16:F16 -> 45632 | G22: =+'TAHAP 1'!G16:H16 -> NYS | I22: =+'TAHAP 1'!I16:J16 -> SPV | K22: =+'TAHAP 1'!K16:L16 -> 13647 | M22: =+'TAHAP 1'!M16 -> ADITYA FAHRIZAL | P22: AFA | Q22: - | R22: PAN
B23: 5 | C23: =+'TAHAP 1'!C17 -> 45630 | D23: s/d | F23: =+'TAHAP 1'!E17:F17 -> 45632 | G23: =+'TAHAP 1'!G17:H17 -> PRD | I23: =+'TAHAP 1'!I17:J17 -> LL | K23: =+'TAHAP 1'!K17:L17 -> 5550 | M23: =+'TAHAP 1'!M17 -> SUPRIYANTO | P23: Supriyanto | Q23: SUS | R23: EAS
B28: 2. BIAYA PERJALANAN DINAS | L28: UPD | O28: TRANSPORTASI | S28: HOTEL
O29: BY : CAR | Q29: LOKAL TRANSPORT | S29: BW Kemayoran Hotel & Convention (Formerly Best Western Plus Kemayoran) Jl Benyamin Suaeb Blok A5, Kemayoran - Central Jakarta, Jakarta, 10630, Indonesia. CI/CO : 04 - 06 Dec (02 Malam) Superior Twin : IDR 613.000/room/night include breakfast
O30: INNOVA ZENIX 5 Seat | Q30: -
B34: NO | C34: NAMA | G34: NIK | H34: NO. REKENING | L34: PRICE | N34: PERIODE BUDGET | O34: ESTIMATED PRICE | P34: PERIODE BUDGET | Q34: ESTIMATED PRICE | R34: PERIODE BUDGET | S34: ESTIMATED PRICE | T34: PERIODE BUDGET
B35: 1 | C35: =+'TAHAP 1'!M13 -> PUDJI SRI SAPUTRI | G35: =+'TAHAP 1'!K13 -> 284 | L35: =+'TAHAP 2.2 (Rincian)'!H37 -> 285000 | N35: 45627 | O35: =+'TAHAP 2.2 (Rincian)'!Q71 -> 7925000 | P35: 45627 | Q35: 0 | R35: - | S35: =+'TAHAP 2.2 (Rincian)'!J84 -> 1226000 | T35: 45627
B36: 2 | C36: =+'TAHAP 1'!M14 -> AGIL ZHEGA PRASETYA | G36: =+'TAHAP 1'!K14 -> 12027 | L36: =+'TAHAP 2.2 (Rincian)'!H38 -> 285000 | S36: =+'TAHAP 2.2 (Rincian)'!J85 -> 1226000
B37: 3 | C37: =+'TAHAP 1'!M15 -> MUNHAMIR | G37: =+'TAHAP 1'!K15 -> 7094 | L37: =+'TAHAP 2.2 (Rincian)'!H39 -> 285000 | S37: =+'TAHAP 2.2 (Rincian)'!J86 -> 1226000
B38: 4 | C38: =+'TAHAP 1'!M16 -> ADITYA FAHRIZAL | G38: =+'TAHAP 1'!K16 -> 13647 | L38: =+'TAHAP 2.2 (Rincian)'!H40 -> 285000 | S38: =+'TAHAP 2.2 (Rincian)'!J87 -> 1226000
B39: 5 | C39: =+'TAHAP 1'!M17 -> SUPRIYANTO | G39: =+'TAHAP 1'!K17 -> 5550 | L39: =+'TAHAP 2.2 (Rincian)'!H41 -> 225000 | S39: =+'TAHAP 2.2 (Rincian)'!J88 -> 1226000
B40: SUB TOTAL | L40: =SUM(L35:M39) -> 1365000 | O40: =SUM(O35:O39) -> 7925000 | Q40: =SUM(Q35:Q39) -> 0 | S40: =SUM(S35:S39) -> 6130000
B41: TOTAL | L41: =SUM(L40:V40) -> 15420000
B43: NOTE : 1. Ket. Budget di isi bulan periode budget atau di tulis "additional" jika additional budget 2. Approval diproses oleh User 3. Approval pada form ini akan digunakan sebagai jaminan GA dalam melakukan proses issued ticket dan hotel sebelum user melakukan pembuatan PR (purchase requisition). 4. Pembuatan PR setelah proses issued bertujuan agar tidak terjadi selisih harga PR (purchase requisition) dengan actual. | T43: 6. MENGETAHUI MGR FA
T46: BRI
B55: PERLINDUNGAN HAK CIPTA! Dokumen ini adalah milik dan untuk dipergunakan di lingkungan kerja PT. SAMI . Tidak diperkenankan memindahkan, menyalin, atau menggandakan sebagian ataupun seluruhnya isi dokumen ini dalam bentuk dan dengan cara apapun, tanpa izin tertulis dari Wakil manajemen. | I55: Referensi Prosedur/WI/OS/IS/ : PGA-GA.PD.02 : Prosedur Perjalanan Dinas | M55: 4 | N55: Penggabungan approval perjalanan dinas | Q55: 45118 | R55: Renny
M56: 3 | N56: Update Tgl Masa Berlaku & Rev. No. Dok. | Q56: 44702 | R56: Renny
M57: 2 | N57: New Format | Q57: 44314 | R57: Renny | S57: 3 | T57: =+Q55 -> 45118 | W57: FYH
M58: 1 | N58: Add Actual UPD | Q58: 44147 | R58: Renny | S58: 2 | T58: 44702 | W58: WIN
M59: 0 | N59: New Release | Q59: 45113 | R59: LNA | S59: 1 | T59: 44314 | W59: FYH
M60: REV. | N60: ISI PERUBAHAN | Q60: TANGGAL | R60: PIC | S60: REVIEW | T60: TGL | W60: PIC

Sheet Sheet1
A1: BUDGET MMENGHADIRI PAMERAN INDUSTRI
A3: SEWA UNIT MOBIL LEPAS KUNCI | B3: 750000 | C3: 2 | D3: =B3*C3 -> 1500000
A4: BBM PERJALANAN DINAS | B4: 1100000 | C4: 2 | D4: =B4*C4 -> 2200000
A5: TOL DAN PARKIR PERJALANAN DINAS | B5: 1100000 | C5: 2 | D5: =B5*C5 -> 2200000
A6: UANG LUAR KOTA DRIVER PERJANAN DINAS | B6: 150000 | C6: 2 | D6: =B6*C6 -> 300000
A7: BIAYA INAP DRIVER PERJALANAN DINAS | B7: 200000 | C7: 1 | D7: =B7*C7 -> 200000
A8: OVERTIME DRIVER PERJALANAN DINAS | B8: 250000 | C8: 2 | D8: =B8*C8 -> 500000
D9: =SUM(D3:D8) -> 6900000
A11: HOTEL MEETING/BENCHMARK GOL IV(DALAM NEGERI) | B11: 1200000 | C11: 2 | D11: =B11*C11 -> 2400000
D15: =11690500-6900000 -> 4790500
