Workbook

Sheet TERM 82
B2: SUMMARY BIAYA OPERASIONAL MOBIL MANAGER LOKAL
B3: BULAN | E3: 44763 | J3: 44794 | N3: 44825 | R3: 44855 | W3: 44886 | AA3: 44916 | AF3: 44562 | AJ3: 44593 | AN3: 44621 | AS3: 44652 | AW3: 44682 | BA3: 44713
B4: NO | C4: NAMA | D4: KET. | E4: 27-3 JULI | F4: 4-10 JULI | G4: 11-17 JULI | H4: 18-24 JULI | I4: 24-31 JULI | J4: 1-7 AUG | K4: 8-14 AUG | L4: 15-21 AUG | M4: 22-28 AUG | N4: 29-4 SEPT | O4: 5-11 SEPT | P4: 12-18 SEPT | Q4: 19-25 SEPT | R4: 26-2 OCT | S4: 3-9 OCT | T4: 10-16 OCT | U4: 17-23 OCT | V4: 24-30 OCT | W4: 31-6 NOV | X4: 7-13 NOV | Y4: 14-20 NOV | Z4: 21-27 NOV | AA4: 28-4 DES | AB4: 5-11 DES | AC4: 12-18 DES | AD4: 19-25 DES
B5: 1 | C5: BAGUS KUSUMA PUTRA | D5: BBM | E5: 300000 | G5: 300000 | H5: 300000 | J5: 300000 | L5: 300000 | M5: 300000 | N5: 300000 | P5: 300000 | Q5: 300000 | R5: 300000 | T5: 300000 | U5: 300000 | W5: 300000 | X5: 300000 | Y5: 300000 | Z5: 300000 | AA5: 300000 | AB5: 300000
D6: TOL
D7: ODOMETER | E7: 55319 | G7: 56325 | H7: 56734 | J7: 90 | L7: 1278 | M7: 1678 | N7: 2416 | P7: 2825 | Q7: 3146 | R7: 3460 | T7: 4257 | U7: 4653 | W7: 5037 | X7: 5337 | Y7: 5660 | Z7: 6014 | AA7: 6352 | AB7: 6659
D8: ACTUAL KM/WEEK | E8: =E7-'TERM 81'!BB7 -> 1469 | G8: =G7-E7 -> 1006 | H8: =H7-G7 -> 409 | J8: 0 | L8: =L7-J7 -> 1188 | M8: =M7-L7 -> 400 | N8: =N7-M7 -> 738 | P8: =P7-N7 -> 409 | Q8: =Q7-P7 -> 321 | R8: =R7-Q7 -> 314 | T8: =T7-R7 -> 797 | U8: =U7-T7 -> 396 | W8: =W7-U7 -> 384 | X8: =X7-W7 -> 300 | Y8: =Y7-X7 -> 323 | Z8: =Z7-Y7 -> 354 | AA8: =AA7-Z7 -> 338 | AB8: =AB7-AA7 -> 307

Sheet TERM 81
B2: SUMMARY BIAYA OPERASIONAL MOBIL MANAGER LOKAL
B3: BULAN | E3: 44398 | J3: 44429 | N3: 44460 | R3: 44490 | W3: 44521 | AA3: 44551 | AF3: 44562 | AJ3: 44593 | AN3: 44621 | AS3: 44652 | AW3: 44682 | BA3: 44713
B4: NO | C4: NAMA | D4: KET. | E4: 1-4 | F4: 5-11 | G4: 12-18 | H4: 19-25 | I4: 26-31 | J4: 2-8 | K4: 9-15 | L4: 16-22 | M4: 23-29 | N4: 30-5 SEPT | O4: 6-12 SEPT | P4: 13-19 SEPT | Q4: 20-26 SEPT | R4: 27-3 OKT | S4: 4-10 OKT | T4: 11-17 OKT | U4: 18-24 OKT | V4: 25-30 OKT | W4: 1-7 NOV | X4: 8-14 NOV | Y4: 15-21 NOV | Z4: 22-28 NOV | AA4: 29-5 DES | AB4: 6-12 DES | AC4: 13-19 DES | AD4: 20-26 DES | AE4: 27 DES-2 JAN | AF4: 3-9 JAN | AG4: 10-16 JAN | AH4: 17-23 JAN | AI4: 24-30 JAN | AJ4: 31-6 FEB | AK4: 7-13 FEB | AL4: 14-20 FEB | AM4: 21-27 FEB | AN4: 27-6 MAR | AO4: 7-13 MAR | AP4: 14-20 MAR | AQ4: 21-27 MAR | AR4: 28-3 APR | AS4: 4-10 APR | AT4: 11-17 APR | AU4: 18-24 APR | AV4: 25-1 MEI | AW4: 2-8 MEI | AX4: 9-15 MEI | AY4: 16-22 MEI | AZ4: 23-29 MEI | BA4: 30-5 JUNI | BB4: 6-12 JUNI | BC4: 13-19 JUNI | BD4: 20-26 JUNI
B5: 1 | C5: BAGUS KUSUMA PUTRA | D5: BBM | E5: 300000 | H5: 300000 | J5: 300000 | K5: 300000 | M5: 300000 | N5: 300000 | O5: 300000 | Q5: 300000 | S5: 300000 | T5: 300000 | U5: 300000 | V5: 300000 | W5: 300000 | X5: 300000 | Y5: 300000 | Z5: 300000 | AB5: 300000 | AD5: 300000 | AE5: 300000 | AF5: 300000 | AH5: 300000 | AI5: 300000 | AJ5: 300000 | AL5: 300000 | AM5: 300000 | AQ5: 300000 | AR5: 300000 | AU5: 300000 | AV5: 300000 | AX5: 300000 | AY5: 300000 | BA5: 300000 | BB5: 300000
D6: TOL
D7: ODOMETER | E7: 38930 | H7: 39287 | J7: 39651 | K7: 40139 | M7: 40447 | N7: 40844 | O7: 41226 | Q7: 42012 | S7: 42375 | T7: 42772 | U7: 43474 | V7: 43870 | W7: 44247 | X7: 44637 | Y7: 45069 | Z7: 45488 | AB7: 45888 | AD7: 46306 | AE7: 46789 | AF7: 47140 | AH7: 47561 | AI7: 47941 | AJ7: 48558 | AL7: 48968 | AM7: 49383 | AQ7: 49996 | AR7: 50499 | AU7: 50880 | AV7: 51285 | AX7: 52307 | AY7: 52932 | BA7: 53464 | BB7: 53850
D8: ACTUAL KM/WEEK | H8: =+H7-E7 -> 357 | J8: =+J7-H7 -> 364 | K8: =+K7-J7 -> 488 | M8: =M7-K7 -> 308 | N8: =+N7-M7 -> 397 | O8: =+O7-N7 -> 382 | Q8: =Q7-O7 -> 786 | S8: =+S7-Q7 -> 363 | T8: =+T7-S7 -> 397 | U8: =+U7-T7 -> 702 | V8: =+V7-U7 -> 396 | W8: =+W7-V7 -> 377 | X8: =+X7-W7 -> 390 | Y8: =Y7-X7 -> 432 | Z8: =Z7-Y7 -> 419 | AB8: =AB7-Z7 -> 400 | AD8: =AD7-AB7 -> 418 | AE8: =AE7-AD7 -> 483 | AF8: =AF7-AE7 -> 351 | AH8: =AH7-AF7 -> 421 | AI8: =AI7-AH7 -> 380 | AJ8: =AJ7-AI7 -> 617 | AL8: =AL7-AJ7 -> 410 | AM8: =AM7-AL7 -> 415 | AQ8: =AQ7-AM7 -> 613 | AR8: =AR7-AQ7 -> 503 | AU8: =AU7-AR7 -> 381 | AV8: =AV7-AU7 -> 405 | AX8: =AX7-AV7 -> 1022 | AY8: =AY7-AX7 -> 625 | BA8: =BA7-AY7 -> 532 | BB8: =BB7-BA7 -> 386

Sheet 2021
B2: SUMMARY BIAYA OPERASIONAL MOBIL MANAGER LOKAL
B3: BULAN | E3: 44217 | I3: 44307 | M3: 44337 | Q3: 44368 | W3: RATA - RATA
B4: NO | C4: NAMA | D4: KET. | E4: 1-9 JAN | F4: 10-17 JAN | G4: 18-24 JAN | H4: 25-30 JAN | I4: 5-11 APR | J4: 12-18 APR | K4: 19-25 APR | L4: 26-30 APR | M4: 1-7 MAR | N4: 8-14 MAR | O4: 15-21 MAR | P4: 22-28 MAR | Q4: 1-4 APR | R4: 5-11 APR | S4: 12-18 APR | T4: 19-25 APR | U4: 26-30 APR | W4: Desember | X4: Januari | Y4: Februari | Z4: @3 bulan
B5: 1 | C5: BAGUS KUSUMA PUTRA | D5: BBM | E5: 300000 | F5: 300000 | H5: 300000 | I5: 300000 | J5: 300000 | L5: 300000 | N5: 300000 | O5: 300000 | W5: =+AVERAGE(#REF!) -> #REF! | Z5: =+AVERAGE(#REF!) -> #REF!
D6: TOL
D7: ODOMETER | E7: 31961 | F7: 32335 | H7: 32713 | I7: 36894 | J7: 37312 | L7: 37672 | N7: 38043 | O7: 38444
D8: ACTUAL KM/WEEK | E8: =31961-31577 -> 384 | F8: =F7-E7 -> 374 | H8: =+H7-F7 -> 378 | I8: 740 | J8: 418 | L8: 360 | N8: =+N7-L7 -> 371 | O8: =+O7-N7 -> 401

Sheet OKT
B2: SUMMARY BIAYA OPERASIONAL MOBIL MANAGER LOKAL
B3: BULAN | E3: 44105 | H3: 44136 | L3: 44166 | Q3: RATA - RATA
B4: NO | C4: NAMA | D4: KET. | E4: 12-18 OKT | F4: 19-25 OKT | G4: 26-31 OKT | H4: 1-8 nov | I4: 9-15 nov | J4: 16-22 nov | K4: 23-30 nov | L4: 1-6 DES | M4: 7-13 DES | N4: 14-20 DES | O4: 21-27 DES | Q4: Desember | R4: Januari | S4: Februari | T4: @3 bulan
B5: 1 | C5: BAGUS KUSUMA PUTRA | D5: BBM | E5: 289323 | G5: 300000 | H5: 300000 | J5: 300000 | K5: 300000 | M5: 300000 | O5: 300000 | Q5: =+AVERAGE(#REF!) -> #REF! | T5: =+AVERAGE(#REF!) -> #REF!
D6: TOL
D7: ODOMETER | E7: 28739 | G7: 29176 | H7: 30006 | J7: 30398 | K7: 30791 | M7: 31163 | O7: 31577
D8: ACTUAL KM/WEEK | G8: =+G7-E7 -> 437 | H8: =+H7-G7 -> 830 | J8: =+J7-H7 -> 392 | K8: =+K7-J7 -> 393 | M8: =+M7-K7 -> 372 | O8: =+O7-M7 -> 414

Sheet JUL-
B2: SUMMARY BIAYA OPERASIONAL MOBIL MANAGER LOKAL
B3: BULAN | E3: 43739 | I3: 43770 | M3: 43800 | R3: 43831 | V3: 43862 | AA3: 43891 | AE3: 43922 | AI3: 43952 | AM3: 43983 | AQ3: 44013 | AU3: 44044 | AY3: 44075 | BD3: RATA - RATA
B4: NO | C4: NAMA | D4: KET. | E4: 1-6 Oct | F4: 7-13 Oct | G4: 14-20 Oct | H4: 21-27 Oct | I4: 28 Oct- 3 Nov | J4: 4-10 Nov | K4: 11-17 Nov | L4: 18-24 Nov | M4: 25 Nov-01 Dec | N4: 2-8 Dec | O4: 9-15 Dec | P4: 16-22 Dec | Q4: 23-29 Dec | R4: 1-5 Jan | S4: 6-12 Jan | T4: 13-19 Jan | U4: 20-26 Jan | V4: 27 Jan-2 Feb | W4: 3-9 Feb | X4: 10-16 Feb | Y4: 17-23 Feb | Z4: 24-29 Feb | AA4: 1-8 Mar | AB4: 9-15 Mar | AC4: 16-22 Mar | AD4: 23-29 Mar | AE4: 1-5 Apr | AF4: 6-12 Apr | AG4: 13-19 Apr | AH4: 20-26 Apr | AI4: 27 Apr-3 May | AJ4: 4-10 May | AK4: 11-17 May | AL4: 18-24 May | AM4: 1-7 Jun | AN4: 8-14 Jun | AO4: 15-21 Jun | AP4: 22-28 Jun | AQ4: 1-5 Jul | AR4: 6-12 Jul | AS4: 13-19 Jul | AT4: 20-26 Jul | AU4: 27 Jul-2 Aug | AV4: 3-9 Aug | AW4: 10-16 Aug | AX4: 24-30 Aug | AY4: 31 Aug-6 Sep | AZ4: 7-13 Sep | BA4: 14-20 Sep | BB4: 21-27 Sep | BD4: Desember | BE4: Januari | BF4: Februari | BG4: @3 bulan
B5: 1 | C5: BAGUS KUSUMA PUTRA | D5: BBM | E5: 280000 | G5: 310000 | H5: 300000 | J5: 335000 | L5: 320000 | M5: 300000 | O5: 320000 | P5: 273000 | R5: 319311 | S5: 320000 | T5: 317300 | U5: 288030 | V5: 0 | W5: 320000 | X5: 319158 | Y5: 316779 | Z5: 320229 | AA5: 300000 | AC5: 313451 | AE5: 316794 | AG5: 321361 | AI5: 276234 | AJ5: 280000 | AL5: 284500 | AM5: 295800 | AN5: 250000 | AP5: 300000 | AR5: 246101 | AS5: 288176 | AU5: 344939 | AV5: 312120 | AW5: 250000 | AX5: 147722 | AY5: 250000 | AZ5: 267674 | BA5: 250000 | BD5: =+AVERAGE(M5:Q5) -> 297666.67 | BG5: =+AVERAGE(M5:Y5) -> 281234.36
D6: TOL
D7: ODOMETER | E7: 79598 | G7: 80143 | H7: 80472 | J7: 80867 | L7: 81374 | M7: 81869 | O7: 82200 | P7: 82565 | R7: 83353 | S7: 83741 | T7: 84193 | U7: 84622 | W7: 84999 | X7: 85378 | Y7: 85758 | Z7: 86137 | AA7: 86543 | AC7: 86881 | AE7: 87240 | AG7: 87569 | AI7: 87911 | AJ7: 88208 | AL7: 88513 | AM7: 88870 | AP7: 89538 | AR7: 89835 | AS7: 90272 | AU7: 90687 | AV7: 25634 | AW7: 26028 | AX7: 26188 | AY7: 27029 | AZ7: 27335 | BA7: 27631
D8: ACTUAL KM/WEEK | E8: =E7-'JUL-SEPT'!Q7 -> 328 | G8: =+G7-E7 -> 545 | H8: =+H7-G7 -> 329 | J8: =+J7-H7 -> 395 | L8: =+L7-J7 -> 507 | M8: =+M7-L7 -> 495 | O8: =+O7-M7 -> 331 | P8: =+P7-O7 -> 365 | R8: =R7-P7 -> 788 | S8: =S7-R7 -> 388 | T8: =+T7-S7 -> 452 | U8: =+U7-T7 -> 429 | W8: =+W7-U7 -> 377 | X8: =X7-W7 -> 379 | Y8: =Y7-X7 -> 380 | Z8: =Z7-Y7 -> 379 | AA8: =AA7-Z7 -> 406 | AC8: =AC7-AA7 -> 338 | AE8: =AE7-AC7 -> 359 | AG8: =AG7-AE7 -> 329 | AI8: =AI7-AG7 -> 342 | AJ8: =AJ7-AI7 -> 297 | AL8: =+AL7-AJ7 -> 305 | AM8: =+AM7-AL7 -> 357 | AP8: =+AP7-AM7 -> 668 | AR8: =AR7-AP7 -> 297 | AS8: =+AS7-AR7 -> 437 | AU8: =+AU7-AS7 -> 415 | AW8: =+AW7-AV7 -> 394 | AX8: =+AX7-AW7 -> 160 | AY8: =+AY7-AX7 -> 841 | AZ8: =+AZ7-AY7 -> 306 | BA8: =+BA7-AZ7 -> 296

Sheet APR-JUN 2020
B2: SUMMARY BIAYA OPERASIONAL MOBIL MANAGER LOKAL
B3: BULAN | E3: 43739 | I3: 43770 | M3: 43800 | R3: 43831 | V3: 43862 | AA3: 43891 | AE3: 43922 | AI3: 43952 | AM3: 43983 | AR3: RATA - RATA
B4: NO | C4: NAMA | D4: KET. | E4: 1-6 Oct | F4: 7-13 Oct | G4: 14-20 Oct | H4: 21-27 Oct | I4: 28 Oct- 3 Nov | J4: 4-10 Nov | K4: 11-17 Nov | L4: 18-24 Nov | M4: 25 Nov-01 Dec | N4: 2-8 Dec | O4: 9-15 Dec | P4: 16-22 Dec | Q4: 23-29 Dec | R4: 1-5 Jan | S4: 6-12 Jan | T4: 13-19 Jan | U4: 20-26 Jan | V4: 27 Jan-2 Feb | W4: 3-9 Feb | X4: 10-16 Feb | Y4: 17-23 Feb | Z4: 24-29 Feb | AA4: 1-8 Mar | AB4: 9-15 Mar | AC4: 16-22 Mar | AD4: 23-29 Mar | AE4: 1-5 Apr | AF4: 6-12 Apr | AG4: 13-19 Apr | AH4: 20-26 Apr | AI4: 27 Apr-3 May | AJ4: 4-10 May | AK4: 11-17 May | AL4: 18-24 May | AM4: 1-7 Jun | AN4: 8-14 Jun | AO4: 15-21 Jun | AP4: 22-28 Jun | AR4: Desember | AS4: Januari | AT4: Februari | AU4: @3 bulan
B5: 1 | C5: BAGUS KUSUMA PUTRA | D5: BBM | E5: 280000 | G5: 310000 | H5: 300000 | J5: 335000 | L5: 320000 | M5: 300000 | O5: 320000 | P5: 273000 | R5: 319311 | S5: 320000 | T5: 317300 | U5: 288030 | V5: 0 | W5: 320000 | X5: 319158 | Y5: 316779 | Z5: 320229 | AA5: 300000 | AC5: 313451 | AE5: 316794 | AG5: 321361 | AI5: 276234 | AJ5: 280000 | AL5: 284500 | AM5: 295800 | AN5: 250000 | AP5: 300000 | AR5: =+AVERAGE(M5:Q5) -> 297666.67 | AU5: =+AVERAGE(M5:Y5) -> 281234.36
D6: TOL
D7: ODOMETER | E7: 79598 | G7: 80143 | H7: 80472 | J7: 80867 | L7: 81374 | M7: 81869 | O7: 82200 | P7: 82565 | R7: 83353 | S7: 83741 | T7: 84193 | U7: 84622 | W7: 84999 | X7: 85378 | Y7: 85758 | Z7: 86137 | AA7: 86543 | AC7: 86881 | AE7: 87240 | AG7: 87569 | AI7: 87911 | AJ7: 88208 | AL7: 88513 | AM7: 88870 | AP7: 89538
D8: ACTUAL KM/WEEK | E8: =E7-'JUL-SEPT'!Q7 -> 328 | G8: =+G7-E7 -> 545 | H8: =+H7-G7 -> 329 | J8: =+J7-H7 -> 395 | L8: =+L7-J7 -> 507 | M8: =+M7-L7 -> 495 | O8: =+O7-M7 -> 331 | P8: =+P7-O7 -> 365 | R8: =R7-P7 -> 788 | S8: =S7-R7 -> 388 | T8: =+T7-S7 -> 452 | U8: =+U7-T7 -> 429 | W8: =+W7-U7 -> 377 | X8: =X7-W7 -> 379 | Y8: =Y7-X7 -> 380 | Z8: =Z7-Y7 -> 379 | AA8: =AA7-Z7 -> 406 | AC8: =AC7-AA7 -> 338 | AE8: =AE7-AC7 -> 359 | AG8: =AG7-AE7 -> 329 | AI8: =AI7-AG7 -> 342 | AJ8: =AJ7-AI7 -> 297 | AL8: =+AL7-AJ7 -> 305 | AM8: =+AM7-AL7 -> 357 | AP8: =+AP7-AM7 -> 668

Sheet JAN-MAR 2020
B2: SUMMARY BIAYA OPERASIONAL MOBIL MANAGER LOKAL
B3: BULAN | E3: 43739 | I3: 43770 | M3: 43800 | R3: 43831 | V3: 43862 | AA3: 43891 | AF3: RATA - RATA
B4: NO | C4: NAMA | D4: KET. | E4: 1-6 Oct | F4: 7-13 Oct | G4: 14-20 Oct | H4: 21-27 Oct | I4: 28 Oct- 3 Nov | J4: 4-10 Nov | K4: 11-17 Nov | L4: 18-24 Nov | M4: 25 Nov-01 Dec | N4: 2-8 Dec | O4: 9-15 Dec | P4: 16-22 Dec | Q4: 23-29 Dec | R4: 1-5 Jan | S4: 6-12 Jan | T4: 13-19 Jan | U4: 20-26 Jan | V4: 27 Jan-2 Feb | W4: 3-9 Feb | X4: 10-16 Feb | Y4: 17-23 Feb | Z4: 24-29 Feb | AA4: 1-8 Mar | AB4: 9-15 Mar | AC4: 16-22 Mar | AD4: 23-29 Mar | AF4: Desember | AG4: Januari | AH4: Februari | AI4: @3 bulan
B5: 1 | C5: BAGUS KUSUMA PUTRA | D5: BBM | E5: 280000 | G5: 310000 | H5: 300000 | J5: 335000 | L5: 320000 | M5: 300000 | O5: 320000 | P5: 273000 | R5: 319311 | S5: 320000 | T5: 317300 | U5: 288030 | V5: 0 | W5: 320000 | X5: 319158 | Y5: 316779 | Z5: 320229 | AA5: 300000 | AC5: 313451 | AF5: =+AVERAGE(M5:Q5) -> 297666.67 | AI5: =+AVERAGE(M5:Y5) -> 281234.36
D6: TOL
D7: ODOMETER | E7: 79598 | G7: 80143 | H7: 80472 | J7: 80867 | L7: 81374 | M7: 81869 | O7: 82200 | P7: 82565 | R7: 83353 | S7: 83741 | T7: 84193 | U7: 84622 | W7: 84999 | X7: 85378 | Y7: 85758 | Z7: 86137 | AA7: 86543 | AC7: 86881
D8: ACTUAL KM/WEEK | E8: =E7-'JUL-SEPT'!Q7 -> 328 | G8: =+G7-E7 -> 545 | H8: =+H7-G7 -> 329 | J8: =+J7-H7 -> 395 | L8: =+L7-J7 -> 507 | M8: =+M7-L7 -> 495 | O8: =+O7-M7 -> 331 | P8: =+P7-O7 -> 365 | R8: =R7-P7 -> 788 | S8: =S7-R7 -> 388 | T8: =+T7-S7 -> 452 | U8: =+U7-T7 -> 429 | W8: =+W7-U7 -> 377 | X8: =X7-W7 -> 379 | Y8: =Y7-X7 -> 380 | Z8: =Z7-Y7 -> 379 | AA8: =AA7-Z7 -> 406 | AC8: =AC7-AA7 -> 338

Sheet OKT-DES
B2: SUMMARY BIAYA OPERASIONAL MOBIL MANAGER LOKAL
B3: BULAN | E3: 43739 | I3: 43770 | M3: 43800 | S3: RATA - RATA
B4: NO | C4: NAMA | D4: KET. | E4: 1-6 Oct | F4: 7-13 Oct | G4: 14-20 Oct | H4: 21-27 Oct | I4: 28 Oct- 3 Nov | J4: 4-10 Nov | K4: 11-17 Nov | L4: 18-24 Nov | M4: 25 Nov-01 Dec | N4: 2-8 Dec | O4: 9-15 Dec | P4: 16-22 Dec | Q4: 23-29 Dec | S4: Oktober | T4: November | U4: Desember | V4: @3 bulan
B5: 1 | C5: BAGUS KUSUMA PUTRA | D5: BBM | E5: 280000 | G5: 310000 | H5: 300000 | J5: 335000 | L5: 320000 | M5: 300000 | O5: 320000 | P5: 273000 | S5: =+AVERAGE(E5:H5) -> 296666.67 | T5: =+AVERAGE(I5:M5) -> 318333.33 | U5: =+AVERAGE(N5:Q5) -> 296500 | V5: =+AVERAGE(E5:Q5) -> 304750
D6: TOL
D7: ODOMETER | E7: 79598 | G7: 80143 | H7: 80472 | J7: 80867 | L7: 81374 | M7: 81869 | O7: 82200 | P7: 82565
D8: ACTUAL KM/WEEK | E8: =E7-'JUL-SEPT'!Q7 -> 328 | G8: =+G7-E7 -> 545 | H8: =+H7-G7 -> 329 | J8: =+J7-H7 -> 395 | L8: =+L7-J7 -> 507 | M8: =+M7-L7 -> 495 | O8: =+O7-M7 -> 331 | P8: =+P7-O7 -> 365

Sheet JUL-SEPT
B2: SUMMARY BIAYA OPERASIONAL MOBIL MANAGER LOKAL
B3: BULAN | E3: 43647 | I3: 43678 | N3: 43709 | S3: RATA - RATA
B4: NO | C4: NAMA | D4: KET. | E4: 1-7 Juli | F4: 8-14 Juli | G4: 15-21 Juli | H4: 22-28 | I4: 29 Jul-4 Aug | J4: 5-11 aug | K4: 12-18 aug | L4: 19-25 aug | M4: 26-31 aug | N4: 1-8 | O4: 9-15 | P4: 16-22 | Q4: 23-29 | S4: Juli | T4: Agustus | U4: September | V4: @3 bulan
B5: 1 | C5: BAGUS KUSUMA PUTRA | D5: BBM | E5: 332300 | F5: 0 | G5: 280000 | H5: 325263 | I5: 230000 | J5: 240000 | K5: 285498 | L5: 270000 | N5: 289900 | O5: 300000 | Q5: 300000 | S5: =+AVERAGE(E5:H5) -> 234390.75 | T5: =+AVERAGE(I5:M5) -> 256374.5 | U5: =+AVERAGE(N5:Q5) -> 296633.33 | V5: =+AVERAGE(E5:Q5) -> 259360.09
D6: TOL
D7: ODOMETER | E7: 76077 | G7: 76436 | H7: 76811 | I7: 77181 | J7: 77570 | K7: 77927 | L7: 78228 | N7: 78569 | O7: 78957 | Q7: 79270
D8: ACTUAL KM/WEEK | E8: =+E7-C7 -> 76077 | G8: =+G7-E7 -> 359 | H8: =+H7-G7 -> 375 | I8: =+I7-H7 -> 370 | J8: =+J7-I7 -> 389 | K8: =+K7-J7 -> 357 | L8: =+L7-K7 -> 301 | N8: =+N7-L7 -> 341 | O8: =+O7-N7 -> 388 | Q8: =+Q7-O7 -> 313

Sheet APR-JUN
B2: SUMMARY BIAYA OPERASIONAL MOBIL MANAGER LOKAL
B3: BULAN | E3: 43556 | J3: MEI 2019 | N3: JUNI 2019 | Q3: JULI 2019 | V3: RATA - RATA
B4: NO | C4: NAMA | D4: KET. | E4: 1-7 Apr | F4: 8-14 Apr | G4: 15-21 Apr | H4: 22-28 Apr | I4: 29 Apr - 5 Mei | J4: 6-12 Mei | K4: 13-19 Mei | L4: 20-26 Mei | M4: 27 Mei - 2 Juni | N4: 10-16 Juni | O4: 17-23 Juni | P4: 24-30 Juni | Q4: 1-7 Juli | R4: 8-14 Juli | S4: 15-21 Juli | T4: 22-28 | V4: April | W4: Mei | X4: Juni | Y4: @3 bulan
B5: 1 | C5: BAGUS KUSUMA PUTRA | D5: BBM | E5: 280000 | F5: 245030 | G5: 120000 | H5: 288900 | I5: 240000 | J5: 280000 | K5: 266700 | L5: 0 | M5: 338834 | N5: 230000 | O5: 175000 | P5: 0 | Q5: 332300 | R5: 0 | S5: 280000 | T5: 325263 | V5: =+AVERAGE(E5:I5) -> 234786 | W5: =+AVERAGE(J5:M5) -> 221383.5 | X5: =+AVERAGE(N5:P5) -> 135000 | Y5: =+AVERAGE(E5:P5) -> 205372
D6: TOL
D7: ODOMETER | F7: 72168 | G7: 72663 | H7: 72947 | I7: 73533 | J7: 73807 | K7: 74078 | M7: 74509 | N7: 75391 | O7: 75600 | Q7: 76077 | S7: 76436 | T7: 76811
D8: ACTUAL KM/WEEK | G8: =G7-F7 -> 495 | H8: =+H7-G7 -> 284 | I8: =+I7-H7 -> 586 | J8: =+J7-I7 -> 274 | K8: =+K7-J7 -> 271 | M8: =+M7-K7 -> 431 | N8: =+N7-M7 -> 882 | O8: =+O7-N7 -> 209 | Q8: =+Q7-O7 -> 477 | S8: =+S7-Q7 -> 359 | T8: =+T7-S7 -> 375

Sheet jan-mar
B2: SUMMARY BIAYA OPERASIONAL MOBIL MANAGER LOKAL
B3: BULAN | E3: JANUARI 2019 | J3: FEBRUARI 2019 | N3: MARET 2019 | S3: RATA - RATA
B4: NO | C4: NAMA | D4: KET. | E4: 1 - 6 Jan | F4: 7 - 13 Jan | G4: 14 - 20 Jan | H4: 21 - 27 Jan | I4: 28 Jan - 3 Feb | J4: 4 - 10 Feb | K4: 11 - 17 Feb | L4: 18 - 24 Feb | M4: 25 Feb - 3 Mar | N4: 4 - 10 Mar | O4: 11 -17 Mar | P4: 18 - 24 Mar | Q4: 25-31 Mar | S4: Januari | T4: Februari | U4: Maret | V4: @3 bulan
B5: 1 | C5: MANSUR ISNAENI | D5: BBM | E5: =+[1]JANUARI!E28 -> 373854 | F5: =+[1]JANUARI!E123 -> 582278 | G5: =+[1]JANUARI!E218 -> 400000 | H5: =+[1]JANUARI!E319 -> 548400 | I5: =+[1]JANUARI!E414 -> 300000 | J5: =+[1]FEBRUARI!E28 -> 300000 | K5: =+[1]FEBRUARI!E123 -> 467521 | L5: =+[1]FEBRUARI!E217 -> 400000 | M5: =+[1]FEBRUARI!E313 -> 500000 | N5: =+[1]MARET!E28 -> 193622 | O5: =+[1]MARET!E124 -> 500000 | P5: 298059 | Q5: 0 | S5: =+AVERAGE(E5:I5) -> 440906.4 | T5: =+AVERAGE(J5:M5) -> 416880.25 | U5: =+AVERAGE(N5:Q5) -> 247920.25 | V5: =+AVERAGE(E5:Q5) -> 374133.38
D6: TOL | E6: =+[1]JANUARI!E29 -> 0 | F6: =+[1]JANUARI!E124 -> 10000 | G6: =+[1]JANUARI!E219 -> 0 | H6: =+[1]JANUARI!E320 -> 10000 | I6: =+[1]JANUARI!E415 -> 0 | J6: =+[1]FEBRUARI!E29 -> 0 | K6: =+[1]FEBRUARI!E124 -> 0 | L6: =+[1]FEBRUARI!E218 -> 0 | M6: =+[1]FEBRUARI!E314 -> 0 | N6: =+[1]MARET!E29 -> 0 | O6: =+[1]MARET!E125 -> 0 | P6: 0 | Q6: =+[1]MARET!E219 -> 0 | S6: =+AVERAGE(E6:I6) -> 4000 | T6: =+AVERAGE(J6:M6) -> 0 | U6: =+AVERAGE(N6:Q6) -> 0 | V6: =+AVERAGE(E6:Q6) -> 1538.4615
D7: PARKIR | E7: =+[1]JANUARI!E30 -> 0 | F7: =+[1]JANUARI!E125 -> 0 | G7: =+[1]JANUARI!E220 -> 3000 | H7: =+[1]JANUARI!E321 -> 45000 | I7: =+[1]JANUARI!E416 -> 0 | J7: =+[1]FEBRUARI!E30 -> 0 | K7: =+[1]FEBRUARI!E125 -> 0 | L7: =+[1]FEBRUARI!E219 -> 0 | M7: =+[1]FEBRUARI!E315 -> 0 | N7: =+[1]MARET!E30 -> 0 | O7: =+[1]MARET!E126 -> 0 | P7: 0 | Q7: =+[1]MARET!E220 -> 0 | S7: =+AVERAGE(E7:I7) -> 9600 | T7: =+AVERAGE(J7:M7) -> 0 | U7: =+AVERAGE(N7:Q7) -> 0 | V7: =+AVERAGE(E7:Q7) -> 3692.3077
B8: 2 | C8: BAMBANG RIANTO | D8: BBM | E8: =+[1]JANUARI!S28 -> 333294 | F8: =+[1]JANUARI!S123 -> 170000 | G8: =+[1]JANUARI!S218 -> 250000 | H8: =+[1]JANUARI!S319 -> 250000 | I8: =+[1]JANUARI!S414 -> 288329 | J8: =+[1]FEBRUARI!S28 -> 0 | K8: =+[1]FEBRUARI!S123 -> 400000 | L8: =+[1]FEBRUARI!S217 -> 200000 | M8: =+[1]FEBRUARI!S313 -> 400000 | N8: =+[1]MARET!S28 -> 200000 | O8: =+[1]MARET!S124 -> 150000 | P8: 400000 | Q8: 0 | S8: =+AVERAGE(E8:I8) -> 258324.6 | T8: =+AVERAGE(J8:M8) -> 250000 | U8: =+AVERAGE(N8:Q8) -> 187500 | V8: =+AVERAGE(E8:Q8) -> 233971
D9: TOL | E9: =+[1]JANUARI!S29 -> 0 | F9: =+[1]JANUARI!S124 -> 0 | G9: =+[1]JANUARI!S219 -> 0 | H9: =+[1]JANUARI!S320 -> 0 | I9: =+[1]JANUARI!S415 -> 0 | J9: =+[1]FEBRUARI!S29 -> 0 | K9: =+[1]FEBRUARI!S124 -> 0 | L9: =+[1]FEBRUARI!S218 -> 0 | M9: =+[1]FEBRUARI!S314 -> 0 | N9: =+[1]MARET!S29 -> 0 | O9: =+[1]MARET!S125 -> 0 | P9: 0 | Q9: =+[1]MARET!S219 -> 0 | S9: =+AVERAGE(E9:I9) -> 0 | T9: =+AVERAGE(J9:M9) -> 0 | U9: =+AVERAGE(N9:Q9) -> 0 | V9: =+AVERAGE(E9:Q9) -> 0
D10: PARKIR | E10: =+[1]JANUARI!S30 -> 0 | F10: =+[1]JANUARI!S125 -> 0 | G10: =+[1]JANUARI!S220 -> 0 | H10: =+[1]JANUARI!S321 -> 10000 | I10: =+[1]JANUARI!S416 -> 0 | J10: =+[1]FEBRUARI!S30 -> 0 | K10: =+[1]FEBRUARI!S125 -> 0 | L10: =+[1]FEBRUARI!S219 -> 0 | M10: =+[1]FEBRUARI!S315 -> 0 | N10: =+[1]MARET!S30 -> 0 | O10: =+[1]MARET!S126 -> 0 | P10: 0 | Q10: =+[1]MARET!S220 -> 0 | S10: =+AVERAGE(E10:I10) -> 2000 | T10: =+AVERAGE(J10:M10) -> 0 | U10: =+AVERAGE(N10:Q10) -> 0 | V10: =+AVERAGE(E10:Q10) -> 769.23077
B11: 3 | C11: YOEN YOEDONO SOEBROTO | D11: BBM | E11: =+[1]JANUARI!E58 -> 250000 | F11: =+[1]JANUARI!E153 -> 250000 | G11: =+[1]JANUARI!E254 -> 450000 | H11: =+[1]JANUARI!E349 -> 0 | I11: =+[1]JANUARI!E444 -> 0 | J11: =+[1]FEBRUARI!E58 -> 450000 | K11: =+[1]FEBRUARI!E153 -> 50000 | L11: =+[1]FEBRUARI!E247 -> 250000 | M11: =+[1]FEBRUARI!E343 -> 283586 | N11: =+[1]MARET!E59 -> 100000 | O11: =+[1]MARET!E154 -> 200000 | P11: 250000 | Q11: 0 | S11: =+AVERAGE(E11:I11) -> 190000 | T11: =+AVERAGE(J11:M11) -> 258396.5 | U11: =+AVERAGE(N11:Q11) -> 137500 | V11: =+AVERAGE(E11:Q11) -> 194891.23
D12: TOL | E12: =+[1]JANUARI!E59 -> 10000 | F12: =+[1]JANUARI!E154 -> 45000 | G12: =+[1]JANUARI!E255 -> 50000 | H12: =+[1]JANUARI!E350 -> 0 | I12: =+[1]JANUARI!E445 -> 0 | J12: =+[1]FEBRUARI!E59 -> 45000 | K12: =+[1]FEBRUARI!E154 -> 30000 | L12: =+[1]FEBRUARI!E248 -> 5000 | M12: =+[1]FEBRUARI!E344 -> 45000 | N12: =+[1]MARET!E60 -> 179500 | O12: =+[1]MARET!E155 -> 85000 | P12: 5000 | Q12: 0 | S12: =+AVERAGE(E12:I12) -> 21000 | T12: =+AVERAGE(J12:M12) -> 31250 | U12: =+AVERAGE(N12:Q12) -> 67375 | V12: =+AVERAGE(E12:Q12) -> 38423.077
D13: PARKIR | E13: =+[1]JANUARI!E60 -> 0 | F13: =+[1]JANUARI!E155 -> 0 | G13: =+[1]JANUARI!E256 -> 0 | H13: =+[1]JANUARI!E351 -> 0 | I13: =+[1]JANUARI!E446 -> 0 | J13: =+[1]FEBRUARI!E60 -> 0 | K13: =+[1]FEBRUARI!E155 -> 0 | L13: =+[1]FEBRUARI!E249 -> 0 | M13: =+[1]FEBRUARI!E345 -> 0 | N13: =+[1]MARET!E61 -> 0 | O13: =+[1]MARET!E156 -> 0 | P13: 0 | Q13: =+[1]MARET!E250 -> 0 | S13: =+AVERAGE(E13:I13) -> 0 | T13: =+AVERAGE(J13:M13) -> 0 | U13: =+AVERAGE(N13:Q13) -> 0 | V13: =+AVERAGE(E13:Q13) -> 0
B14: 4 | C14: ARI WIJAYANTI | D14: BBM | E14: =+[1]JANUARI!E88 -> 0 | F14: =+[1]JANUARI!E183 -> 0 | G14: =+[1]JANUARI!E284 -> 0 | H14: =+[1]JANUARI!E379 -> 200000 | I14: =+[1]JANUARI!E474 -> 0 | J14: =+[1]FEBRUARI!E88 -> 0 | K14: =+[1]FEBRUARI!E183 -> 0 | L14: =+[1]FEBRUARI!E277 -> 0 | M14: =+[1]FEBRUARI!E373 -> 100000 | N14: =+[1]MARET!E89 -> 0 | O14: =+[1]MARET!E184 -> 0 | P14: 0 | Q14: =+[1]MARET!E278 -> 0 | S14: =+AVERAGE(E14:I14) -> 40000 | T14: =+AVERAGE(J14:M14) -> 25000 | U14: =+AVERAGE(N14:Q14) -> 0 | V14: =+AVERAGE(E14:Q14) -> 23076.923
D15: TOL | E15: =+[1]JANUARI!E89 -> 0 | F15: =+[1]JANUARI!E184 -> 0 | G15: =+[1]JANUARI!E285 -> 0 | H15: =+[1]JANUARI!E380 -> 0 | I15: =+[1]JANUARI!E475 -> 0 | J15: =+[1]FEBRUARI!E89 -> 0 | K15: =+[1]FEBRUARI!E184 -> 0 | L15: =+[1]FEBRUARI!E278 -> 0 | M15: =+[1]FEBRUARI!E374 -> 0 | N15: =+[1]MARET!E90 -> 0 | O15: =+[1]MARET!E185 -> 0 | P15: 0 | Q15: =+[1]MARET!E279 -> 0 | S15: =+AVERAGE(E15:I15) -> 0 | T15: =+AVERAGE(J15:M15) -> 0 | U15: =+AVERAGE(N15:Q15) -> 0 | V15: =+AVERAGE(E15:Q15) -> 0
D16: PARKIR | E16: =+[1]JANUARI!E90 -> 0 | F16: =+[1]JANUARI!E185 -> 0 | G16: =+[1]JANUARI!E286 -> 0 | H16: =+[1]JANUARI!E381 -> 80000 | I16: =+[1]JANUARI!E476 -> 0 | J16: =+[1]FEBRUARI!E90 -> 0 | K16: =+[1]FEBRUARI!E185 -> 0 | L16: =+[1]FEBRUARI!E279 -> 0 | M16: =+[1]FEBRUARI!E375 -> 0 | N16: =+[1]MARET!E91 -> 0 | O16: =+[1]MARET!E186 -> 0 | P16: 0 | Q16: =+[1]MARET!E280 -> 0 | S16: =+AVERAGE(E16:I16) -> 16000 | T16: =+AVERAGE(J16:M16) -> 0 | U16: =+AVERAGE(N16:Q16) -> 0 | V16: =+AVERAGE(E16:Q16) -> 6153.8462
B17: 5 | C17: AHMAD MUBAROK | D17: BBM | E17: =+[1]JANUARI!S58 -> 347732 | F17: =+[1]JANUARI!S153 -> 250000 | G17: =+[1]JANUARI!S254 -> 261000 | H17: =+[1]JANUARI!S349 -> 272300 | I17: =+[1]JANUARI!S444 -> 310375 | J17: =+[1]FEBRUARI!S58 -> 275171 | K17: =+[1]FEBRUARI!S153 -> 350017 | L17: =+[1]FEBRUARI!S247 -> 276000 | M17: =+[1]FEBRUARI!S343 -> 251300 | N17: =+[1]MARET!S59 -> 248625 | O17: =+[1]MARET!S154 -> 449696 | P17: 239598 | Q17: 0 | S17: =+AVERAGE(E17:I17) -> 288281.4 | T17: =+AVERAGE(J17:M17) -> 288122 | U17: =+AVERAGE(N17:Q17) -> 234479.75 | V17: =+AVERAGE(E17:Q17) -> 271678
D18: TOL | E18: =+[1]JANUARI!S59 -> 0 | F18: =+[1]JANUARI!S154 -> 0 | G18: =+[1]JANUARI!S255 -> 0 | H18: =+[1]JANUARI!S350 -> 0 | I18: =+[1]JANUARI!S445 -> 0 | J18: =+[1]FEBRUARI!S59 -> 0 | K18: =+[1]FEBRUARI!S154 -> 0 | L18: =+[1]FEBRUARI!S248 -> 0 | M18: =+[1]FEBRUARI!S344 -> 0 | N18: =+[1]MARET!S60 -> 0 | O18: =+[1]MARET!S155 -> 0 | P18: 0 | Q18: =+[1]MARET!S249 -> 0 | S18: =+AVERAGE(E18:I18) -> 0 | T18: =+AVERAGE(J18:M18) -> 0 | U18: =+AVERAGE(N18:Q18) -> 0 | V18: =+AVERAGE(E18:Q18) -> 0
D19: PARKIR | E19: =+[1]JANUARI!S60 -> 0 | F19: =+[1]JANUARI!S155 -> 0 | G19: =+[1]JANUARI!S256 -> 0 | H19: =+[1]JANUARI!S351 -> 45000 | I19: =+[1]JANUARI!S446 -> 0 | J19: =+[1]FEBRUARI!S60 -> 0 | K19: =+[1]FEBRUARI!S155 -> 0 | L19: =+[1]FEBRUARI!S249 -> 0 | M19: =+[1]FEBRUARI!S345 -> 0 | N19: =+[1]MARET!S61 -> 0 | O19: =+[1]MARET!S156 -> 0 | P19: 0 | Q19: =+[1]MARET!S250 -> 0 | S19: =+AVERAGE(E19:I19) -> 9000 | T19: =+AVERAGE(J19:M19) -> 0 | U19: =+AVERAGE(N19:Q19) -> 0 | V19: =+AVERAGE(E19:Q19) -> 3461.5385
B20: 6 | C20: BAGUS KUSUMA PUTRA | D20: BBM | E20: 270000 | F20: 0 | G20: 298427 | H20: 294785 | I20: 198816 | J20: 250000 | K20: 285024 | L20: 307951 | M20: 312885 | N20: 180000 | O20: 280000 | P20: 260000 | Q20: 280000 | S20: =+AVERAGE(E20:I20) -> 212405.6 | T20: =+AVERAGE(J20:M20) -> 288965 | U20: =+AVERAGE(N20:Q20) -> 250000 | V20: =+AVERAGE(E20:Q20) -> 247529.85
D21: TOL
D22: PARKIR
