Workbook

Sheet INPUT PULANG AWAL
C1: DATA MP PULANG AWAL
C2: BULAN : MEI 2022
A3: DATA MP PULANG AWAL
A4: ="BULAN : "&'list area'!C1&" "&'list area'!C2 -> BULAN : JUNI 2024
C5: HARI/TGL | D5: NIK | E5: NAMA | F5: STATUS | G5: CLASS | H5: CV YANG OFF | I5: SHIFT | J5: JAM PULANG AWAL | K5: JAM KERJA (JAM) | L5: JAM OFF | M5: MH INPUT PULANG AWAL | N5: ALASAN | O5: JENIS
A6: =C6&D6 -> 45446204 | B6: =IF(AND(J6>=TIME(7,30,0),J6<=TIME(16,30,0)),"PAGI","MALAM") -> PAGI | C6: 45446 | D6: 204 | E6: DWI SRI RAHAYU | F6: PRM | G6: PI | H6: CPA MAZDA | I6: B | J6: 0.51736111 | K6: =IF(J6="","",IF(AND(B6="PAGI",J6<=TIME(14,0,0)),(J6-TIME(7,30,0))*24,IF(AND(B6="PAGI",J6>TIME(14,0,0)),((J6-TIME(7,30,0))*24)-1,IF(AND(B6="malam",J6<TIME(3,0,0)),3.75+(J6*24)-0.5,IF(AND(B6="malam",J6<TIME(5,5,0)),3.75+(J6*24)-0.75,(J6-TIME(20,0,0))*24))))) -> 4.9166667 | L6: =IFERROR(8-K6,"") -> 3.0833333 | M6: =L6 -> 3.0833333 | N6: SUDAH SELESIA PERBANTUAN | O6: OTHERS | S6: =COUNTIF(A:A,C6&D6) -> 1
A7: =C7&D7 -> 45446146 | B7: =IF(AND(J7>=TIME(7,30,0),J7<=TIME(16,30,0)),"PAGI","MALAM") -> PAGI | C7: 45446 | D7: 146 | E7: NUNUNG HANDAYANI | F7: PRM | G7: DL | H7: CV M03 | I7: B | J7: 0.375 | K7: =IF(J7="","",IF(AND(B7="PAGI",J7<=TIME(14,0,0)),(J7-TIME(7,30,0))*24,IF(AND(B7="PAGI",J7>TIME(14,0,0)),((J7-TIME(7,30,0))*24)-1,IF(AND(B7="malam",J7<TIME(3,0,0)),3.75+(J7*24)-0.5,IF(AND(B7="malam",J7<TIME(5,5,0)),3.75+(J7*24)-0.75,(J7-TIME(20,0,0))*24))))) -> 1.5 | L7: =IFERROR(8-K7,"") -> 6.5 | M7: =L7 -> 6.5 | N7: SHORTAGE MATERIAL | O7: SHORTAGE MATERIAL | S7: =COUNTIF(A:A,C7&D7) -> 1
A8: =C8&D8 -> 4544629286 | B8: =IF(AND(J8>=TIME(7,30,0),J8<=TIME(16,30,0)),"PAGI","MALAM") -> PAGI | C8: 45446 | D8: 29286 | E8: TITIN AGUSTINA | F8: C1 | G8: DL | H8: CV M03 | I8: B | J8: 0.375 | K8: =IF(J8="","",IF(AND(B8="PAGI",J8<=TIME(14,0,0)),(J8-TIME(7,30,0))*24,IF(AND(B8="PAGI",J8>TIME(14,0,0)),((J8-TIME(7,30,0))*24)-1,IF(AND(B8="malam",J8<TIME(3,0,0)),3.75+(J8*24)-0.5,IF(AND(B8="malam",J8<TIME(5,5,0)),3.75+(J8*24)-0.75,(J8-TIME(20,0,0))*24))))) -> 1.5 | L8: =IFERROR(8-K8,"") -> 6.5 | M8: =L8 -> 6.5 | N8: SHORTAGE MATERIAL | O8: SHORTAGE MATERIAL | S8: =COUNTIF(A:A,C8&D8) -> 1
A9: =C9&D9 -> 45446B03009 | B9: =IF(AND(J9>=TIME(7,30,0),J9<=TIME(16,30,0)),"PAGI","MALAM") -> PAGI | C9: 45446 | D9: B03009 | E9: ANDI PRASETYO | F9: PRM | G9: DL | H9: CV M03 | I9: B | J9: 0.375 | K9: =IF(J9="","",IF(AND(B9="PAGI",J9<=TIME(14,0,0)),(J9-TIME(7,30,0))*24,IF(AND(B9="PAGI",J9>TIME(14,0,0)),((J9-TIME(7,30,0))*24)-1,IF(AND(B9="malam",J9<TIME(3,0,0)),3.75+(J9*24)-0.5,IF(AND(B9="malam",J9<TIME(5,5,0)),3.75+(J9*24)-0.75,(J9-TIME(20,0,0))*24))))) -> 1.5 | L9: =IFERROR(8-K9,"") -> 6.5 | M9: =L9 -> 6.5 | N9: SHORTAGE MATERIAL | O9: SHORTAGE MATERIAL | S9: =COUNTIF(A:A,C9&D9) -> 1
A10: =C10&D10 -> 4544628840 | B10: =IF(AND(J10>=TIME(7,30,0),J10<=TIME(16,30,0)),"PAGI","MALAM") -> PAGI | C10: 45446 | D10: 28840 | E10: SEVY NUR INDAH SARY | F10: C2 | G10: PI | H10: CV M03 | I10: B | J10: 0.375 | K10: =IF(J10="","",IF(AND(B10="PAGI",J10<=TIME(14,0,0)),(J10-TIME(7,30,0))*24,IF(AND(B10="PAGI",J10>TIME(14,0,0)),((J10-TIME(7,30,0))*24)-1,IF(AND(B10="malam",J10<TIME(3,0,0)),3.75+(J10*24)-0.5,IF(AND(B10="malam",J10<TIME(5,5,0)),3.75+(J10*24)-0.75,(J10-TIME(20,0,0))*24))))) -> 1.5 | L10: =IFERROR(8-K10,"") -> 6.5 | M10: =L10 -> 6.5 | N10: SHORTAGE MATERIAL | O10: SHORTAGE MATERIAL | S10: =COUNTIF(A:A,C10&D10) -> 1
A11: =C11&D11 -> 4544628574 | B11: =IF(AND(J11>=TIME(7,30,0),J11<=TIME(16,30,0)),"PAGI","MALAM") -> PAGI | C11: 45446 | D11: 28574 | E11: SEPTI LAELA SARI | F11: C2 | G11: DL | H11: CV M03 | I11: B | J11: 0.375 | K11: =IF(J11="","",IF(AND(B11="PAGI",J11<=TIME(14,0,0)),(J11-TIME(7,30,0))*24,IF(AND(B11="PAGI",J11>TIME(14,0,0)),((J11-TIME(7,30,0))*24)-1,IF(AND(B11="malam",J11<TIME(3,0,0)),3.75+(J11*24)-0.5,IF(AND(B11="malam",J11<TIME(5,5,0)),3.75+(J11*24)-0.75,(J11-TIME(20,0,0))*24))))) -> 1.5 | L11: =IFERROR(8-K11,"") -> 6.5 | M11: =L11 -> 6.5 | N11: SHORTAGE MATERIAL | O11: SHORTAGE MATERIAL | S11: =COUNTIF(A:A,C11&D11) -> 1
A12: =C12&D12 -> 4544628779 | B12: =IF(AND(J12>=TIME(7,30,0),J12<=TIME(16,30,0)),"PAGI","MALAM") -> PAGI | C12: 45446 | D12: 28779 | E12: NUR OCTAVIA ROMADHONI | F12: C2 | G12: DL | H12: CV M03 | I12: B | J12: 0.375 | K12: =IF(J12="","",IF(AND(B12="PAGI",J12<=TIME(14,0,0)),(J12-TIME(7,30,0))*24,IF(AND(B12="PAGI",J12>TIME(14,0,0)),((J12-TIME(7,30,0))*24)-1,IF(AND(B12="malam",J12<TIME(3,0,0)),3.75+(J12*24)-0.5,IF(AND(B12="malam",J12<TIME(5,5,0)),3.75+(J12*24)-0.75,(J12-TIME(20,0,0))*24))))) -> 1.5 | L12: =IFERROR(8-K12,"") -> 6.5 | M12: =L12 -> 6.5 | N12: SHORTAGE MATERIAL | O12: SHORTAGE MATERIAL | S12: =COUNTIF(A:A,C12&D12) -> 1
A13: =C13&D13 -> 4544628542 | B13: =IF(AND(J13>=TIME(7,30,0),J13<=TIME(16,30,0)),"PAGI","MALAM") -> PAGI | C13: 45446 | D13: 28542 | E13: FAIZUL ADHINA | F13: C2 | G13: DL | H13: CV M03 | I13: B | J13: 0.375 | K13: =IF(J13="","",IF(AND(B13="PAGI",J13<=TIME(14,0,0)),(J13-TIME(7,30,0))*24,IF(AND(B13="PAGI",J13>TIME(14,0,0)),((J13-TIME(7,30,0))*24)-1,IF(AND(B13="malam",J13<TIME(3,0,0)),3.75+(J13*24)-0.5,IF(AND(B13="malam",J13<TIME(5,5,0)),3.75+(J13*24)-0.75,(J13-TIME(20,0,0))*24))))) -> 1.5 | L13: =IFERROR(8-K13,"") -> 6.5 | M13: =L13 -> 6.5 | N13: SHORTAGE MATERIAL | O13: SHORTAGE MATERIAL | S13: =COUNTIF(A:A,C13&D13) -> 1
A14: =C14&D14 -> 454465783 | B14: =IF(AND(J14>=TIME(7,30,0),J14<=TIME(16,30,0)),"PAGI","MALAM") -> PAGI | C14: 45446 | D14: 5783 | E14: MARIYATUN | F14: PRM | G14: DL | H14: CV M03 | I14: B | J14: 0.375 | K14: =IF(J14="","",IF(AND(B14="PAGI",J14<=TIME(14,0,0)),(J14-TIME(7,30,0))*24,IF(AND(B14="PAGI",J14>TIME(14,0,0)),((J14-TIME(7,30,0))*24)-1,IF(AND(B14="malam",J14<TIME(3,0,0)),3.75+(J14*24)-0.5,IF(AND(B14="malam",J14<TIME(5,5,0)),3.75+(J14*24)-0.75,(J14-TIME(20,0,0))*24))))) -> 1.5 | L14: =IFERROR(8-K14,"") -> 6.5 | M14: =L14 -> 6.5 | N14: SHORTAGE MATERIAL | O14: SHORTAGE MATERIAL | S14: =COUNTIF(A:A,C14&D14) -> 1
A15: =C15&D15 -> 4544629678 | B15: =IF(AND(J15>=TIME(7,30,0),J15<=TIME(16,30,0)),"PAGI","MALAM") -> PAGI | C15: 45446 | D15: 29678 | E15: ALFREDO ABY PRAMESTA | F15: C1 | G15: DL | H15: CV M03 | I15: B | J15: 0.375 | K15: =IF(J15="","",IF(AND(B15="PAGI",J15<=TIME(14,0,0)),(J15-TIME(7,30,0))*24,IF(AND(B15="PAGI",J15>TIME(14,0,0)),((J15-TIME(7,30,0))*24)-1,IF(AND(B15="malam",J15<TIME(3,0,0)),3.75+(J15*24)-0.5,IF(AND(B15="malam",J15<TIME(5,5,0)),3.75+(J15*24)-0.75,(J15-TIME(20,0,0))*24))))) -> 1.5 | L15: =IFERROR(8-K15,"") -> 6.5 | M15: =L15 -> 6.5 | N15: SHORTAGE MATERIAL | O15: SHORTAGE MATERIAL | S15: =COUNTIF(A:A,C15&D15) -> 1
A16: =C16&D16 -> 4544612234 | B16: =IF(AND(J16>=TIME(7,30,0),J16<=TIME(16,30,0)),"PAGI","MALAM") -> PAGI | C16: 45446 | D16: 12234 | E16: AHMAD ABDUL GHOFUR | F16: PRM | G16: DL | H16: CV M03 | I16: B | J16: 0.375 | K16: =IF(J16="","",IF(AND(B16="PAGI",J16<=TIME(14,0,0)),(J16-TIME(7,30,0))*24,IF(AND(B16="PAGI",J16>TIME(14,0,0)),((J16-TIME(7,30,0))*24)-1,IF(AND(B16="malam",J16<TIME(3,0,0)),3.75+(J16*24)-0.5,IF(AND(B16="malam",J16<TIME(5,5,0)),3.75+(J16*24)-0.75,(J16-TIME(20,0,0))*24))))) -> 1.5 | L16: =IFERROR(8-K16,"") -> 6.5 | M16: =L16 -> 6.5 | N16: SHORTAGE MATERIAL | O16: SHORTAGE MATERIAL | S16: =COUNTIF(A:A,C16&D16) -> 1
A17: =C17&D17 -> 4544628913 | B17: =IF(AND(J17>=TIME(7,30,0),J17<=TIME(16,30,0)),"PAGI","MALAM") -> PAGI | C17: 45446 | D17: 28913 | E17: FIFI ETIKASARI | F17: C1 | G17: DL | H17: CV M03 | I17: B | J17: 0.375 | K17: =IF(J17="","",IF(AND(B17="PAGI",J17<=TIME(14,0,0)),(J17-TIME(7,30,0))*24,IF(AND(B17="PAGI",J17>TIME(14,0,0)),((J17-TIME(7,30,0))*24)-1,IF(AND(B17="malam",J17<TIME(3,0,0)),3.75+(J17*24)-0.5,IF(AND(B17="malam",J17<TIME(5,5,0)),3.75+(J17*24)-0.75,(J17-TIME(20,0,0))*24))))) -> 1.5 | L17: =IFERROR(8-K17,"") -> 6.5 | M17: =L17 -> 6.5 | N17: SHORTAGE MATERIAL | O17: SHORTAGE MATERIAL | S17: =COUNTIF(A:A,C17&D17) -> 1
A18: =C18&D18 -> 4544628766 | B18: =IF(AND(J18>=TIME(7,30,0),J18<=TIME(16,30,0)),"PAGI","MALAM") -> PAGI | C18: 45446 | D18: 28766 | E18: FIA UDZRI TSURAYYA | F18: C2 | G18: DL | H18: CV M03 | I18: B | J18: 0.375 | K18: =IF(J18="","",IF(AND(B18="PAGI",J18<=TIME(14,0,0)),(J18-TIME(7,30,0))*24,IF(AND(B18="PAGI",J18>TIME(14,0,0)),((J18-TIME(7,30,0))*24)-1,IF(AND(B18="malam",J18<TIME(3,0,0)),3.75+(J18*24)-0.5,IF(AND(B18="malam",J18<TIME(5,5,0)),3.75+(J18*24)-0.75,(J18-TIME(20,0,0))*24))))) -> 1.5 | L18: =IFERROR(8-K18,"") -> 6.5 | M18: =L18 -> 6.5 | N18: SHORTAGE MATERIAL | O18: SHORTAGE MATERIAL | S18: =COUNTIF(A:A,C18&D18) -> 1
A19: =C19&D19 -> 4544628988 | B19: =IF(AND(J19>=TIME(7,30,0),J19<=TIME(16,30,0)),"PAGI","MALAM") -> PAGI | C19: 45446 | D19: 28988 | E19: SALSA CAHYA NINGRUM | F19: C1 | G19: DL | H19: CV M03 | I19: B | J19: 0.375 | K19: =IF(J19="","",IF(AND(B19="PAGI",J19<=TIME(14,0,0)),(J19-TIME(7,30,0))*24,IF(AND(B19="PAGI",J19>TIME(14,0,0)),((J19-TIME(7,30,0))*24)-1,IF(AND(B19="malam",J19<TIME(3,0,0)),3.75+(J19*24)-0.5,IF(AND(B19="malam",J19<TIME(5,5,0)),3.75+(J19*24)-0.75,(J19-TIME(20,0,0))*24))))) -> 1.5 | L19: =IFERROR(8-K19,"") -> 6.5 | M19: =L19 -> 6.5 | N19: SHORTAGE MATERIAL | O19: SHORTAGE MATERIAL | S19: =COUNTIF(A:A,C19&D19) -> 1
A20: =C20&D20 -> 4544629770 | B20: =IF(AND(J20>=TIME(7,30,0),J20<=TIME(16,30,0)),"PAGI","MALAM") -> PAGI | C20: 45446 | D20: 29770 | E20: SITI SA'ADAH | F20: C1 | G20: DL | H20: CV M03 | I20: B | J20: 0.375 | K20: =IF(J20="","",IF(AND(B20="PAGI",J20<=TIME(14,0,0)),(J20-TIME(7,30,0))*24,IF(AND(B20="PAGI",J20>TIME(14,0,0)),((J20-TIME(7,30,0))*24)-1,IF(AND(B20="malam",J20<TIME(3,0,0)),3.75+(J20*24)-0.5,IF(AND(B20="malam",J20<TIME(5,5,0)),3.75+(J20*24)-0.75,(J20-TIME(20,0,0))*24))))) -> 1.5 | L20: =IFERROR(8-K20,"") -> 6.5 | M20: =L20 -> 6.5 | N20: SHORTAGE MATERIAL | O20: SHORTAGE MATERIAL | S20: =COUNTIF(A:A,C20&D20) -> 1
A21: =C21&D21 -> 454469928 | B21: =IF(AND(J21>=TIME(7,30,0),J21<=TIME(16,30,0)),"PAGI","MALAM") -> PAGI | C21: 45446 | D21: 9928 | E21: ELEN NATANIA MANALU | F21: PRM | G21: DL | H21: CV M03 | I21: B | J21: 0.375 | K21: =IF(J21="","",IF(AND(B21="PAGI",J21<=TIME(14,0,0)),(J21-TIME(7,30,0))*24,IF(AND(B21="PAGI",J21>TIME(14,0,0)),((J21-TIME(7,30,0))*24)-1,IF(AND(B21="malam",J21<TIME(3,0,0)),3.75+(J21*24)-0.5,IF(AND(B21="malam",J21<TIME(5,5,0)),3.75+(J21*24)-0.75,(J21-TIME(20,0,0))*24))))) -> 1.5 | L21: =IFERROR(8-K21,"") -> 6.5 | M21: =L21 -> 6.5 | N21: SHORTAGE MATERIAL | O21: SHORTAGE MATERIAL | S21: =COUNTIF(A:A,C21&D21) -> 1
... A67: =C67&D67 -> 4544628599 | B67: =IF(AND(J67>=TIME(7,30,0),J67<=TIME(16,30,0)),"PAGI","MALAM") -> PAGI | C67: 45446 | D67: 28599 | E67: ADI SUCIPTO | F67: C2 | G67: PI | H67: CPA MAZDA | I67: B | J67: 0.375 | K67: =IF(J67="","",IF(AND(B67="PAGI",J67<=TIME(14,0,0)),(J67-TIME(7,30,0))*24,IF(AND(B67="PAGI",J67>TIME(14,0,0)),((J67-TIME(7,30,0))*24)-1,IF(AND(B67="malam",J67<TIME(3,0,0)),3.75+(J67*24)-0.5,IF(AND(B67="malam",J67<TIME(5,5,0)),3.75+(J67*24)-0.75,(J67-TIME(20,0,0))*24))))) -> 1.5 | L67: =IFERROR(8-K67,"") -> 6.5 | M67: =L67 -> 6.5 | N67: PROBLEM MATERIAL CV M03 | O67: SHORTAGE MATERIAL | S67: =COUNTIF(A:A,C67&D67) -> 1
A68: =C68&D68 -> 45446B00759 | B68: =IF(AND(J68>=TIME(7,30,0),J68<=TIME(16,30,0)),"PAGI","MALAM") -> PAGI | C68: 45446 | D68: B00759 | E68: ALFIATU ROCHMANIA | F68: PRM | G68: PI | H68: CPA MAZDA | I68: B | J68: 0.375 | K68: =IF(J68="","",IF(AND(B68="PAGI",J68<=TIME(14,0,0)),(J68-TIME(7,30,0))*24,IF(AND(B68="PAGI",J68>TIME(14,0,0)),((J68-TIME(7,30,0))*24)-1,IF(AND(B68="malam",J68<TIME(3,0,0)),3.75+(J68*24)-0.5,IF(AND(B68="malam",J68<TIME(5,5,0)),3.75+(J68*24)-0.75,(J68-TIME(20,0,0))*24))))) -> 1.5 | L68: =IFERROR(8-K68,"") -> 6.5 | M68: =L68 -> 6.5 | N68: PROBLEM MATERIAL CV M03 | O68: SHORTAGE MATERIAL | S68: =COUNTIF(A:A,C68&D68) -> 1
A69: =C69&D69 -> 45446B00284 | B69: =IF(AND(J69>=TIME(7,30,0),J69<=TIME(16,30,0)),"PAGI","MALAM") -> PAGI | C69: 45446 | D69: B00284 | E69: ESTER SARI SETIYANINGRUM | F69: PRM | G69: PI | H69: CPA MAZDA | I69: B | J69: 0.375 | K69: =IF(J69="","",IF(AND(B69="PAGI",J69<=TIME(14,0,0)),(J69-TIME(7,30,0))*24,IF(AND(B69="PAGI",J69>TIME(14,0,0)),((J69-TIME(7,30,0))*24)-1,IF(AND(B69="malam",J69<TIME(3,0,0)),3.75+(J69*24)-0.5,IF(AND(B69="malam",J69<TIME(5,5,0)),3.75+(J69*24)-0.75,(J69-TIME(20,0,0))*24))))) -> 1.5 | L69: =IFERROR(8-K69,"") -> 6.5 | M69: =L69 -> 6.5 | N69: PROBLEM MATERIAL CV M03 | O69: SHORTAGE MATERIAL | S69: =COUNTIF(A:A,C69&D69) -> 1
A70: =C70&D70 -> 4544629884 | B70: =IF(AND(J70>=TIME(7,30,0),J70<=TIME(16,30,0)),"PAGI","MALAM") -> PAGI | C70: 45446 | D70: 29884 | E70: ABDUL QOHAR | F70: C1 | G70: PI | H70: CPA MAZDA | I70: B | J70: 0.375 | K70: =IF(J70="","",IF(AND(B70="PAGI",J70<=TIME(14,0,0)),(J70-TIME(7,30,0))*24,IF(AND(B70="PAGI",J70>TIME(14,0,0)),((J70-TIME(7,30,0))*24)-1,IF(AND(B70="malam",J70<TIME(3,0,0)),3.75+(J70*24)-0.5,IF(AND(B70="malam",J70<TIME(5,5,0)),3.75+(J70*24)-0.75,(J70-TIME(20,0,0))*24))))) -> 1.5 | L70: =IFERROR(8-K70,"") -> 6.5 | M70: =L70 -> 6.5 | N70: PROBLEM MATERIAL CV M03 | O70: SHORTAGE MATERIAL | S70: =COUNTIF(A:A,C70&D70) -> 1
A71: =C71&D71 -> 4544610513 | B71: =IF(AND(J71>=TIME(7,30,0),J71<=TIME(16,30,0)),"PAGI","MALAM") -> MALAM | C71: 45446 | D71: 10513 | E71: NAJIKHATUL MU'ALIFAH | F71: PRM | G71: DL | H71: CPA MAZDA | I71: A | J71: 0.875 | K71: =IF(J71="","",IF(AND(B71="PAGI",J71<=TIME(14,0,0)),(J71-TIME(7,30,0))*24,IF(AND(B71="PAGI",J71>TIME(14,0,0)),((J71-TIME(7,30,0))*24)-1,IF(AND(B71="malam",J71<TIME(3,0,0)),3.75+(J71*24)-0.5,IF(AND(B71="malam",J71<TIME(5,5,0)),3.75+(J71*24)-0.75,(J71-TIME(20,0,0))*24))))) -> 1 | L71: =IFERROR(8-K71,"") -> 7 | M71: =L71 -> 7 | N71: SHORTAGE MATERIAL | O71: SHORTAGE MATERIAL | S71: =COUNTIF(A:A,C71&D71) -> 1
A72: =C72&D72 -> 4544629818 | B72: =IF(AND(J72>=TIME(7,30,0),J72<=TIME(16,30,0)),"PAGI","MALAM") -> MALAM | C72: 45446 | D72: 29818 | E72: PETI ISMAYANTI | F72: C1 | G72: DL | H72: CPA MAZDA | I72: A | J72: 0.875 | K72: =IF(J72="","",IF(AND(B72="PAGI",J72<=TIME(14,0,0)),(J72-TIME(7,30,0))*24,IF(AND(B72="PAGI",J72>TIME(14,0,0)),((J72-TIME(7,30,0))*24)-1,IF(AND(B72="malam",J72<TIME(3,0,0)),3.75+(J72*24)-0.5,IF(AND(B72="malam",J72<TIME(5,5,0)),3.75+(J72*24)-0.75,(J72-TIME(20,0,0))*24))))) -> 1 | L72: =IFERROR(8-K72,"") -> 7 | M72: =L72 -> 7 | N72: SHORTAGE MATERIAL | O72: SHORTAGE MATERIAL | S72: =COUNTIF(A:A,C72&D72) -> 1
A73: =C73&D73 -> 4544630117 | B73: =IF(AND(J73>=TIME(7,30,0),J73<=TIME(16,30,0)),"PAGI","MALAM") -> MALAM | C73: 45446 | D73: 30117 | E73: DIYAH RETNO WATI | F73: M1 | G73: PI | H73: CPA MAZDA | I73: A | J73: 0.875 | K73: =IF(J73="","",IF(AND(B73="PAGI",J73<=TIME(14,0,0)),(J73-TIME(7,30,0))*24,IF(AND(B73="PAGI",J73>TIME(14,0,0)),((J73-TIME(7,30,0))*24)-1,IF(AND(B73="malam",J73<TIME(3,0,0)),3.75+(J73*24)-0.5,IF(AND(B73="malam",J73<TIME(5,5,0)),3.75+(J73*24)-0.75,(J73-TIME(20,0,0))*24))))) -> 1 | L73: =IFERROR(8-K73,"") -> 7 | M73: =L73 -> 7 | N73: SHORTAGE MATERIAL | O73: SHORTAGE MATERIAL | S73: =COUNTIF(A:A,C73&D73) -> 1
A74: =C74&D74 -> 454469615 | B74: =IF(AND(J74>=TIME(7,30,0),J74<=TIME(16,30,0)),"PAGI","MALAM") -> MALAM | C74: 45446 | D74: 9615 | E74: NANING HASANAH | F74: PRM | G74: DL | H74: CPA MAZDA | I74: A | J74: 0.875 | K74: =IF(J74="","",IF(AND(B74="PAGI",J74<=TIME(14,0,0)),(J74-TIME(7,30,0))*24,IF(AND(B74="PAGI",J74>TIME(14,0,0)),((J74-TIME(7,30,0))*24)-1,IF(AND(B74="malam",J74<TIME(3,0,0)),3.75+(J74*24)-0.5,IF(AND(B74="malam",J74<TIME(5,5,0)),3.75+(J74*24)-0.75,(J74-TIME(20,0,0))*24))))) -> 1 | L74: =IFERROR(8-K74,"") -> 7 | M74: =L74 -> 7 | N74: SHORTAGE MATERIAL | O74: SHORTAGE MATERIAL | S74: =COUNTIF(A:A,C74&D74) -> 1
A75: =C75&D75 -> 4544628523 | B75: =IF(AND(J75>=TIME(7,30,0),J75<=TIME(16,30,0)),"PAGI","MALAM") -> MALAM | C75: 45446 | D75: 28523 | E75: TEGUH RIYAN HIDAYATULLOH | F75: C2 | G75: PI | H75: CPA MAZDA | I75: A | J75: 0.875 | K75: =IF(J75="","",IF(AND(B75="PAGI",J75<=TIME(14,0,0)),(J75-TIME(7,30,0))*24,IF(AND(B75="PAGI",J75>TIME(14,0,0)),((J75-TIME(7,30,0))*24)-1,IF(AND(B75="malam",J75<TIME(3,0,0)),3.75+(J75*24)-0.5,IF(AND(B75="malam",J75<TIME(5,5,0)),3.75+(J75*24)-0.75,(J75-TIME(20,0,0))*24))))) -> 1 | L75: =IFERROR(8-K75,"") -> 7 | M75: =L75 -> 7 | N75: SHORTAGE MATERIAL | O75: SHORTAGE MATERIAL | S75: =COUNTIF(A:A,C75&D75) -> 1
A76: =C76&D76 -> 4544630006 | B76: =IF(AND(J76>=TIME(7,30,0),J76<=TIME(16,30,0)),"PAGI","MALAM") -> MALAM | C76: 45446 | D76: 30006 | E76: RAHMA AYU RIZQIANI | F76: C1 | G76: DL | H76: CPA MAZDA | I76: A | J76: 0.875 | K76: =IF(J76="","",IF(AND(B76="PAGI",J76<=TIME(14,0,0)),(J76-TIME(7,30,0))*24,IF(AND(B76="PAGI",J76>TIME(14,0,0)),((J76-TIME(7,30,0))*24)-1,IF(AND(B76="malam",J76<TIME(3,0,0)),3.75+(J76*24)-0.5,IF(AND(B76="malam",J76<TIME(5,5,0)),3.75+(J76*24)-0.75,(J76-TIME(20,0,0))*24))))) -> 1 | L76: =IFERROR(8-K76,"") -> 7 | M76: =L76 -> 7 | N76: SHORTAGE MATERIAL | O76: SHORTAGE MATERIAL | S76: =COUNTIF(A:A,C76&D76) -> 1
A77: =C77&D77 -> 4544630034 | B77: =IF(AND(J77>=TIME(7,30,0),J77<=TIME(16,30,0)),"PAGI","MALAM") -> MALAM | C77: 45446 | D77: 30034 | E77: AMBAR BAHTIAR | F77: C1 | G77: DL | H77: CPA MAZDA | I77: A | J77: 0.875 | K77: =IF(J77="","",IF(AND(B77="PAGI",J77<=TIME(14,0,0)),(J77-TIME(7,30,0))*24,IF(AND(B77="PAGI",J77>TIME(14,0,0)),((J77-TIME(7,30,0))*24)-1,IF(AND(B77="malam",J77<TIME(3,0,0)),3.75+(J77*24)-0.5,IF(AND(B77="malam",J77<TIME(5,5,0)),3.75+(J77*24)-0.75,(J77-TIME(20,0,0))*24))))) -> 1 | L77: =IFERROR(8-K77,"") -> 7 | M77: =L77 -> 7 | N77: SHORTAGE MATERIAL | O77: SHORTAGE MATERIAL | S77: =COUNTIF(A:A,C77&D77) -> 1
A78: =C78&D78 -> 4544630061 | B78: =IF(AND(J78>=TIME(7,30,0),J78<=TIME(16,30,0)),"PAGI","MALAM") -> MALAM | C78: 45446 | D78: 30061 | E78: INDRIANA DWI ANGGRIANI | F78: C1 | G78: DL | H78: CPA MAZDA | I78: A | J78: 0.875 | K78: =IF(J78="","",IF(AND(B78="PAGI",J78<=TIME(14,0,0)),(J78-TIME(7,30,0))*24,IF(AND(B78="PAGI",J78>TIME(14,0,0)),((J78-TIME(7,30,0))*24)-1,IF(AND(B78="malam",J78<TIME(3,0,0)),3.75+(J78*24)-0.5,IF(AND(B78="malam",J78<TIME(5,5,0)),3.75+(J78*24)-0.75,(J78-TIME(20,0,0))*24))))) -> 1 | L78: =IFERROR(8-K78,"") -> 7 | M78: =L78 -> 7 | N78: SHORTAGE MATERIAL | O78: SHORTAGE MATERIAL | S78: =COUNTIF(A:A,C78&D78) -> 1
A79: =C79&D79 -> 4544628323 | B79: =IF(AND(J79>=TIME(7,30,0),J79<=TIME(16,30,0)),"PAGI","MALAM") -> MALAM | C79: 45446 | D79: 28323 | E79: MUHAMAD IKO AMANDA | F79: C2 | G79: PI | H79: CPA MAZDA | I79: A | J79: 0.875 | K79: =IF(J79="","",IF(AND(B79="PAGI",J79<=TIME(14,0,0)),(J79-TIME(7,30,0))*24,IF(AND(B79="PAGI",J79>TIME(14,0,0)),((J79-TIME(7,30,0))*24)-1,IF(AND(B79="malam",J79<TIME(3,0,0)),3.75+(J79*24)-0.5,IF(AND(B79="malam",J79<TIME(5,5,0)),3.75+(J79*24)-0.75,(J79-TIME(20,0,0))*24))))) -> 1 | L79: =IFERROR(8-K79,"") -> 7 | M79: =L79 -> 7 | N79: SHORTAGE MATERIAL | O79: SHORTAGE MATERIAL | S79: =COUNTIF(A:A,C79&D79) -> 1
A80: =C80&D80 -> 4544629383 | B80: =IF(AND(J80>=TIME(7,30,0),J80<=TIME(16,30,0)),"PAGI","MALAM") -> MALAM | C80: 45446 | D80: 29383 | E80: PUPUT ANASTYA WARDANI | F80: C1 | G80: PI | H80: CPA MAZDA | I80: A | J80: 0.875 | K80: =IF(J80="","",IF(AND(B80="PAGI",J80<=TIME(14,0,0)),(J80-TIME(7,30,0))*24,IF(AND(B80="PAGI",J80>TIME(14,0,0)),((J80-TIME(7,30,0))*24)-1,IF(AND(B80="malam",J80<TIME(3,0,0)),3.75+(J80*24)-0.5,IF(AND(B80="malam",J80<TIME(5,5,0)),3.75+(J80*24)-0.75,(J80-TIME(20,0,0))*24))))) -> 1 | L80: =IFERROR(8-K80,"") -> 7 | M80: =L80 -> 7 | N80: SHORTAGE MATERIAL | O80: SHORTAGE MATERIAL | S80: =COUNTIF(A:A,C80&D80) -> 1
A81: =C81&D81 -> 4544628359 | B81: =IF(AND(J81>=TIME(7,30,0),J81<=TIME(16,30,0)),"PAGI","MALAM") -> MALAM | C81: 45446 | D81: 28359 | E81: DEWI MANDALIKA WIBOWO PUTRI | F81: C2 | G81: PI | H81: CV M03 | I81: A | J81: 0.875 | K81: =IF(J81="","",IF(AND(B81="PAGI",J81<=TIME(14,0,0)),(J81-TIME(7,30,0))*24,IF(AND(B81="PAGI",J81>TIME(14,0,0)),((J81-TIME(7,30,0))*24)-1,IF(AND(B81="malam",J81<TIME(3,0,0)),3.75+(J81*24)-0.5,IF(AND(B81="malam",J81<TIME(5,5,0)),3.75+(J81*24)-0.75,(J81-TIME(20,0,0))*24))))) -> 1 | L81: =IFERROR(8-K81,"") -> 7 | M81: =L81 -> 7 | N81: SHORTAGE MATERIAL | O81: SHORTAGE MATERIAL | S81: =COUNTIF(A:A,C81&D81) -> 1
... A104: =C104&D104 -> 4544628297 | B104: =IF(AND(J104>=TIME(7,30,0),J104<=TIME(16,30,0)),"PAGI","MALAM") -> MALAM | C104: 45446 | D104: 28297 | E104: YUNI LESTARI | F104: C2 | G104: DL | H104: CV M03 | I104: A | J104: 0.875 | K104: =IF(J104="","",IF(AND(B104="PAGI",J104<=TIME(14,0,0)),(J104-TIME(7,30,0))*24,IF(AND(B104="PAGI",J104>TIME(14,0,0)),((J104-TIME(7,30,0))*24)-1,IF(AND(B104="malam",J104<TIME(3,0,0)),3.75+(J104*24)-0.5,IF(AND(B104="malam",J104<TIME(5,5,0)),3.75+(J104*24)-0.75,(J104-TIME(20,0,0))*24))))) -> 1 | L104: =IFERROR(8-K104,"") -> 7 | M104: =L104 -> 7 | N104: SHORTAGE MATERIAL | O104: SHORTAGE MATERIAL | S104: =COUNTIF(A:A,C104&D104) -> 1
A105: =C105&D105 -> 45446B00487 | B105: =IF(AND(J105>=TIME(7,30,0),J105<=TIME(16,30,0)),"PAGI","MALAM") -> MALAM | C105: 45446 | D105: B00487 | E105: TOPAN SAPUTRO | F105: PRM | G105: DL | H105: CV M03 | I105: A | J105: 0.875 | K105: =IF(J105="","",IF(AND(B105="PAGI",J105<=TIME(14,0,0)),(J105-TIME(7,30,0))*24,IF(AND(B105="PAGI",J105>TIME(14,0,0)),((J105-TIME(7,30,0))*24)-1,IF(AND(B105="malam",J105<TIME(3,0,0)),3.75+(J105*24)-0.5,IF(AND(B105="malam",J105<TIME(5,5,0)),3.75+(J105*24)-0.75,(J105-TIME(20,0,0))*24))))) -> 1 | L105: =IFERROR(8-K105,"") -> 7 | M105: =L105 -> 7 | N105: SHORTAGE MATERIAL | O105: SHORTAGE MATERIAL | S105: =COUNTIF(A:A,C105&D105) -> 1
A106: =C106&D106 -> 4544630211 | B106: =IF(AND(J106>=TIME(7,30,0),J106<=TIME(16,30,0)),"PAGI","MALAM") -> MALAM | C106: 45446 | D106: 30211 | E106: MOCHAMMAD ZASMI ZAKKI | F106: M1 | G106: PI | H106: CV M03 | I106: A | J106: 0.875 | K106: =IF(J106="","",IF(AND(B106="PAGI",J106<=TIME(14,0,0)),(J106-TIME(7,30,0))*24,IF(AND(B106="PAGI",J106>TIME(14,0,0)),((J106-TIME(7,30,0))*24)-1,IF(AND(B106="malam",J106<TIME(3,0,0)),3.75+(J106*24)-0.5,IF(AND(B106="malam",J106<TIME(5,5,0)),3.75+(J106*24)-0.75,(J106-TIME(20,0,0))*24))))) -> 1 | L106: =IFERROR(8-K106,"") -> 7 | M106: =L106 -> 7 | N106: SHORTAGE MATERIAL | O106: SHORTAGE MATERIAL | S106: =COUNTIF(A:A,C106&D106) -> 1
A107: =C107&D107 -> 4544630200 | B107: =IF(AND(J107>=TIME(7,30,0),J107<=TIME(16,30,0)),"PAGI","MALAM") -> MALAM | C107: 45446 | D107: 30200 | E107: INDAH PERMATASARI | F107: M1 | G107: PI | H107: CV M03 | I107: A | J107: 0.875 | K107: =IF(J107="","",IF(AND(B107="PAGI",J107<=TIME(14,0,0)),(J107-TIME(7,30,0))*24,IF(AND(B107="PAGI",J107>TIME(14,0,0)),((J107-TIME(7,30,0))*24)-1,IF(AND(B107="malam",J107<TIME(3,0,0)),3.75+(J107*24)-0.5,IF(AND(B107="malam",J107<TIME(5,5,0)),3.75+(J107*24)-0.75,(J107-TIME(20,0,0))*24))))) -> 1 | L107: =IFERROR(8-K107,"") -> 7 | M107: =L107 -> 7 | N107: SHORTAGE MATERIAL | O107: SHORTAGE MATERIAL | S107: =COUNTIF(A:A,C107&D107) -> 1
A108: =C108&D108 -> 4544619866 | B108: =IF(AND(J108>=TIME(7,30,0),J108<=TIME(16,30,0)),"PAGI","MALAM") -> MALAM | C108: 45446 | D108: 19866 | E108: ARI EGASAPUTRA | F108: PRM | G108: DL | H108: CV M03 | I108: A | J108: 0.875 | K108: =IF(J108="","",IF(AND(B108="PAGI",J108<=TIME(14,0,0)),(J108-TIME(7,30,0))*24,IF(AND(B108="PAGI",J108>TIME(14,0,0)),((J108-TIME(7,30,0))*24)-1,IF(AND(B108="malam",J108<TIME(3,0,0)),3.75+(J108*24)-0.5,IF(AND(B108="malam",J108<TIME(5,5,0)),3.75+(J108*24)-0.75,(J108-TIME(20,0,0))*24))))) -> 1 | L108: =IFERROR(8-K108,"") -> 7 | M108: =L108 -> 7 | N108: SHORTAGE MATERIAL | O108: SHORTAGE MATERIAL | S108: =COUNTIF(A:A,C108&D108) -> 1
A109: =C109&D109 -> 4544729977 | B109: =IF(AND(J109>=TIME(7,30,0),J109<=TIME(16,30,0)),"PAGI","MALAM") -> PAGI | C109: 45447 | D109: 29977 | E109: FERINA SEPTIYANING TYAS | F109: C1 | G109: DL | H109: CV S03 | I109: B | J109: 0.54166667 | K109: =IF(J109="","",IF(AND(B109="PAGI",J109<=TIME(14,0,0)),(J109-TIME(7,30,0))*24,IF(AND(B109="PAGI",J109>TIME(14,0,0)),((J109-TIME(7,30,0))*24)-1,IF(AND(B109="malam",J109<TIME(3,0,0)),3.75+(J109*24)-0.5,IF(AND(B109="malam",J109<TIME(5,5,0)),3.75+(J109*24)-0.75,(J109-TIME(20,0,0))*24))))) -> 5.5 | L109: =IFERROR(8-K109,"") -> 2.5 | M109: =L109 -> 2.5 | N109: SHORTAGE MATERIAL | O109: SHORTAGE MATERIAL | S109: =COUNTIF(A:A,C109&D109) -> 1
A110: =C110&D110 -> 4544729971 | B110: =IF(AND(J110>=TIME(7,30,0),J110<=TIME(16,30,0)),"PAGI","MALAM") -> PAGI | C110: 45447 | D110: 29971 | E110: DWI ASTUTI | F110: C1 | G110: DL | H110: CV S03 | I110: B | J110: 0.54166667 | K110: =IF(J110="","",IF(AND(B110="PAGI",J110<=TIME(14,0,0)),(J110-TIME(7,30,0))*24,IF(AND(B110="PAGI",J110>TIME(14,0,0)),((J110-TIME(7,30,0))*24)-1,IF(AND(B110="malam",J110<TIME(3,0,0)),3.75+(J110*24)-0.5,IF(AND(B110="malam",J110<TIME(5,5,0)),3.75+(J110*24)-0.75,(J110-TIME(20,0,0))*24))))) -> 5.5 | L110: =IFERROR(8-K110,"") -> 2.5 | M110: =L110 -> 2.5 | N110: SHORTAGE MATERIAL | O110: SHORTAGE MATERIAL | S110: =COUNTIF(A:A,C110&D110) -> 1
A111: =C111&D111 -> 4544729602 | B111: =IF(AND(J111>=TIME(7,30,0),J111<=TIME(16,30,0)),"PAGI","MALAM") -> PAGI | C111: 45447 | D111: 29602 | E111: NOFA WULAN SAFITRI | F111: C1 | G111: DL | H111: CV S03 | I111: B | J111: 0.54166667 | K111: =IF(J111="","",IF(AND(B111="PAGI",J111<=TIME(14,0,0)),(J111-TIME(7,30,0))*24,IF(AND(B111="PAGI",J111>TIME(14,0,0)),((J111-TIME(7,30,0))*24)-1,IF(AND(B111="malam",J111<TIME(3,0,0)),3.75+(J111*24)-0.5,IF(AND(B111="malam",J111<TIME(5,5,0)),3.75+(J111*24)-0.75,(J111-TIME(20,0,0))*24))))) -> 5.5 | L111: =IFERROR(8-K111,"") -> 2.5 | M111: =L111 -> 2.5 | N111: SHORTAGE MATERIAL | O111: SHORTAGE MATERIAL | S111: =COUNTIF(A:A,C111&D111) -> 1
A112: =C112&D112 -> 4544729055 | B112: =IF(AND(J112>=TIME(7,30,0),J112<=TIME(16,30,0)),"PAGI","MALAM") -> PAGI | C112: 45447 | D112: 29055 | E112: SOFINGATUN KHASANAH | F112: C1 | G112: PI | H112: CPA MAZDA | I112: NS | J112: 0.35416667 | K112: =IF(J112="","",IF(AND(B112="PAGI",J112<=TIME(14,0,0)),(J112-TIME(7,30,0))*24,IF(AND(B112="PAGI",J112>TIME(14,0,0)),((J112-TIME(7,30,0))*24)-1,IF(AND(B112="malam",J112<TIME(3,0,0)),3.75+(J112*24)-0.5,IF(AND(B112="malam",J112<TIME(5,5,0)),3.75+(J112*24)-0.75,(J112-TIME(20,0,0))*24))))) -> 1 | L112: =IFERROR(8-K112,"") -> 7 | M112: =L112 -> 7 | N112: PREPARATION | O112: PREPARATION | S112: =COUNTIF(A:A,C112&D112) -> 1
A113: =C113&D113 -> 4544729479 | B113: =IF(AND(J113>=TIME(7,30,0),J113<=TIME(16,30,0)),"PAGI","MALAM") -> PAGI | C113: 45447 | D113: 29479 | E113: DWI ATI SUPRIHATIN | F113: C1 | G113: DL | H113: CPA MAZDA | I113: NS | J113: 0.35416667 | K113: =IF(J113="","",IF(AND(B113="PAGI",J113<=TIME(14,0,0)),(J113-TIME(7,30,0))*24,IF(AND(B113="PAGI",J113>TIME(14,0,0)),((J113-TIME(7,30,0))*24)-1,IF(AND(B113="malam",J113<TIME(3,0,0)),3.75+(J113*24)-0.5,IF(AND(B113="malam",J113<TIME(5,5,0)),3.75+(J113*24)-0.75,(J113-TIME(20,0,0))*24))))) -> 1 | L113: =IFERROR(8-K113,"") -> 7 | M113: =L113 -> 7 | N113: PREPARATION | O113: PREPARATION | S113: =COUNTIF(A:A,C113&D113) -> 1
A114: =C114&D114 -> 45447B00153 | B114: =IF(AND(J114>=TIME(7,30,0),J114<=TIME(16,30,0)),"PAGI","MALAM") -> PAGI | C114: 45447 | D114: B00153 | E114: NUR HIDAYAH | F114: PRM | G114: DL | H114: CPA MAZDA | I114: NS | J114: 0.35416667 | K114: =IF(J114="","",IF(AND(B114="PAGI",J114<=TIME(14,0,0)),(J114-TIME(7,30,0))*24,IF(AND(B114="PAGI",J114>TIME(14,0,0)),((J114-TIME(7,30,0))*24)-1,IF(AND(B114="malam",J114<TIME(3,0,0)),3.75+(J114*24)-0.5,IF(AND(B114="malam",J114<TIME(5,5,0)),3.75+(J114*24)-0.75,(J114-TIME(20,0,0))*24))))) -> 1 | L114: =IFERROR(8-K114,"") -> 7 | M114: =L114 -> 7 | N114: PREPARATION | O114: PREPARATION | S114: =COUNTIF(A:A,C114&D114) -> 1
A115: =C115&D115 -> 4544729034 | B115: =IF(AND(J115>=TIME(7,30,0),J115<=TIME(16,30,0)),"PAGI","MALAM") -> PAGI | C115: 45447 | D115: 29034 | E115: MILAH NUR KHASANAH | F115: C1 | G115: PI | H115: CPA MAZDA | I115: NS | J115: 0.35416667 | K115: =IF(J115="","",IF(AND(B115="PAGI",J115<=TIME(14,0,0)),(J115-TIME(7,30,0))*24,IF(AND(B115="PAGI",J115>TIME(14,0,0)),((J115-TIME(7,30,0))*24)-1,IF(AND(B115="malam",J115<TIME(3,0,0)),3.75+(J115*24)-0.5,IF(AND(B115="malam",J115<TIME(5,5,0)),3.75+(J115*24)-0.75,(J115-TIME(20,0,0))*24))))) -> 1 | L115: =IFERROR(8-K115,"") -> 7 | M115: =L115 -> 7 | N115: PREPARATION | O115: PREPARATION | S115: =COUNTIF(A:A,C115&D115) -> 1
A116: =C116&D116 -> 454471106 | B116: =IF(AND(J116>=TIME(7,30,0),J116<=TIME(16,30,0)),"PAGI","MALAM") -> PAGI | C116: 45447 | D116: 1106 | E116: KHUSWATUN KHASANAH | F116: PRM | G116: PI | H116: CPA MAZDA | I116: NS | J116: 0.35416667 | K116: =IF(J116="","",IF(AND(B116="PAGI",J116<=TIME(14,0,0)),(J116-TIME(7,30,0))*24,IF(AND(B116="PAGI",J116>TIME(14,0,0)),((J116-TIME(7,30,0))*24)-1,IF(AND(B116="malam",J116<TIME(3,0,0)),3.75+(J116*24)-0.5,IF(AND(B116="malam",J116<TIME(5,5,0)),3.75+(J116*24)-0.75,(J116-TIME(20,0,0))*24))))) -> 1 | L116: =IFERROR(8-K116,"") -> 7 | M116: =L116 -> 7 | N116: PREPARATION | O116: PREPARATION | S116: =COUNTIF(A:A,C116&D116) -> 1
A117: =C117&D117 -> 4544729191 | B117: =IF(AND(J117>=TIME(7,30,0),J117<=TIME(16,30,0)),"PAGI","MALAM") -> PAGI | C117: 45447 | D117: 29191 | E117: DIYAN FITRIANI | F117: C1 | G117: DL | H117: CPA MAZDA | I117: NS | J117: 0.35416667 | K117: =IF(J117="","",IF(AND(B117="PAGI",J117<=TIME(14,0,0)),(J117-TIME(7,30,0))*24,IF(AND(B117="PAGI",J117>TIME(14,0,0)),((J117-TIME(7,30,0))*24)-1,IF(AND(B117="malam",J117<TIME(3,0,0)),3.75+(J117*24)-0.5,IF(AND(B117="malam",J117<TIME(5,5,0)),3.75+(J117*24)-0.75,(J117-TIME(20,0,0))*24))))) -> 1 | L117: =IFERROR(8-K117,"") -> 7 | M117: =L117 -> 7 | N117: PREPARATION | O117: PREPARATION | S117: =COUNTIF(A:A,C117&D117) -> 1
A118: =C118&D118 -> 4544711942 | B118: =IF(AND(J118>=TIME(7,30,0),J118<=TIME(16,30,0)),"PAGI","MALAM") -> PAGI | C118: 45447 | D118: 11942 | E118: MUALIFAH | F118: PRM | G118: DL | H118: CPA MAZDA | I118: NS | J118: 0.35416667 | K118: =IF(J118="","",IF(AND(B118="PAGI",J118<=TIME(14,0,0)),(J118-TIME(7,30,0))*24,IF(AND(B118="PAGI",J118>TIME(14,0,0)),((J118-TIME(7,30,0))*24)-1,IF(AND(B118="malam",J118<TIME(3,0,0)),3.75+(J118*24)-0.5,IF(AND(B118="malam",J118<TIME(5,5,0)),3.75+(J118*24)-0.75,(J118-TIME(20,0,0))*24))))) -> 1 | L118: =IFERROR(8-K118,"") -> 7 | M118: =L118 -> 7 | N118: PREPARATION | O118: PREPARATION | S118: =COUNTIF(A:A,C118&D118) -> 1
A119: =C119&D119 -> 4544729549 | B119: =IF(AND(J119>=TIME(7,30,0),J119<=TIME(16,30,0)),"PAGI","MALAM") -> PAGI | C119: 45447 | D119: 29549 | E119: MITA AMELIA | F119: C1 | G119: DL | H119: CPA MAZDA | I119: NS | J119: 0.35416667 | K119: =IF(J119="","",IF(AND(B119="PAGI",J119<=TIME(14,0,0)),(J119-TIME(7,30,0))*24,IF(AND(B119="PAGI",J119>TIME(14,0,0)),((J119-TIME(7,30,0))*24)-1,IF(AND(B119="malam",J119<TIME(3,0,0)),3.75+(J119*24)-0.5,IF(AND(B119="malam",J119<TIME(5,5,0)),3.75+(J119*24)-0.75,(J119-TIME(20,0,0))*24))))) -> 1 | L119: =IFERROR(8-K119,"") -> 7 | M119: =L119 -> 7 | N119: PREPARATION | O119: PREPARATION | S119: =COUNTIF(A:A,C119&D119) -> 1
A120: =C120&D120 -> 4544729139 | B120: =IF(AND(J120>=TIME(7,30,0),J120<=TIME(16,30,0)),"PAGI","MALAM") -> MALAM | C120: 45447 | D120: 29139 | E120: FRISTY WULANDARI | F120: C1 | G120: DL | H120: CV H05 | I120: A | J120: 0.070138889 | K120: =IF(J120="","",IF(AND(B120="PAGI",J120<=TIME(14,0,0)),(J120-TIME(7,30,0))*24,IF(AND(B120="PAGI",J120>TIME(14,0,0)),((J120-TIME(7,30,0))*24)-1,IF(AND(B120="malam",J120<TIME(3,0,0)),3.75+(J120*24)-0.5,IF(AND(B120="malam",J120<TIME(5,5,0)),3.75+(J120*24)-0.75,(J120-TIME(20,0,0))*24))))) -> 4.9333333 | L120: =IFERROR(8-K120,"") -> 3.0666667 | M120: =L120 -> 3.0666667 | N120: SISA MP TIDAK DIGUNAKAN KARENA MOVING LOADING HEV KE PET | O120: MOVING LOADING | S120: =COUNTIF(A:A,C120&D120) -> 1
A121: =C121&D121 -> 4544711357 | B121: =IF(AND(J121>=TIME(7,30,0),J121<=TIME(16,30,0)),"PAGI","MALAM") -> MALAM | C121: 45447 | D121: 11357 | E121: SISKA WIJAYANTI | F121: PRM | G121: DL | H121: CV H05 | I121: A | J121: 0.070138889 | K121: =IF(J121="","",IF(AND(B121="PAGI",J121<=TIME(14,0,0)),(J121-TIME(7,30,0))*24,IF(AND(B121="PAGI",J121>TIME(14,0,0)),((J121-TIME(7,30,0))*24)-1,IF(AND(B121="malam",J121<TIME(3,0,0)),3.75+(J121*24)-0.5,IF(AND(B121="malam",J121<TIME(5,5,0)),3.75+(J121*24)-0.75,(J121-TIME(20,0,0))*24))))) -> 4.9333333 | L121: =IFERROR(8-K121,"") -> 3.0666667 | M121: =L121 -> 3.0666667 | N121: SISA MP TIDAK DIGUNAKAN KARENA MOVING LOADING HEV KE PET | O121: MOVING LOADING | S121: =COUNTIF(A:A,C121&D121) -> 1
A122: =C122&D122 -> 4544728280 | B122: =IF(AND(J122>=TIME(7,30,0),J122<=TIME(16,30,0)),"PAGI","MALAM") -> MALAM | C122: 45447 | D122: 28280 | E122: PINA DAMAYANTI | F122: C2 | G122: DL | H122: CV H05 | I122: A | J122: 0.070138889 | K122: =IF(J122="","",IF(AND(B122="PAGI",J122<=TIME(14,0,0)),(J122-TIME(7,30,0))*24,IF(AND(B122="PAGI",J122>TIME(14,0,0)),((J122-TIME(7,30,0))*24)-1,IF(AND(B122="malam",J122<TIME(3,0,0)),3.75+(J122*24)-0.5,IF(AND(B122="malam",J122<TIME(5,5,0)),3.75+(J122*24)-0.75,(J122-TIME(20,0,0))*24))))) -> 4.9333333 | L122: =IFERROR(8-K122,"") -> 3.0666667 | M122: =L122 -> 3.0666667 | N122: SISA MP TIDAK DIGUNAKAN KARENA MOVING LOADING HEV KE PET | O122: MOVING LOADING | S122: =COUNTIF(A:A,C122&D122) -> 1
A123: =C123&D123 -> 4544729979 | B123: =IF(AND(J123>=TIME(7,30,0),J123<=TIME(16,30,0)),"PAGI","MALAM") -> MALAM | C123: 45447 | D123: 29979 | E123: FITRI NIPIYANI | F123: C1 | G123: DL | H123: CV H05 | I123: A | J123: 0.070138889 | K123: =IF(J123="","",IF(AND(B123="PAGI",J123<=TIME(14,0,0)),(J123-TIME(7,30,0))*24,IF(AND(B123="PAGI",J123>TIME(14,0,0)),((J123-TIME(7,30,0))*24)-1,IF(AND(B123="malam",J123<TIME(3,0,0)),3.75+(J123*24)-0.5,IF(AND(B123="malam",J123<TIME(5,5,0)),3.75+(J123*24)-0.75,(J123-TIME(20,0,0))*24))))) -> 4.9333333 | L123: =IFERROR(8-K123,"") -> 3.0666667 | M123: =L123 -> 3.0666667 | N123: SISA MP TIDAK DIGUNAKAN KARENA MOVING LOADING HEV KE PET | O123: MOVING LOADING | S123: =COUNTIF(A:A,C123&D123) -> 1
A124: =C124&D124 -> 4544729546 | B124: =IF(AND(J124>=TIME(7,30,0),J124<=TIME(16,30,0)),"PAGI","MALAM") -> MALAM | C124: 45447 | D124: 29546 | E124: LIA AMELIA | F124: C1 | G124: DL | H124: CV H05 | I124: A | J124: 0.070138889 | K124: =IF(J124="","",IF(AND(B124="PAGI",J124<=TIME(14,0,0)),(J124-TIME(7,30,0))*24,IF(AND(B124="PAGI",J124>TIME(14,0,0)),((J124-TIME(7,30,0))*24)-1,IF(AND(B124="malam",J124<TIME(3,0,0)),3.75+(J124*24)-0.5,IF(AND(B124="malam",J124<TIME(5,5,0)),3.75+(J124*24)-0.75,(J124-TIME(20,0,0))*24))))) -> 4.9333333 | L124: =IFERROR(8-K124,"") -> 3.0666667 | M124: =L124 -> 3.0666667 | N124: SISA MP TIDAK DIGUNAKAN KARENA MOVING LOADING HEV KE PET | O124: MOVING LOADING | S124: =COUNTIF(A:A,C124&D124) -> 1
A125: =C125&D125 -> 4544712470 | B125: =IF(AND(J125>=TIME(7,30,0),J125<=TIME(16,30,0)),"PAGI","MALAM") -> MALAM | C125: 45447 | D125: 12470 | E125: IKKA PRASETIYOWATI | F125: PRM | G125: DL | H125: CV H05 | I125: A | J125: 0.070138889 | K125: =IF(J125="","",IF(AND(B125="PAGI",J125<=TIME(14,0,0)),(J125-TIME(7,30,0))*24,IF(AND(B125="PAGI",J125>TIME(14,0,0)),((J125-TIME(7,30,0))*24)-1,IF(AND(B125="malam",J125<TIME(3,0,0)),3.75+(J125*24)-0.5,IF(AND(B125="malam",J125<TIME(5,5,0)),3.75+(J125*24)-0.75,(J125-TIME(20,0,0))*24))))) -> 4.9333333 | L125: =IFERROR(8-K125,"") -> 3.0666667 | M125: =L125 -> 3.0666667 | N125: SISA MP TIDAK DIGUNAKAN KARENA MOVING LOADING HEV KE PET | O125: MOVING LOADING | S125: =COUNTIF(A:A,C125&D125) -> 1
A126: =C126&D126 -> 4544728785 | B126: =IF(AND(J126>=TIME(7,30,0),J126<=TIME(16,30,0)),"PAGI","MALAM") -> MALAM | C126: 45447 | D126: 28785 | E126: SISKA NIRMALASARI | F126: C2 | G126: PI | H126: CV H05 | I126: A | J126: 0.070138889 | K126: =IF(J126="","",IF(AND(B126="PAGI",J126<=TIME(14,0,0)),(J126-TIME(7,30,0))*24,IF(AND(B126="PAGI",J126>TIME(14,0,0)),((J126-TIME(7,30,0))*24)-1,IF(AND(B126="malam",J126<TIME(3,0,0)),3.75+(J126*24)-0.5,IF(AND(B126="malam",J126<TIME(5,5,0)),3.75+(J126*24)-0.75,(J126-TIME(20,0,0))*24))))) -> 4.9333333 | L126: =IFERROR(8-K126,"") -> 3.0666667 | M126: =L126 -> 3.0666667 | N126: SISA MP TIDAK DIGUNAKAN KARENA MOVING LOADING HEV KE PET | O126: MOVING LOADING | S126: =COUNTIF(A:A,C126&D126) -> 1
... A150: =C150&D150 -> 454479521 | B150: =IF(AND(J150>=TIME(7,30,0),J150<=TIME(16,30,0)),"PAGI","MALAM") -> PAGI | C150: 45447 | D150: 9521 | E150: NITA PURNAMA SARI | F150: PRM | G150: PI | H150: CPA HONDA FIT | I150: B | J150: 0.4375 | K150: =IF(J150="","",IF(AND(B150="PAGI",J150<=TIME(14,0,0)),(J150-TIME(7,30,0))*24,IF(AND(B150="PAGI",J150>TIME(14,0,0)),((J150-TIME(7,30,0))*24)-1,IF(AND(B150="malam",J150<TIME(3,0,0)),3.75+(J150*24)-0.5,IF(AND(B150="malam",J150<TIME(5,5,0)),3.75+(J150*24)-0.75,(J150-TIME(20,0,0))*24))))) -> 3 | L150: =IFERROR(8-K150,"") -> 5 | M150: =L150 -> 5 | N150: SHORTAGE MATERIAL | O150: SHORTAGE MATERIAL | S150: =COUNTIF(A:A,C150&D150) -> 1
A151: =C151&D151 -> 45447B00816 | B151: =IF(AND(J151>=TIME(7,30,0),J151<=TIME(16,30,0)),"PAGI","MALAM") -> PAGI | C151: 45447 | D151: B00816 | E151: ESTI PURWANINGSIH | F151: PRM | G151: PI | H151: CPA HONDA FIT | I151: B | J151: 0.4375 | K151: =IF(J151="","",IF(AND(B151="PAGI",J151<=TIME(14,0,0)),(J151-TIME(7,30,0))*24,IF(AND(B151="PAGI",J151>TIME(14,0,0)),((J151-TIME(7,30,0))*24)-1,IF(AND(B151="malam",J151<TIME(3,0,0)),3.75+(J151*24)-0.5,IF(AND(B151="malam",J151<TIME(5,5,0)),3.75+(J151*24)-0.75,(J151-TIME(20,0,0))*24))))) -> 3 | L151: =IFERROR(8-K151,"") -> 5 | M151: =L151 -> 5 | N151: SHORTAGE MATERIAL | O151: SHORTAGE MATERIAL | S151: =COUNTIF(A:A,C151&D151) -> 1
A152: =C152&D152 -> 4544730149 | B152: =IF(AND(J152>=TIME(7,30,0),J152<=TIME(16,30,0)),"PAGI","MALAM") -> PAGI | C152: 45447 | D152: 30149 | E152: SUSMIYATI | F152: C1 | G152: PI | H152: CPA HONDA FIT | I152: B | J152: 0.4375 | K152: =IF(J152="","",IF(AND(B152="PAGI",J152<=TIME(14,0,0)),(J152-TIME(7,30,0))*24,IF(AND(B152="PAGI",J152>TIME(14,0,0)),((J152-TIME(7,30,0))*24)-1,IF(AND(B152="malam",J152<TIME(3,0,0)),3.75+(J152*24)-0.5,IF(AND(B152="malam",J152<TIME(5,5,0)),3.75+(J152*24)-0.75,(J152-TIME(20,0,0))*24))))) -> 3 | L152: =IFERROR(8-K152,"") -> 5 | M152: =L152 -> 5 | N152: SHORTAGE MATERIAL | O152: SHORTAGE MATERIAL | S152: =COUNTIF(A:A,C152&D152) -> 1
A153: =C153&D153 -> 4544730025 | B153: =IF(AND(J153>=TIME(7,30,0),J153<=TIME(16,30,0)),"PAGI","MALAM") -> PAGI | C153: 45447 | D153: 30025 | E153: VIVI FATIKHA WIDHYASTUTI | F153: C1 | G153: PI | H153: CPA HONDA FIT | I153: B | J153: 0.4375 | K153: =IF(J153="","",IF(AND(B153="PAGI",J153<=TIME(14,0,0)),(J153-TIME(7,30,0))*24,IF(AND(B153="PAGI",J153>TIME(14,0,0)),((J153-TIME(7,30,0))*24)-1,IF(AND(B153="malam",J153<TIME(3,0,0)),3.75+(J153*24)-0.5,IF(AND(B153="malam",J153<TIME(5,5,0)),3.75+(J153*24)-0.75,(J153-TIME(20,0,0))*24))))) -> 3 | L153: =IFERROR(8-K153,"") -> 5 | M153: =L153 -> 5 | N153: SHORTAGE MATERIAL | O153: SHORTAGE MATERIAL | S153: =COUNTIF(A:A,C153&D153) -> 1
A154: =C154&D154 -> 454478864 | B154: =IF(AND(J154>=TIME(7,30,0),J154<=TIME(16,30,0)),"PAGI","MALAM") -> PAGI | C154: 45447 | D154: 8864 | E154: SITI YULI ANI | F154: PRM | G154: DL | H154: CPA HONDA FIT | I154: B | J154: 0.4375 | K154: =IF(J154="","",IF(AND(B154="PAGI",J154<=TIME(14,0,0)),(J154-TIME(7,30,0))*24,IF(AND(B154="PAGI",J154>TIME(14,0,0)),((J154-TIME(7,30,0))*24)-1,IF(AND(B154="malam",J154<TIME(3,0,0)),3.75+(J154*24)-0.5,IF(AND(B154="malam",J154<TIME(5,5,0)),3.75+(J154*24)-0.75,(J154-TIME(20,0,0))*24))))) -> 3 | L154: =IFERROR(8-K154,"") -> 5 | M154: =L154 -> 5 | N154: SHORTAGE MATERIAL | O154: SHORTAGE MATERIAL | S154: =COUNTIF(A:A,C154&D154) -> 1
A155: =C155&D155 -> 4544715197 | B155: =IF(AND(J155>=TIME(7,30,0),J155<=TIME(16,30,0)),"PAGI","MALAM") -> PAGI | C155: 45447 | D155: 15197 | E155: NUR FITRIYA NINGSIH | F155: PRM | G155: PI | H155: CPA HONDA FIT | I155: B | J155: 0.4375 | K155: =IF(J155="","",IF(AND(B155="PAGI",J155<=TIME(14,0,0)),(J155-TIME(7,30,0))*24,IF(AND(B155="PAGI",J155>TIME(14,0,0)),((J155-TIME(7,30,0))*24)-1,IF(AND(B155="malam",J155<TIME(3,0,0)),3.75+(J155*24)-0.5,IF(AND(B155="malam",J155<TIME(5,5,0)),3.75+(J155*24)-0.75,(J155-TIME(20,0,0))*24))))) -> 3 | L155: =IFERROR(8-K155,"") -> 5 | M155: =L155 -> 5 | N155: SHORTAGE MATERIAL | O155: SHORTAGE MATERIAL | S155: =COUNTIF(A:A,C155&D155) -> 1
A156: =C156&D156 -> 4544728679 | B156: =IF(AND(J156>=TIME(7,30,0),J156<=TIME(16,30,0)),"PAGI","MALAM") -> PAGI | C156: 45447 | D156: 28679 | E156: HALIMAH TUN SADIAH | F156: C2 | G156: DL | H156: CV H02 | I156: B | J156: 0.4375 | K156: =IF(J156="","",IF(AND(B156="PAGI",J156<=TIME(14,0,0)),(J156-TIME(7,30,0))*24,IF(AND(B156="PAGI",J156>TIME(14,0,0)),((J156-TIME(7,30,0))*24)-1,IF(AND(B156="malam",J156<TIME(3,0,0)),3.75+(J156*24)-0.5,IF(AND(B156="malam",J156<TIME(5,5,0)),3.75+(J156*24)-0.75,(J156-TIME(20,0,0))*24))))) -> 3 | L156: =IFERROR(8-K156,"") -> 5 | M156: =L156 -> 5 | N156: SHORTAGE MATERIAL | O156: SHORTAGE MATERIAL | S156: =COUNTIF(A:A,C156&D156) -> 1
A157: =C157&D157 -> 4544728633 | B157: =IF(AND(J157>=TIME(7,30,0),J157<=TIME(16,30,0)),"PAGI","MALAM") -> PAGI | C157: 45447 | D157: 28633 | E157: LINDA KURNIAWATI | F157: C2 | G157: DL | H157: CV H02 | I157: B | J157: 0.4375 | K157: =IF(J157="","",IF(AND(B157="PAGI",J157<=TIME(14,0,0)),(J157-TIME(7,30,0))*24,IF(AND(B157="PAGI",J157>TIME(14,0,0)),((J157-TIME(7,30,0))*24)-1,IF(AND(B157="malam",J157<TIME(3,0,0)),3.75+(J157*24)-0.5,IF(AND(B157="malam",J157<TIME(5,5,0)),3.75+(J157*24)-0.75,(J157-TIME(20,0,0))*24))))) -> 3 | L157: =IFERROR(8-K157,"") -> 5 | M157: =L157 -> 5 | N157: SHORTAGE MATERIAL | O157: SHORTAGE MATERIAL | S157: =COUNTIF(A:A,C157&D157) -> 1
A158: =C158&D158 -> 4544728181 | B158: =IF(AND(J158>=TIME(7,30,0),J158<=TIME(16,30,0)),"PAGI","MALAM") -> PAGI | C158: 45447 | D158: 28181 | E158: WULAN ANGGRAENI | F158: C2 | G158: DL | H158: CV H02 | I158: B | J158: 0.4375 | K158: =IF(J158="","",IF(AND(B158="PAGI",J158<=TIME(14,0,0)),(J158-TIME(7,30,0))*24,IF(AND(B158="PAGI",J158>TIME(14,0,0)),((J158-TIME(7,30,0))*24)-1,IF(AND(B158="malam",J158<TIME(3,0,0)),3.75+(J158*24)-0.5,IF(AND(B158="malam",J158<TIME(5,5,0)),3.75+(J158*24)-0.75,(J158-TIME(20,0,0))*24))))) -> 3 | L158: =IFERROR(8-K158,"") -> 5 | M158: =L158 -> 5 | N158: SHORTAGE MATERIAL | O158: SHORTAGE MATERIAL | S158: =COUNTIF(A:A,C158&D158) -> 1
A159: =C159&D159 -> 4544729329 | B159: =IF(AND(J159>=TIME(7,30,0),J159<=TIME(16,30,0)),"PAGI","MALAM") -> PAGI | C159: 45447 | D159: 29329 | E159: RENI VITASARI | F159: C1 | G159: DL | H159: CV H02 | I159: B | J159: 0.4375 | K159: =IF(J159="","",IF(AND(B159="PAGI",J159<=TIME(14,0,0)),(J159-TIME(7,30,0))*24,IF(AND(B159="PAGI",J159>TIME(14,0,0)),((J159-TIME(7,30,0))*24)-1,IF(AND(B159="malam",J159<TIME(3,0,0)),3.75+(J159*24)-0.5,IF(AND(B159="malam",J159<TIME(5,5,0)),3.75+(J159*24)-0.75,(J159-TIME(20,0,0))*24))))) -> 3 | L159: =IFERROR(8-K159,"") -> 5 | M159: =L159 -> 5 | N159: SHORTAGE MATERIAL | O159: SHORTAGE MATERIAL | S159: =COUNTIF(A:A,C159&D159) -> 1
A160: =C160&D160 -> 4544728110 | B160: =IF(AND(J160>=TIME(7,30,0),J160<=TIME(16,30,0)),"PAGI","MALAM") -> PAGI | C160: 45447 | D160: 28110 | E160: ARIF NUR SALIH | F160: C2 | G160: DL | H160: CV H02 | I160: B | J160: 0.4375 | K160: =IF(J160="","",IF(AND(B160="PAGI",J160<=TIME(14,0,0)),(J160-TIME(7,30,0))*24,IF(AND(B160="PAGI",J160>TIME(14,0,0)),((J160-TIME(7,30,0))*24)-1,IF(AND(B160="malam",J160<TIME(3,0,0)),3.75+(J160*24)-0.5,IF(AND(B160="malam",J160<TIME(5,5,0)),3.75+(J160*24)-0.75,(J160-TIME(20,0,0))*24))))) -> 3 | L160: =IFERROR(8-K160,"") -> 5 | M160: =L160 -> 5 | N160: SHORTAGE MATERIAL | O160: SHORTAGE MATERIAL | S160: =COUNTIF(A:A,C160&D160) -> 1
A161: =C161&D161 -> 4544722793 | B161: =IF(AND(J161>=TIME(7,30,0),J161<=TIME(16,30,0)),"PAGI","MALAM") -> PAGI | C161: 45447 | D161: 22793 | E161: RISKI MUSTOFA | F161: PRM | G161: DL | H161: CV H02 | I161: B | J161: 0.4375 | K161: =IF(J161="","",IF(AND(B161="PAGI",J161<=TIME(14,0,0)),(J161-TIME(7,30,0))*24,IF(AND(B161="PAGI",J161>TIME(14,0,0)),((J161-TIME(7,30,0))*24)-1,IF(AND(B161="malam",J161<TIME(3,0,0)),3.75+(J161*24)-0.5,IF(AND(B161="malam",J161<TIME(5,5,0)),3.75+(J161*24)-0.75,(J161-TIME(20,0,0))*24))))) -> 3 | L161: =IFERROR(8-K161,"") -> 5 | M161: =L161 -> 5 | N161: SHORTAGE MATERIAL | O161: SHORTAGE MATERIAL | S161: =COUNTIF(A:A,C161&D161) -> 1
A162: =C162&D162 -> 4544728935 | B162: =IF(AND(J162>=TIME(7,30,0),J162<=TIME(16,30,0)),"PAGI","MALAM") -> PAGI | C162: 45447 | D162: 28935 | E162: ACHMAD SYAEFUL RIYAN | F162: C1 | G162: DL | H162: CV H02 | I162: B | J162: 0.4375 | K162: =IF(J162="","",IF(AND(B162="PAGI",J162<=TIME(14,0,0)),(J162-TIME(7,30,0))*24,IF(AND(B162="PAGI",J162>TIME(14,0,0)),((J162-TIME(7,30,0))*24)-1,IF(AND(B162="malam",J162<TIME(3,0,0)),3.75+(J162*24)-0.5,IF(AND(B162="malam",J162<TIME(5,5,0)),3.75+(J162*24)-0.75,(J162-TIME(20,0,0))*24))))) -> 3 | L162: =IFERROR(8-K162,"") -> 5 | M162: =L162 -> 5 | N162: SHORTAGE MATERIAL | O162: SHORTAGE MATERIAL | S162: =COUNTIF(A:A,C162&D162) -> 1
A163: =C163&D163 -> 4544728168 | B163: =IF(AND(J163>=TIME(7,30,0),J163<=TIME(16,30,0)),"PAGI","MALAM") -> PAGI | C163: 45447 | D163: 28168 | E163: REZA YOGA SAPUTRA | F163: C2 | G163: DL | H163: CV H02 | I163: B | J163: 0.4375 | K163: =IF(J163="","",IF(AND(B163="PAGI",J163<=TIME(14,0,0)),(J163-TIME(7,30,0))*24,IF(AND(B163="PAGI",J163>TIME(14,0,0)),((J163-TIME(7,30,0))*24)-1,IF(AND(B163="malam",J163<TIME(3,0,0)),3.75+(J163*24)-0.5,IF(AND(B163="malam",J163<TIME(5,5,0)),3.75+(J163*24)-0.75,(J163-TIME(20,0,0))*24))))) -> 3 | L163: =IFERROR(8-K163,"") -> 5 | M163: =L163 -> 5 | N163: SHORTAGE MATERIAL | O163: SHORTAGE MATERIAL | S163: =COUNTIF(A:A,C163&D163) -> 1
... A183: =C183&D183 -> 4544710416 | B183: =IF(AND(J183>=TIME(7,30,0),J183<=TIME(16,30,0)),"PAGI","MALAM") -> PAGI | C183: 45447 | D183: 10416 | E183: SAFITRI DEWI KHOERIYAH | F183: PRM | G183: DL | H183: CV H02 | I183: B | J183: 0.4375 | K183: =IF(J183="","",IF(AND(B183="PAGI",J183<=TIME(14,0,0)),(J183-TIME(7,30,0))*24,IF(AND(B183="PAGI",J183>TIME(14,0,0)),((J183-TIME(7,30,0))*24)-1,IF(AND(B183="malam",J183<TIME(3,0,0)),3.75+(J183*24)-0.5,IF(AND(B183="malam",J183<TIME(5,5,0)),3.75+(J183*24)-0.75,(J183-TIME(20,0,0))*24))))) -> 3 | L183: =IFERROR(8-K183,"") -> 5 | M183: =L183 -> 5 | N183: SHORTAGE MATERIAL | O183: SHORTAGE MATERIAL | S183: =COUNTIF(A:A,C183&D183) -> 1
A184: =C184&D184 -> 45447B00362 | B184: =IF(AND(J184>=TIME(7,30,0),J184<=TIME(16,30,0)),"PAGI","MALAM") -> PAGI | C184: 45447 | D184: B00362 | E184: ETIK SURYANI | F184: PRM | G184: DL | H184: CV H02 | I184: B | J184: 0.4375 | K184: =IF(J184="","",IF(AND(B184="PAGI",J184<=TIME(14,0,0)),(J184-TIME(7,30,0))*24,IF(AND(B184="PAGI",J184>TIME(14,0,0)),((J184-TIME(7,30,0))*24)-1,IF(AND(B184="malam",J184<TIME(3,0,0)),3.75+(J184*24)-0.5,IF(AND(B184="malam",J184<TIME(5,5,0)),3.75+(J184*24)-0.75,(J184-TIME(20,0,0))*24))))) -> 3 | L184: =IFERROR(8-K184,"") -> 5 | M184: =L184 -> 5 | N184: SHORTAGE MATERIAL | O184: SHORTAGE MATERIAL | S184: =COUNTIF(A:A,C184&D184) -> 1
A185: =C185&D185 -> 4544729122 | B185: =IF(AND(J185>=TIME(7,30,0),J185<=TIME(16,30,0)),"PAGI","MALAM") -> PAGI | C185: 45447 | D185: 29122 | E185: AFIZA FALAENI | F185: C1 | G185: PI | H185: CV H02 | I185: B | J185: 0.4375 | K185: =IF(J185="","",IF(AND(B185="PAGI",J185<=TIME(14,0,0)),(J185-TIME(7,30,0))*24,IF(AND(B185="PAGI",J185>TIME(14,0,0)),((J185-TIME(7,30,0))*24)-1,IF(AND(B185="malam",J185<TIME(3,0,0)),3.75+(J185*24)-0.5,IF(AND(B185="malam",J185<TIME(5,5,0)),3.75+(J185*24)-0.75,(J185-TIME(20,0,0))*24))))) -> 3 | L185: =IFERROR(8-K185,"") -> 5 | M185: =L185 -> 5 | N185: SHORTAGE MATERIAL | O185: SHORTAGE MATERIAL | S185: =COUNTIF(A:A,C185&D185) -> 1
A186: =C186&D186 -> 4544828502 | B186: =IF(AND(J186>=TIME(7,30,0),J186<=TIME(16,30,0)),"PAGI","MALAM") -> PAGI | C186: 45448 | D186: 28502 | E186: RINA JATI WALUYO | F186: C2 | G186: PI | H186: CV H02 | I186: B | J186: 0.4375 | K186: =IF(J186="","",IF(AND(B186="PAGI",J186<=TIME(14,0,0)),(J186-TIME(7,30,0))*24,IF(AND(B186="PAGI",J186>TIME(14,0,0)),((J186-TIME(7,30,0))*24)-1,IF(AND(B186="malam",J186<TIME(3,0,0)),3.75+(J186*24)-0.5,IF(AND(B186="malam",J186<TIME(5,5,0)),3.75+(J186*24)-0.75,(J186-TIME(20,0,0))*24))))) -> 3 | L186: =IFERROR(8-K186,"") -> 5 | M186: =L186 -> 5 | N186: SHORTAGE MATERIAL | O186: SHORTAGE MATERIAL | S186: =COUNTIF(A:A,C186&D186) -> 1
A187: =C187&D187 -> 4544829209 | B187: =IF(AND(J187>=TIME(7,30,0),J187<=TIME(16,30,0)),"PAGI","MALAM") -> PAGI | C187: 45448 | D187: 29209 | E187: MELINA SEPTIA SEPTI ARIANI | F187: C1 | G187: PI | H187: CV H02 | I187: B | J187: 0.4375 | K187: =IF(J187="","",IF(AND(B187="PAGI",J187<=TIME(14,0,0)),(J187-TIME(7,30,0))*24,IF(AND(B187="PAGI",J187>TIME(14,0,0)),((J187-TIME(7,30,0))*24)-1,IF(AND(B187="malam",J187<TIME(3,0,0)),3.75+(J187*24)-0.5,IF(AND(B187="malam",J187<TIME(5,5,0)),3.75+(J187*24)-0.75,(J187-TIME(20,0,0))*24))))) -> 3 | L187: =IFERROR(8-K187,"") -> 5 | M187: =L187 -> 5 | N187: SHORTAGE MATERIAL | O187: SHORTAGE MATERIAL | S187: =COUNTIF(A:A,C187&D187) -> 1
A188: =C188&D188 -> 4544828837 | B188: =IF(AND(J188>=TIME(7,30,0),J188<=TIME(16,30,0)),"PAGI","MALAM") -> PAGI | C188: 45448 | D188: 28837 | E188: RIZKA ANGGRAENI | F188: C2 | G188: PI | H188: CV H02 | I188: B | J188: 0.4375 | K188: =IF(J188="","",IF(AND(B188="PAGI",J188<=TIME(14,0,0)),(J188-TIME(7,30,0))*24,IF(AND(B188="PAGI",J188>TIME(14,0,0)),((J188-TIME(7,30,0))*24)-1,IF(AND(B188="malam",J188<TIME(3,0,0)),3.75+(J188*24)-0.5,IF(AND(B188="malam",J188<TIME(5,5,0)),3.75+(J188*24)-0.75,(J188-TIME(20,0,0))*24))))) -> 3 | L188: =IFERROR(8-K188,"") -> 5 | M188: =L188 -> 5 | N188: SHORTAGE MATERIAL | O188: SHORTAGE MATERIAL | S188: =COUNTIF(A:A,C188&D188) -> 1
A189: =C189&D189 -> 4544829373 | B189: =IF(AND(J189>=TIME(7,30,0),J189<=TIME(16,30,0)),"PAGI","MALAM") -> PAGI | C189: 45448 | D189: 29373 | E189: KHAERUL ROZY | F189: C1 | G189: PI | H189: CV H02 | I189: B | J189: 0.4375 | K189: =IF(J189="","",IF(AND(B189="PAGI",J189<=TIME(14,0,0)),(J189-TIME(7,30,0))*24,IF(AND(B189="PAGI",J189>TIME(14,0,0)),((J189-TIME(7,30,0))*24)-1,IF(AND(B189="malam",J189<TIME(3,0,0)),3.75+(J189*24)-0.5,IF(AND(B189="malam",J189<TIME(5,5,0)),3.75+(J189*24)-0.75,(J189-TIME(20,0,0))*24))))) -> 3 | L189: =IFERROR(8-K189,"") -> 5 | M189: =L189 -> 5 | N189: SHORTAGE MATERIAL | O189: SHORTAGE MATERIAL | S189: =COUNTIF(A:A,C189&D189) -> 1
A190: =C190&D190 -> 4544828709 | B190: =IF(AND(J190>=TIME(7,30,0),J190<=TIME(16,30,0)),"PAGI","MALAM") -> PAGI | C190: 45448 | D190: 28709 | E190: SINTA FRIDA WIJAYANTI | F190: C2 | G190: PI | H190: CV H02 | I190: B | J190: 0.4375 | K190: =IF(J190="","",IF(AND(B190="PAGI",J190<=TIME(14,0,0)),(J190-TIME(7,30,0))*24,IF(AND(B190="PAGI",J190>TIME(14,0,0)),((J190-TIME(7,30,0))*24)-1,IF(AND(B190="malam",J190<TIME(3,0,0)),3.75+(J190*24)-0.5,IF(AND(B190="malam",J190<TIME(5,5,0)),3.75+(J190*24)-0.75,(J190-TIME(20,0,0))*24))))) -> 3 | L190: =IFERROR(8-K190,"") -> 5 | M190: =L190 -> 5 | N190: SHORTAGE MATERIAL | O190: SHORTAGE MATERIAL | S190: =COUNTIF(A:A,C190&D190) -> 1
A191: =C191&D191 -> 4544829124 | B191: =IF(AND(J191>=TIME(7,30,0),J191<=TIME(16,30,0)),"PAGI","MALAM") -> PAGI | C191: 45448 | D191: 29124 | E191: ANGGI ERLINDA | F191: C1 | G191: PI | H191: CV H02 | I191: B | J191: 0.4375 | K191: =IF(J191="","",IF(AND(B191="PAGI",J191<=TIME(14,0,0)),(J191-TIME(7,30,0))*24,IF(AND(B191="PAGI",J191>TIME(14,0,0)),((J191-TIME(7,30,0))*24)-1,IF(AND(B191="malam",J191<TIME(3,0,0)),3.75+(J191*24)-0.5,IF(AND(B191="malam",J191<TIME(5,5,0)),3.75+(J191*24)-0.75,(J191-TIME(20,0,0))*24))))) -> 3 | L191: =IFERROR(8-K191,"") -> 5 | M191: =L191 -> 5 | N191: SHORTAGE MATERIAL | O191: SHORTAGE MATERIAL | S191: =COUNTIF(A:A,C191&D191) -> 1
A192: =C192&D192 -> 4544829461 | B192: =IF(AND(J192>=TIME(7,30,0),J192<=TIME(16,30,0)),"PAGI","MALAM") -> PAGI | C192: 45448 | D192: 29461 | E192: UMUL FARIKHA APRILIA | F192: C1 | G192: DL | H192: CV H02 | I192: B | J192: 0.4375 | K192: =IF(J192="","",IF(AND(B192="PAGI",J192<=TIME(14,0,0)),(J192-TIME(7,30,0))*24,IF(AND(B192="PAGI",J192>TIME(14,0,0)),((J192-TIME(7,30,0))*24)-1,IF(AND(B192="malam",J192<TIME(3,0,0)),3.75+(J192*24)-0.5,IF(AND(B192="malam",J192<TIME(5,5,0)),3.75+(J192*24)-0.75,(J192-TIME(20,0,0))*24))))) -> 3 | L192: =IFERROR(8-K192,"") -> 5 | M192: =L192 -> 5 | N192: SHORTAGE MATERIAL | O192: SHORTAGE MATERIAL | S192: =COUNTIF(A:A,C192&D192) -> 1
A193: =C193&D193 -> 4544830217 | B193: =IF(AND(J193>=TIME(7,30,0),J193<=TIME(16,30,0)),"PAGI","MALAM") -> PAGI | C193: 45448 | D193: 30217 | E193: PUTRI LIESTYA | F193: C1 | G193: PI | H193: CV H02 | I193: B | J193: 0.4375 | K193: =IF(J193="","",IF(AND(B193="PAGI",J193<=TIME(14,0,0)),(J193-TIME(7,30,0))*24,IF(AND(B193="PAGI",J193>TIME(14,0,0)),((J193-TIME(7,30,0))*24)-1,IF(AND(B193="malam",J193<TIME(3,0,0)),3.75+(J193*24)-0.5,IF(AND(B193="malam",J193<TIME(5,5,0)),3.75+(J193*24)-0.75,(J193-TIME(20,0,0))*24))))) -> 3 | L193: =IFERROR(8-K193,"") -> 5 | M193: =L193 -> 5 | N193: SHORTAGE MATERIAL | O193: SHORTAGE MATERIAL | S193: =COUNTIF(A:A,C193&D193) -> 1
A194: =C194&D194 -> 45448208 | B194: =IF(AND(J194>=TIME(7,30,0),J194<=TIME(16,30,0)),"PAGI","MALAM") -> PAGI | C194: 45448 | D194: 208 | E194: CHATARINA RETNO SUMARTI | F194: PRM | G194: PI | H194: CV H02 | I194: B | J194: 0.4375 | K194: =IF(J194="","",IF(AND(B194="PAGI",J194<=TIME(14,0,0)),(J194-TIME(7,30,0))*24,IF(AND(B194="PAGI",J194>TIME(14,0,0)),((J194-TIME(7,30,0))*24)-1,IF(AND(B194="malam",J194<TIME(3,0,0)),3.75+(J194*24)-0.5,IF(AND(B194="malam",J194<TIME(5,5,0)),3.75+(J194*24)-0.75,(J194-TIME(20,0,0))*24))))) -> 3 | L194: =IFERROR(8-K194,"") -> 5 | M194: =L194 -> 5 | N194: SHORTAGE MATERIAL | O194: SHORTAGE MATERIAL | S194: =COUNTIF(A:A,C194&D194) -> 1
A195: =C195&D195 -> 4544812404 | B195: =IF(AND(J195>=TIME(7,30,0),J195<=TIME(16,30,0)),"PAGI","MALAM") -> PAGI | C195: 45448 | D195: 12404 | E195: WAHYU DWI IRNAWATI | F195: PRM | G195: DL | H195: CV H02 | I195: B | J195: 0.4375 | K195: =IF(J195="","",IF(AND(B195="PAGI",J195<=TIME(14,0,0)),(J195-TIME(7,30,0))*24,IF(AND(B195="PAGI",J195>TIME(14,0,0)),((J195-TIME(7,30,0))*24)-1,IF(AND(B195="malam",J195<TIME(3,0,0)),3.75+(J195*24)-0.5,IF(AND(B195="malam",J195<TIME(5,5,0)),3.75+(J195*24)-0.75,(J195-TIME(20,0,0))*24))))) -> 3 | L195: =IFERROR(8-K195,"") -> 5 | M195: =L195 -> 5 | N195: SHORTAGE MATERIAL | O195: SHORTAGE MATERIAL | S195: =COUNTIF(A:A,C195&D195) -> 1
A196: =C196&D196 -> 4544810192 | B196: =IF(AND(J196>=TIME(7,30,0),J196<=TIME(16,30,0)),"PAGI","MALAM") -> PAGI | C196: 45448 | D196: 10192 | E196: NINGTYAS ARYASTUTI | F196: PRM | G196: PI | H196: CV H02 | I196: B | J196: 0.4375 | K196: =IF(J196="","",IF(AND(B196="PAGI",J196<=TIME(14,0,0)),(J196-TIME(7,30,0))*24,IF(AND(B196="PAGI",J196>TIME(14,0,0)),((J196-TIME(7,30,0))*24)-1,IF(AND(B196="malam",J196<TIME(3,0,0)),3.75+(J196*24)-0.5,IF(AND(B196="malam",J196<TIME(5,5,0)),3.75+(J196*24)-0.75,(J196-TIME(20,0,0))*24))))) -> 3 | L196: =IFERROR(8-K196,"") -> 5 | M196: =L196 -> 5 | N196: SHORTAGE MATERIAL | O196: SHORTAGE MATERIAL | S196: =COUNTIF(A:A,C196&D196) -> 1
A197: =C197&D197 -> 45448B00101 | B197: =IF(AND(J197>=TIME(7,30,0),J197<=TIME(16,30,0)),"PAGI","MALAM") -> PAGI | C197: 45448 | D197: B00101 | E197: YUNI UTAMI | F197: PRM | G197: DL | H197: CV H02 | I197: B | J197: 0.4375 | K197: =IF(J197="","",IF(AND(B197="PAGI",J197<=TIME(14,0,0)),(J197-TIME(7,30,0))*24,IF(AND(B197="PAGI",J197>TIME(14,0,0)),((J197-TIME(7,30,0))*24)-1,IF(AND(B197="malam",J197<TIME(3,0,0)),3.75+(J197*24)-0.5,IF(AND(B197="malam",J197<TIME(5,5,0)),3.75+(J197*24)-0.75,(J197-TIME(20,0,0))*24))))) -> 3 | L197: =IFERROR(8-K197,"") -> 5 | M197: =L197 -> 5 | N197: SHORTAGE MATERIAL | O197: SHORTAGE MATERIAL | S197: =COUNTIF(A:A,C197&D197) -> 1
A198: =C198&D198 -> 4544812813 | B198: =IF(AND(J198>=TIME(7,30,0),J198<=TIME(16,30,0)),"PAGI","MALAM") -> PAGI | C198: 45448 | D198: 12813 | E198: EKO TRIYONO | F198: PRM | G198: PI | H198: CV H02 | I198: B | J198: 0.4375 | K198: =IF(J198="","",IF(AND(B198="PAGI",J198<=TIME(14,0,0)),(J198-TIME(7,30,0))*24,IF(AND(B198="PAGI",J198>TIME(14,0,0)),((J198-TIME(7,30,0))*24)-1,IF(AND(B198="malam",J198<TIME(3,0,0)),3.75+(J198*24)-0.5,IF(AND(B198="malam",J198<TIME(5,5,0)),3.75+(J198*24)-0.75,(J198-TIME(20,0,0))*24))))) -> 3 | L198: =IFERROR(8-K198,"") -> 5 | M198: =L198 -> 5 | N198: SHORTAGE MATERIAL | O198: SHORTAGE MATERIAL | S198: =COUNTIF(A:A,C198&D198) -> 1
A199: =C199&D199 -> 4544810124 | B199: =IF(AND(J199>=TIME(7,30,0),J199<=TIME(16,30,0)),"PAGI","MALAM") -> PAGI | C199: 45448 | D199: 10124 | E199: SURYO BUDI UTAMI | F199: PRM | G199: PI | H199: CV H02 | I199: B | J199: 0.4375 | K199: =IF(J199="","",IF(AND(B199="PAGI",J199<=TIME(14,0,0)),(J199-TIME(7,30,0))*24,IF(AND(B199="PAGI",J199>TIME(14,0,0)),((J199-TIME(7,30,0))*24)-1,IF(AND(B199="malam",J199<TIME(3,0,0)),3.75+(J199*24)-0.5,IF(AND(B199="malam",J199<TIME(5,5,0)),3.75+(J199*24)-0.75,(J199-TIME(20,0,0))*24))))) -> 3 | L199: =IFERROR(8-K199,"") -> 5 | M199: =L199 -> 5 | N199: SHORTAGE MATERIAL | O199: SHORTAGE MATERIAL | S199: =COUNTIF(A:A,C199&D199) -> 1
A200: =C200&D200 -> 4544821702 | B200: =IF(AND(J200>=TIME(7,30,0),J200<=TIME(16,30,0)),"PAGI","MALAM") -> PAGI | C200: 45448 | D200: 21702 | E200: ALIFUDIN MAULANA | F200: PRM | G200: DL | H200: CV H02 | I200: B | J200: 0.4375 | K200: =IF(J200="","",IF(AND(B200="PAGI",J200<=TIME(14,0,0)),(J200-TIME(7,30,0))*24,IF(AND(B200="PAGI",J200>TIME(14,0,0)),((J200-TIME(7,30,0))*24)-1,IF(AND(B200="malam",J200<TIME(3,0,0)),3.75+(J200*24)-0.5,IF(AND(B200="malam",J200<TIME(5,5,0)),3.75+(J200*24)-0.75,(J200-TIME(20,0,0))*24))))) -> 3 | L200: =IFERROR(8-K200,"") -> 5 | M200: =L200 -> 5 | N200: SHORTAGE MATERIAL | O200: SHORTAGE MATERIAL | S200: =COUNTIF(A:A,C200&D200) -> 1
A201: =C201&D201 -> 454488669 | B201: =IF(AND(J201>=TIME(7,30,0),J201<=TIME(16,30,0)),"PAGI","MALAM") -> PAGI | C201: 45448 | D201: 8669 | E201: TRI APRILIANINGRUM | F201: PRM | G201: DL | H201: CV H02 | I201: B | J201: 0.4375 | K201: =IF(J201="","",IF(AND(B201="PAGI",J201<=TIME(14,0,0)),(J201-TIME(7,30,0))*24,IF(AND(B201="PAGI",J201>TIME(14,0,0)),((J201-TIME(7,30,0))*24)-1,IF(AND(B201="malam",J201<TIME(3,0,0)),3.75+(J201*24)-0.5,IF(AND(B201="malam",J201<TIME(5,5,0)),3.75+(J201*24)-0.75,(J201-TIME(20,0,0))*24))))) -> 3 | L201: =IFERROR(8-K201,"") -> 5 | M201: =L201 -> 5 | N201: SHORTAGE MATERIAL | O201: SHORTAGE MATERIAL | S201: =COUNTIF(A:A,C201&D201) -> 1
A202: =C202&D202 -> 454485747 | B202: =IF(AND(J202>=TIME(7,30,0),J202<=TIME(16,30,0)),"PAGI","MALAM") -> PAGI | C202: 45448 | D202: 5747 | E202: WAHYU ANGGRAINI S. | F202: PRM | G202: DL | H202: CV H02 | I202: B | J202: 0.4375 | K202: =IF(J202="","",IF(AND(B202="PAGI",J202<=TIME(14,0,0)),(J202-TIME(7,30,0))*24,IF(AND(B202="PAGI",J202>TIME(14,0,0)),((J202-TIME(7,30,0))*24)-1,IF(AND(B202="malam",J202<TIME(3,0,0)),3.75+(J202*24)-0.5,IF(AND(B202="malam",J202<TIME(5,5,0)),3.75+(J202*24)-0.75,(J202-TIME(20,0,0))*24))))) -> 3 | L202: =IFERROR(8-K202,"") -> 5 | M202: =L202 -> 5 | N202: SHORTAGE MATERIAL | O202: SHORTAGE MATERIAL | S202: =COUNTIF(A:A,C202&D202) -> 1
A203: =C203&D203 -> 4544812549 | B203: =IF(AND(J203>=TIME(7,30,0),J203<=TIME(16,30,0)),"PAGI","MALAM") -> PAGI | C203: 45448 | D203: 12549 | E203: SULIFAH | F203: PRM | G203: DL | H203: CV H02 | I203: B | J203: 0.4375 | K203: =IF(J203="","",IF(AND(B203="PAGI",J203<=TIME(14,0,0)),(J203-TIME(7,30,0))*24,IF(AND(B203="PAGI",J203>TIME(14,0,0)),((J203-TIME(7,30,0))*24)-1,IF(AND(B203="malam",J203<TIME(3,0,0)),3.75+(J203*24)-0.5,IF(AND(B203="malam",J203<TIME(5,5,0)),3.75+(J203*24)-0.75,(J203-TIME(20,0,0))*24))))) -> 3 | L203: =IFERROR(8-K203,"") -> 5 | M203: =L203 -> 5 | N203: SHORTAGE MATERIAL | O203: SHORTAGE MATERIAL | S203: =COUNTIF(A:A,C203&D203) -> 1
A204: =C204&D204 -> 4544810488 | B204: =IF(AND(J204>=TIME(7,30,0),J204<=TIME(16,30,0)),"PAGI","MALAM") -> PAGI | C204: 45448 | D204: 10488 | E204: TRIYANTI | F204: PRM | G204: DL | H204: CV H02 | I204: B | J204: 0.4375 | K204: =IF(J204="","",IF(AND(B204="PAGI",J204<=TIME(14,0,0)),(J204-TIME(7,30,0))*24,IF(AND(B204="PAGI",J204>TIME(14,0,0)),((J204-TIME(7,30,0))*24)-1,IF(AND(B204="malam",J204<TIME(3,0,0)),3.75+(J204*24)-0.5,IF(AND(B204="malam",J204<TIME(5,5,0)),3.75+(J204*24)-0.75,(J204-TIME(20,0,0))*24))))) -> 3 | L204: =IFERROR(8-K204,"") -> 5 | M204: =L204 -> 5 | N204: SHORTAGE MATERIAL | O204: SHORTAGE MATERIAL | S204: =COUNTIF(A:A,C204&D204) -> 1
A205: =C205&D205 -> 4544828945 | B205: =IF(AND(J205>=TIME(7,30,0),J205<=TIME(16,30,0)),"PAGI","MALAM") -> PAGI | C205: 45448 | D205: 28945 | E205: ANGGA ERIYAWAN PERDANA | F205: C1 | G205: DL | H205: CV H02 | I205: B | J205: 0.4375 | K205: =IF(J205="","",IF(AND(B205="PAGI",J205<=TIME(14,0,0)),(J205-TIME(7,30,0))*24,IF(AND(B205="PAGI",J205>TIME(14,0,0)),((J205-TIME(7,30,0))*24)-1,IF(AND(B205="malam",J205<TIME(3,0,0)),3.75+(J205*24)-0.5,IF(AND(B205="malam",J205<TIME(5,5,0)),3.75+(J205*24)-0.75,(J205-TIME(20,0,0))*24))))) -> 3 | L205: =IFERROR(8-K205,"") -> 5 | M205: =L205 -> 5 | N205: SHORTAGE MATERIAL | O205: SHORTAGE MATERIAL | S205: =COUNTIF(A:A,C205&D205) -> 1
A206: =C206&D206 -> 4544829789 | B206: =IF(AND(J206>=TIME(7,30,0),J206<=TIME(16,30,0)),"PAGI","MALAM") -> PAGI | C206: 45448 | D206: 29789 | E206: ADI SANTOSO | F206: C1 | G206: DL | H206: CV H02 | I206: B | J206: 0.4375 | K206: =IF(J206="","",IF(AND(B206="PAGI",J206<=TIME(14,0,0)),(J206-TIME(7,30,0))*24,IF(AND(B206="PAGI",J206>TIME(14,0,0)),((J206-TIME(7,30,0))*24)-1,IF(AND(B206="malam",J206<TIME(3,0,0)),3.75+(J206*24)-0.5,IF(AND(B206="malam",J206<TIME(5,5,0)),3.75+(J206*24)-0.75,(J206-TIME(20,0,0))*24))))) -> 3 | L206: =IFERROR(8-K206,"") -> 5 | M206: =L206 -> 5 | N206: SHORTAGE MATERIAL | O206: SHORTAGE MATERIAL | S206: =COUNTIF(A:A,C206&D206) -> 1
A207: =C207&D207 -> 4544830028 | B207: =IF(AND(J207>=TIME(7,30,0),J207<=TIME(16,30,0)),"PAGI","MALAM") -> PAGI | C207: 45448 | D207: 30028 | E207: WIDYA LESTARI | F207: C1 | G207: DL | H207: CV H02 | I207: B | J207: 0.4375 | K207: =IF(J207="","",IF(AND(B207="PAGI",J207<=TIME(14,0,0)),(J207-TIME(7,30,0))*24,IF(AND(B207="PAGI",J207>TIME(14,0,0)),((J207-TIME(7,30,0))*24)-1,IF(AND(B207="malam",J207<TIME(3,0,0)),3.75+(J207*24)-0.5,IF(AND(B207="malam",J207<TIME(5,5,0)),3.75+(J207*24)-0.75,(J207-TIME(20,0,0))*24))))) -> 3 | L207: =IFERROR(8-K207,"") -> 5 | M207: =L207 -> 5 | N207: SHORTAGE MATERIAL | O207: SHORTAGE MATERIAL | S207: =COUNTIF(A:A,C207&D207) -> 1
A208: =C208&D208 -> 4544829396 | B208: =IF(AND(J208>=TIME(7,30,0),J208<=TIME(16,30,0)),"PAGI","MALAM") -> PAGI | C208: 45448 | D208: 29396 | E208: TRI RUMIASIH | F208: C1 | G208: DL | H208: CV H02 | I208: B | J208: 0.4375 | K208: =IF(J208="","",IF(AND(B208="PAGI",J208<=TIME(14,0,0)),(J208-TIME(7,30,0))*24,IF(AND(B208="PAGI",J208>TIME(14,0,0)),((J208-TIME(7,30,0))*24)-1,IF(AND(B208="malam",J208<TIME(3,0,0)),3.75+(J208*24)-0.5,IF(AND(B208="malam",J208<TIME(5,5,0)),3.75+(J208*24)-0.75,(J208-TIME(20,0,0))*24))))) -> 3 | L208: =IFERROR(8-K208,"") -> 5 | M208: =L208 -> 5 | N208: SHORTAGE MATERIAL | O208: SHORTAGE MATERIAL | S208: =COUNTIF(A:A,C208&D208) -> 1
A209: =C209&D209 -> 4544828495 | B209: =IF(AND(J209>=TIME(7,30,0),J209<=TIME(16,30,0)),"PAGI","MALAM") -> PAGI | C209: 45448 | D209: 28495 | E209: NUR MILATUN NANDHIFAH | F209: C2 | G209: DL | H209: CV H02 | I209: B | J209: 0.4375 | K209: =IF(J209="","",IF(AND(B209="PAGI",J209<=TIME(14,0,0)),(J209-TIME(7,30,0))*24,IF(AND(B209="PAGI",J209>TIME(14,0,0)),((J209-TIME(7,30,0))*24)-1,IF(AND(B209="malam",J209<TIME(3,0,0)),3.75+(J209*24)-0.5,IF(AND(B209="malam",J209<TIME(5,5,0)),3.75+(J209*24)-0.75,(J209-TIME(20,0,0))*24))))) -> 3 | L209: =IFERROR(8-K209,"") -> 5 | M209: =L209 -> 5 | N209: SHORTAGE MATERIAL | O209: SHORTAGE MATERIAL | S209: =COUNTIF(A:A,C209&D209) -> 1
...

Sheet SUM.PULANG AWAL
A3: ="SUMMARY DATA CV PULANG AWAL BULAN "&'list area'!C1 &" "&'list area'!C2 &" (MAN HOUR)" -> SUMMARY DATA CV PULANG AWAL BULAN JUNI 2024 (MAN HOUR) | AI3: TOTAL/ CV
A5: NO | B5: AREA (CV) | C5: SHIFT | D5: TANGGAL
D6: ='list area'!D1 -> 45444 | E6: =+D6+1 -> 45445 | F6: =+E6+1 -> 45446 | G6: =+F6+1 -> 45447 | H6: =+G6+1 -> 45448 | I6: =+H6+1 -> 45449 | J6: =+I6+1 -> 45450 | K6: =+J6+1 -> 45451 | L6: =+K6+1 -> 45452 | ... AH6: =+AG6+1 -> 45474
A7: 1 | B7: ADM | C7: A | D7: =SUMIFS('INPUT PULANG AWAL'!$M:$M,'INPUT PULANG AWAL'!$C:$C,'SUM.PULANG AWAL'!D$6,'INPUT PULANG AWAL'!$H:$H,'SUM.PULANG AWAL'!$B7:$B9,'INPUT PULANG AWAL'!$I:$I,'SUM.PULANG AWAL'!$C7) -> 0 | E7: =SUMIFS('INPUT PULANG AWAL'!$M:$M,'INPUT PULANG AWAL'!$C:$C,'SUM.PULANG AWAL'!E$6,'INPUT PULANG AWAL'!$H:$H,'SUM.PULANG AWAL'!$B7:$B9,'INPUT PULANG AWAL'!$I:$I,'SUM.PULANG AWAL'!$C7) -> 0 | F7: =SUMIFS('INPUT PULANG AWAL'!$M:$M,'INPUT PULANG AWAL'!$C:$C,'SUM.PULANG AWAL'!F$6,'INPUT PULANG AWAL'!$H:$H,'SUM.PULANG AWAL'!$B7:$B9,'INPUT PULANG AWAL'!$I:$I,'SUM.PULANG AWAL'!$C7) -> 0 | G7: =SUMIFS('INPUT PULANG AWAL'!$M:$M,'INPUT PULANG AWAL'!$C:$C,'SUM.PULANG AWAL'!G$6,'INPUT PULANG AWAL'!$H:$H,'SUM.PULANG AWAL'!$B7:$B9,'INPUT PULANG AWAL'!$I:$I,'SUM.PULANG AWAL'!$C7) -> 0 | H7: =SUMIFS('INPUT PULANG AWAL'!$M:$M,'INPUT PULANG AWAL'!$C:$C,'SUM.PULANG AWAL'!H$6,'INPUT PULANG AWAL'!$H:$H,'SUM.PULANG AWAL'!$B7:$B9,'INPUT PULANG AWAL'!$I:$I,'SUM.PULANG AWAL'!$C7) -> 0 | I7: =SUMIFS('INPUT PULANG AWAL'!$M:$M,'INPUT PULANG AWAL'!$C:$C,'SUM.PULANG AWAL'!I$6,'INPUT PULANG AWAL'!$H:$H,'SUM.PULANG AWAL'!$B7:$B9,'INPUT PULANG AWAL'!$I:$I,'SUM.PULANG AWAL'!$C7) -> 0 | J7: =SUMIFS('INPUT PULANG AWAL'!$M:$M,'INPUT PULANG AWAL'!$C:$C,'SUM.PULANG AWAL'!J$6,'INPUT PULANG AWAL'!$H:$H,'SUM.PULANG AWAL'!$B7:$B9,'INPUT PULANG AWAL'!$I:$I,'SUM.PULANG AWAL'!$C7) -> 0 | K7: =SUMIFS('INPUT PULANG AWAL'!$M:$M,'INPUT PULANG AWAL'!$C:$C,'SUM.PULANG AWAL'!K$6,'INPUT PULANG AWAL'!$H:$H,'SUM.PULANG AWAL'!$B7:$B9,'INPUT PULANG AWAL'!$I:$I,'SUM.PULANG AWAL'!$C7) -> 0 | ... AH7: =SUMIFS('INPUT PULANG AWAL'!$M:$M,'INPUT PULANG AWAL'!$C:$C,'SUM.PULANG AWAL'!AH$6,'INPUT PULANG AWAL'!$H:$H,'SUM.PULANG AWAL'!$B7:$B9,'INPUT PULANG AWAL'!$I:$I,'SUM.PULANG AWAL'!$C7) -> 0 | AI7: =SUM(D7:AH7) -> 0
C8: B | D8: =SUMIFS('INPUT PULANG AWAL'!$M:$M,'INPUT PULANG AWAL'!$C:$C,'SUM.PULANG AWAL'!D$6,'INPUT PULANG AWAL'!$H:$H,'SUM.PULANG AWAL'!$B7,'INPUT PULANG AWAL'!$I:$I,'SUM.PULANG AWAL'!$C8) -> 0 | E8: =SUMIFS('INPUT PULANG AWAL'!$M:$M,'INPUT PULANG AWAL'!$C:$C,'SUM.PULANG AWAL'!E$6,'INPUT PULANG AWAL'!$H:$H,'SUM.PULANG AWAL'!$B7,'INPUT PULANG AWAL'!$I:$I,'SUM.PULANG AWAL'!$C8) -> 0 | F8: =SUMIFS('INPUT PULANG AWAL'!$M:$M,'INPUT PULANG AWAL'!$C:$C,'SUM.PULANG AWAL'!F$6,'INPUT PULANG AWAL'!$H:$H,'SUM.PULANG AWAL'!$B7,'INPUT PULANG AWAL'!$I:$I,'SUM.PULANG AWAL'!$C8) -> 0 | G8: =SUMIFS('INPUT PULANG AWAL'!$M:$M,'INPUT PULANG AWAL'!$C:$C,'SUM.PULANG AWAL'!G$6,'INPUT PULANG AWAL'!$H:$H,'SUM.PULANG AWAL'!$B7,'INPUT PULANG AWAL'!$I:$I,'SUM.PULANG AWAL'!$C8) -> 0 | H8: =SUMIFS('INPUT PULANG AWAL'!$M:$M,'INPUT PULANG AWAL'!$C:$C,'SUM.PULANG AWAL'!H$6,'INPUT PULANG AWAL'!$H:$H,'SUM.PULANG AWAL'!$B7,'INPUT PULANG AWAL'!$I:$I,'SUM.PULANG AWAL'!$C8) -> 0 | I8: =SUMIFS('INPUT PULANG AWAL'!$M:$M,'INPUT PULANG AWAL'!$C:$C,'SUM.PULANG AWAL'!I$6,'INPUT PULANG AWAL'!$H:$H,'SUM.PULANG AWAL'!$B7,'INPUT PULANG AWAL'!$I:$I,'SUM.PULANG AWAL'!$C8) -> 0 | J8: =SUMIFS('INPUT PULANG AWAL'!$M:$M,'INPUT PULANG AWAL'!$C:$C,'SUM.PULANG AWAL'!J$6,'INPUT PULANG AWAL'!$H:$H,'SUM.PULANG AWAL'!$B7,'INPUT PULANG AWAL'!$I:$I,'SUM.PULANG AWAL'!$C8) -> 0 | K8: =SUMIFS('INPUT PULANG AWAL'!$M:$M,'INPUT PULANG AWAL'!$C:$C,'SUM.PULANG AWAL'!K$6,'INPUT PULANG AWAL'!$H:$H,'SUM.PULANG AWAL'!$B7,'INPUT PULANG AWAL'!$I:$I,'SUM.PULANG AWAL'!$C8) -> 0 | ... AH8: =SUMIFS('INPUT PULANG AWAL'!$M:$M,'INPUT PULANG AWAL'!$C:$C,'SUM.PULANG AWAL'!AH$6,'INPUT PULANG AWAL'!$H:$H,'SUM.PULANG AWAL'!$B7,'INPUT PULANG AWAL'!$I:$I,'SUM.PULANG AWAL'!$C8) -> 0 | AI8: =SUM(D8:AH8) -> 0
C9: NS | D9: =SUMIFS('INPUT PULANG AWAL'!$M:$M,'INPUT PULANG AWAL'!$C:$C,'SUM.PULANG AWAL'!D$6,'INPUT PULANG AWAL'!$H:$H,'SUM.PULANG AWAL'!$B7,'INPUT PULANG AWAL'!$I:$I,'SUM.PULANG AWAL'!$C9) -> 0 | E9: =SUMIFS('INPUT PULANG AWAL'!$M:$M,'INPUT PULANG AWAL'!$C:$C,'SUM.PULANG AWAL'!E$6,'INPUT PULANG AWAL'!$H:$H,'SUM.PULANG AWAL'!$B7,'INPUT PULANG AWAL'!$I:$I,'SUM.PULANG AWAL'!$C9) -> 0 | F9: =SUMIFS('INPUT PULANG AWAL'!$M:$M,'INPUT PULANG AWAL'!$C:$C,'SUM.PULANG AWAL'!F$6,'INPUT PULANG AWAL'!$H:$H,'SUM.PULANG AWAL'!$B7,'INPUT PULANG AWAL'!$I:$I,'SUM.PULANG AWAL'!$C9) -> 0 | G9: =SUMIFS('INPUT PULANG AWAL'!$M:$M,'INPUT PULANG AWAL'!$C:$C,'SUM.PULANG AWAL'!G$6,'INPUT PULANG AWAL'!$H:$H,'SUM.PULANG AWAL'!$B7,'INPUT PULANG AWAL'!$I:$I,'SUM.PULANG AWAL'!$C9) -> 0 | H9: =SUMIFS('INPUT PULANG AWAL'!$M:$M,'INPUT PULANG AWAL'!$C:$C,'SUM.PULANG AWAL'!H$6,'INPUT PULANG AWAL'!$H:$H,'SUM.PULANG AWAL'!$B7,'INPUT PULANG AWAL'!$I:$I,'SUM.PULANG AWAL'!$C9) -> 0 | I9: =SUMIFS('INPUT PULANG AWAL'!$M:$M,'INPUT PULANG AWAL'!$C:$C,'SUM.PULANG AWAL'!I$6,'INPUT PULANG AWAL'!$H:$H,'SUM.PULANG AWAL'!$B7,'INPUT PULANG AWAL'!$I:$I,'SUM.PULANG AWAL'!$C9) -> 0 | J9: =SUMIFS('INPUT PULANG AWAL'!$M:$M,'INPUT PULANG AWAL'!$C:$C,'SUM.PULANG AWAL'!J$6,'INPUT PULANG AWAL'!$H:$H,'SUM.PULANG AWAL'!$B7,'INPUT PULANG AWAL'!$I:$I,'SUM.PULANG AWAL'!$C9) -> 0 | K9: =SUMIFS('INPUT PULANG AWAL'!$M:$M,'INPUT PULANG AWAL'!$C:$C,'SUM.PULANG AWAL'!K$6,'INPUT PULANG AWAL'!$H:$H,'SUM.PULANG AWAL'!$B7,'INPUT PULANG AWAL'!$I:$I,'SUM.PULANG AWAL'!$C9) -> 0 | ... AH9: =SUMIFS('INPUT PULANG AWAL'!$M:$M,'INPUT PULANG AWAL'!$C:$C,'SUM.PULANG AWAL'!AH$6,'INPUT PULANG AWAL'!$H:$H,'SUM.PULANG AWAL'!$B7,'INPUT PULANG AWAL'!$I:$I,'SUM.PULANG AWAL'!$C9) -> 0 | AI9: =SUM(D9:AH9) -> 0
A10: 2 | B10: ='list area'!B5 -> BATERAY CABLE NEW | C10: A | D10: =SUMIFS('INPUT PULANG AWAL'!$M:$M,'INPUT PULANG AWAL'!$C:$C,'SUM.PULANG AWAL'!D$6,'INPUT PULANG AWAL'!$H:$H,'SUM.PULANG AWAL'!$B10:$B12,'INPUT PULANG AWAL'!$I:$I,'SUM.PULANG AWAL'!$C10) -> 0 | E10: =SUMIFS('INPUT PULANG AWAL'!$M:$M,'INPUT PULANG AWAL'!$C:$C,'SUM.PULANG AWAL'!E$6,'INPUT PULANG AWAL'!$H:$H,'SUM.PULANG AWAL'!$B10:$B12,'INPUT PULANG AWAL'!$I:$I,'SUM.PULANG AWAL'!$C10) -> 0 | F10: =SUMIFS('INPUT PULANG AWAL'!$M:$M,'INPUT PULANG AWAL'!$C:$C,'SUM.PULANG AWAL'!F$6,'INPUT PULANG AWAL'!$H:$H,'SUM.PULANG AWAL'!$B10:$B12,'INPUT PULANG AWAL'!$I:$I,'SUM.PULANG AWAL'!$C10) -> 0 | G10: =SUMIFS('INPUT PULANG AWAL'!$M:$M,'INPUT PULANG AWAL'!$C:$C,'SUM.PULANG AWAL'!G$6,'INPUT PULANG AWAL'!$H:$H,'SUM.PULANG AWAL'!$B10:$B12,'INPUT PULANG AWAL'!$I:$I,'SUM.PULANG AWAL'!$C10) -> 0 | H10: =SUMIFS('INPUT PULANG AWAL'!$M:$M,'INPUT PULANG AWAL'!$C:$C,'SUM.PULANG AWAL'!H$6,'INPUT PULANG AWAL'!$H:$H,'SUM.PULANG AWAL'!$B10:$B12,'INPUT PULANG AWAL'!$I:$I,'SUM.PULANG AWAL'!$C10) -> 0 | I10: =SUMIFS('INPUT PULANG AWAL'!$M:$M,'INPUT PULANG AWAL'!$C:$C,'SUM.PULANG AWAL'!I$6,'INPUT PULANG AWAL'!$H:$H,'SUM.PULANG AWAL'!$B10:$B12,'INPUT PULANG AWAL'!$I:$I,'SUM.PULANG AWAL'!$C10) -> 0 | J10: =SUMIFS('INPUT PULANG AWAL'!$M:$M,'INPUT PULANG AWAL'!$C:$C,'SUM.PULANG AWAL'!J$6,'INPUT PULANG AWAL'!$H:$H,'SUM.PULANG AWAL'!$B10:$B12,'INPUT PULANG AWAL'!$I:$I,'SUM.PULANG AWAL'!$C10) -> 0 | K10: =SUMIFS('INPUT PULANG AWAL'!$M:$M,'INPUT PULANG AWAL'!$C:$C,'SUM.PULANG AWAL'!K$6,'INPUT PULANG AWAL'!$H:$H,'SUM.PULANG AWAL'!$B10:$B12,'INPUT PULANG AWAL'!$I:$I,'SUM.PULANG AWAL'!$C10) -> 0 | ... AH10: =SUMIFS('INPUT PULANG AWAL'!$M:$M,'INPUT PULANG AWAL'!$C:$C,'SUM.PULANG AWAL'!AH$6,'INPUT PULANG AWAL'!$H:$H,'SUM.PULANG AWAL'!$B10:$B12,'INPUT PULANG AWAL'!$I:$I,'SUM.PULANG AWAL'!$C10) -> 0 | AI10: =SUM(D10:AH10) -> 0
C11: B | D11: =SUMIFS('INPUT PULANG AWAL'!$M:$M,'INPUT PULANG AWAL'!$C:$C,'SUM.PULANG AWAL'!D$6,'INPUT PULANG AWAL'!$H:$H,'SUM.PULANG AWAL'!$B10,'INPUT PULANG AWAL'!$I:$I,'SUM.PULANG AWAL'!$C11) -> 0 | E11: =SUMIFS('INPUT PULANG AWAL'!$M:$M,'INPUT PULANG AWAL'!$C:$C,'SUM.PULANG AWAL'!E$6,'INPUT PULANG AWAL'!$H:$H,'SUM.PULANG AWAL'!$B10,'INPUT PULANG AWAL'!$I:$I,'SUM.PULANG AWAL'!$C11) -> 0 | F11: =SUMIFS('INPUT PULANG AWAL'!$M:$M,'INPUT PULANG AWAL'!$C:$C,'SUM.PULANG AWAL'!F$6,'INPUT PULANG AWAL'!$H:$H,'SUM.PULANG AWAL'!$B10,'INPUT PULANG AWAL'!$I:$I,'SUM.PULANG AWAL'!$C11) -> 0 | G11: =SUMIFS('INPUT PULANG AWAL'!$M:$M,'INPUT PULANG AWAL'!$C:$C,'SUM.PULANG AWAL'!G$6,'INPUT PULANG AWAL'!$H:$H,'SUM.PULANG AWAL'!$B10,'INPUT PULANG AWAL'!$I:$I,'SUM.PULANG AWAL'!$C11) -> 0 | H11: =SUMIFS('INPUT PULANG AWAL'!$M:$M,'INPUT PULANG AWAL'!$C:$C,'SUM.PULANG AWAL'!H$6,'INPUT PULANG AWAL'!$H:$H,'SUM.PULANG AWAL'!$B10,'INPUT PULANG AWAL'!$I:$I,'SUM.PULANG AWAL'!$C11) -> 0 | I11: =SUMIFS('INPUT PULANG AWAL'!$M:$M,'INPUT PULANG AWAL'!$C:$C,'SUM.PULANG AWAL'!I$6,'INPUT PULANG AWAL'!$H:$H,'SUM.PULANG AWAL'!$B10,'INPUT PULANG AWAL'!$I:$I,'SUM.PULANG AWAL'!$C11) -> 0 | J11: =SUMIFS('INPUT PULANG AWAL'!$M:$M,'INPUT PULANG AWAL'!$C:$C,'SUM.PULANG AWAL'!J$6,'INPUT PULANG AWAL'!$H:$H,'SUM.PULANG AWAL'!$B10,'INPUT PULANG AWAL'!$I:$I,'SUM.PULANG AWAL'!$C11) -> 0 | K11: =SUMIFS('INPUT PULANG AWAL'!$M:$M,'INPUT PULANG AWAL'!$C:$C,'SUM.PULANG AWAL'!K$6,'INPUT PULANG AWAL'!$H:$H,'SUM.PULANG AWAL'!$B10,'INPUT PULANG AWAL'!$I:$I,'SUM.PULANG AWAL'!$C11) -> 0 | ... AH11: =SUMIFS('INPUT PULANG AWAL'!$M:$M,'INPUT PULANG AWAL'!$C:$C,'SUM.PULANG AWAL'!AH$6,'INPUT PULANG AWAL'!$H:$H,'SUM.PULANG AWAL'!$B10,'INPUT PULANG AWAL'!$I:$I,'SUM.PULANG AWAL'!$C11) -> 0 | AI11: =SUM(D11:AH11) -> 0
C12: NS | D12: =SUMIFS('INPUT PULANG AWAL'!$M:$M,'INPUT PULANG AWAL'!$C:$C,'SUM.PULANG AWAL'!D$6,'INPUT PULANG AWAL'!$H:$H,'SUM.PULANG AWAL'!$B10,'INPUT PULANG AWAL'!$I:$I,'SUM.PULANG AWAL'!$C12) -> 0 | E12: =SUMIFS('INPUT PULANG AWAL'!$M:$M,'INPUT PULANG AWAL'!$C:$C,'SUM.PULANG AWAL'!E$6,'INPUT PULANG AWAL'!$H:$H,'SUM.PULANG AWAL'!$B10,'INPUT PULANG AWAL'!$I:$I,'SUM.PULANG AWAL'!$C12) -> 0 | F12: =SUMIFS('INPUT PULANG AWAL'!$M:$M,'INPUT PULANG AWAL'!$C:$C,'SUM.PULANG AWAL'!F$6,'INPUT PULANG AWAL'!$H:$H,'SUM.PULANG AWAL'!$B10,'INPUT PULANG AWAL'!$I:$I,'SUM.PULANG AWAL'!$C12) -> 0 | G12: =SUMIFS('INPUT PULANG AWAL'!$M:$M,'INPUT PULANG AWAL'!$C:$C,'SUM.PULANG AWAL'!G$6,'INPUT PULANG AWAL'!$H:$H,'SUM.PULANG AWAL'!$B10,'INPUT PULANG AWAL'!$I:$I,'SUM.PULANG AWAL'!$C12) -> 0 | H12: =SUMIFS('INPUT PULANG AWAL'!$M:$M,'INPUT PULANG AWAL'!$C:$C,'SUM.PULANG AWAL'!H$6,'INPUT PULANG AWAL'!$H:$H,'SUM.PULANG AWAL'!$B10,'INPUT PULANG AWAL'!$I:$I,'SUM.PULANG AWAL'!$C12) -> 0 | I12: =SUMIFS('INPUT PULANG AWAL'!$M:$M,'INPUT PULANG AWAL'!$C:$C,'SUM.PULANG AWAL'!I$6,'INPUT PULANG AWAL'!$H:$H,'SUM.PULANG AWAL'!$B10,'INPUT PULANG AWAL'!$I:$I,'SUM.PULANG AWAL'!$C12) -> 0 | J12: =SUMIFS('INPUT PULANG AWAL'!$M:$M,'INPUT PULANG AWAL'!$C:$C,'SUM.PULANG AWAL'!J$6,'INPUT PULANG AWAL'!$H:$H,'SUM.PULANG AWAL'!$B10,'INPUT PULANG AWAL'!$I:$I,'SUM.PULANG AWAL'!$C12) -> 0 | K12: =SUMIFS('INPUT PULANG AWAL'!$M:$M,'INPUT PULANG AWAL'!$C:$C,'SUM.PULANG AWAL'!K$6,'INPUT PULANG AWAL'!$H:$H,'SUM.PULANG AWAL'!$B10,'INPUT PULANG AWAL'!$I:$I,'SUM.PULANG AWAL'!$C12) -> 0 | ... AH12: =SUMIFS('INPUT PULANG AWAL'!$M:$M,'INPUT PULANG AWAL'!$C:$C,'SUM.PULANG AWAL'!AH$6,'INPUT PULANG AWAL'!$H:$H,'SUM.PULANG AWAL'!$B10,'INPUT PULANG AWAL'!$I:$I,'SUM.PULANG AWAL'!$C12) -> 0 | AI12: =SUM(D12:AH12) -> 0
A13: 3 | B13: ='list area'!B6 -> BUFFER 1 | C13: A | D13: =SUMIFS('INPUT PULANG AWAL'!$M:$M,'INPUT PULANG AWAL'!$C:$C,'SUM.PULANG AWAL'!D$6,'INPUT PULANG AWAL'!$H:$H,'SUM.PULANG AWAL'!$B13:$B15,'INPUT PULANG AWAL'!$I:$I,'SUM.PULANG AWAL'!$C13) -> 0 | E13: =SUMIFS('INPUT PULANG AWAL'!$M:$M,'INPUT PULANG AWAL'!$C:$C,'SUM.PULANG AWAL'!E$6,'INPUT PULANG AWAL'!$H:$H,'SUM.PULANG AWAL'!$B13:$B15,'INPUT PULANG AWAL'!$I:$I,'SUM.PULANG AWAL'!$C13) -> 0 | F13: =SUMIFS('INPUT PULANG AWAL'!$M:$M,'INPUT PULANG AWAL'!$C:$C,'SUM.PULANG AWAL'!F$6,'INPUT PULANG AWAL'!$H:$H,'SUM.PULANG AWAL'!$B13:$B15,'INPUT PULANG AWAL'!$I:$I,'SUM.PULANG AWAL'!$C13) -> 0 | G13: =SUMIFS('INPUT PULANG AWAL'!$M:$M,'INPUT PULANG AWAL'!$C:$C,'SUM.PULANG AWAL'!G$6,'INPUT PULANG AWAL'!$H:$H,'SUM.PULANG AWAL'!$B13:$B15,'INPUT PULANG AWAL'!$I:$I,'SUM.PULANG AWAL'!$C13) -> 0 | H13: =SUMIFS('INPUT PULANG AWAL'!$M:$M,'INPUT PULANG AWAL'!$C:$C,'SUM.PULANG AWAL'!H$6,'INPUT PULANG AWAL'!$H:$H,'SUM.PULANG AWAL'!$B13:$B15,'INPUT PULANG AWAL'!$I:$I,'SUM.PULANG AWAL'!$C13) -> 0 | I13: =SUMIFS('INPUT PULANG AWAL'!$M:$M,'INPUT PULANG AWAL'!$C:$C,'SUM.PULANG AWAL'!I$6,'INPUT PULANG AWAL'!$H:$H,'SUM.PULANG AWAL'!$B13:$B15,'INPUT PULANG AWAL'!$I:$I,'SUM.PULANG AWAL'!$C13) -> 0 | J13: =SUMIFS('INPUT PULANG AWAL'!$M:$M,'INPUT PULANG AWAL'!$C:$C,'SUM.PULANG AWAL'!J$6,'INPUT PULANG AWAL'!$H:$H,'SUM.PULANG AWAL'!$B13:$B15,'INPUT PULANG AWAL'!$I:$I,'SUM.PULANG AWAL'!$C13) -> 0 | K13: =SUMIFS('INPUT PULANG AWAL'!$M:$M,'INPUT PULANG AWAL'!$C:$C,'SUM.PULANG AWAL'!K$6,'INPUT PULANG AWAL'!$H:$H,'SUM.PULANG AWAL'!$B13:$B15,'INPUT PULANG AWAL'!$I:$I,'SUM.PULANG AWAL'!$C13) -> 0 | ... AH13: =SUMIFS('INPUT PULANG AWAL'!$M:$M,'INPUT PULANG AWAL'!$C:$C,'SUM.PULANG AWAL'!AH$6,'INPUT PULANG AWAL'!$H:$H,'SUM.PULANG AWAL'!$B13:$B15,'INPUT PULANG AWAL'!$I:$I,'SUM.PULANG AWAL'!$C13) -> 0 | AI13: =SUM(D13:AH13) -> 0
C14: B | D14: =SUMIFS('INPUT PULANG AWAL'!$M:$M,'INPUT PULANG AWAL'!$C:$C,'SUM.PULANG AWAL'!D$6,'INPUT PULANG AWAL'!$H:$H,'SUM.PULANG AWAL'!$B13,'INPUT PULANG AWAL'!$I:$I,'SUM.PULANG AWAL'!$C14) -> 0 | E14: =SUMIFS('INPUT PULANG AWAL'!$M:$M,'INPUT PULANG AWAL'!$C:$C,'SUM.PULANG AWAL'!E$6,'INPUT PULANG AWAL'!$H:$H,'SUM.PULANG AWAL'!$B13,'INPUT PULANG AWAL'!$I:$I,'SUM.PULANG AWAL'!$C14) -> 0 | F14: =SUMIFS('INPUT PULANG AWAL'!$M:$M,'INPUT PULANG AWAL'!$C:$C,'SUM.PULANG AWAL'!F$6,'INPUT PULANG AWAL'!$H:$H,'SUM.PULANG AWAL'!$B13,'INPUT PULANG AWAL'!$I:$I,'SUM.PULANG AWAL'!$C14) -> 0 | G14: =SUMIFS('INPUT PULANG AWAL'!$M:$M,'INPUT PULANG AWAL'!$C:$C,'SUM.PULANG AWAL'!G$6,'INPUT PULANG AWAL'!$H:$H,'SUM.PULANG AWAL'!$B13,'INPUT PULANG AWAL'!$I:$I,'SUM.PULANG AWAL'!$C14) -> 0 | H14: =SUMIFS('INPUT PULANG AWAL'!$M:$M,'INPUT PULANG AWAL'!$C:$C,'SUM.PULANG AWAL'!H$6,'INPUT PULANG AWAL'!$H:$H,'SUM.PULANG AWAL'!$B13,'INPUT PULANG AWAL'!$I:$I,'SUM.PULANG AWAL'!$C14) -> 0 | I14: =SUMIFS('INPUT PULANG AWAL'!$M:$M,'INPUT PULANG AWAL'!$C:$C,'SUM.PULANG AWAL'!I$6,'INPUT PULANG AWAL'!$H:$H,'SUM.PULANG AWAL'!$B13,'INPUT PULANG AWAL'!$I:$I,'SUM.PULANG AWAL'!$C14) -> 0 | J14: =SUMIFS('INPUT PULANG AWAL'!$M:$M,'INPUT PULANG AWAL'!$C:$C,'SUM.PULANG AWAL'!J$6,'INPUT PULANG AWAL'!$H:$H,'SUM.PULANG AWAL'!$B13,'INPUT PULANG AWAL'!$I:$I,'SUM.PULANG AWAL'!$C14) -> 0 | K14: =SUMIFS('INPUT PULANG AWAL'!$M:$M,'INPUT PULANG AWAL'!$C:$C,'SUM.PULANG AWAL'!K$6,'INPUT PULANG AWAL'!$H:$H,'SUM.PULANG AWAL'!$B13,'INPUT PULANG AWAL'!$I:$I,'SUM.PULANG AWAL'!$C14) -> 0 | ... AH14: =SUMIFS('INPUT PULANG AWAL'!$M:$M,'INPUT PULANG AWAL'!$C:$C,'SUM.PULANG AWAL'!AH$6,'INPUT PULANG AWAL'!$H:$H,'SUM.PULANG AWAL'!$B13,'INPUT PULANG AWAL'!$I:$I,'SUM.PULANG AWAL'!$C14) -> 0 | AI14: =SUM(D14:AH14) -> 0
C15: NS | D15: =SUMIFS('INPUT PULANG AWAL'!$M:$M,'INPUT PULANG AWAL'!$C:$C,'SUM.PULANG AWAL'!D$6,'INPUT PULANG AWAL'!$H:$H,'SUM.PULANG AWAL'!$B13,'INPUT PULANG AWAL'!$I:$I,'SUM.PULANG AWAL'!$C15) -> 0 | E15: =SUMIFS('INPUT PULANG AWAL'!$M:$M,'INPUT PULANG AWAL'!$C:$C,'SUM.PULANG AWAL'!E$6,'INPUT PULANG AWAL'!$H:$H,'SUM.PULANG AWAL'!$B13,'INPUT PULANG AWAL'!$I:$I,'SUM.PULANG AWAL'!$C15) -> 0 | F15: =SUMIFS('INPUT PULANG AWAL'!$M:$M,'INPUT PULANG AWAL'!$C:$C,'SUM.PULANG AWAL'!F$6,'INPUT PULANG AWAL'!$H:$H,'SUM.PULANG AWAL'!$B13,'INPUT PULANG AWAL'!$I:$I,'SUM.PULANG AWAL'!$C15) -> 0 | G15: =SUMIFS('INPUT PULANG AWAL'!$M:$M,'INPUT PULANG AWAL'!$C:$C,'SUM.PULANG AWAL'!G$6,'INPUT PULANG AWAL'!$H:$H,'SUM.PULANG AWAL'!$B13,'INPUT PULANG AWAL'!$I:$I,'SUM.PULANG AWAL'!$C15) -> 0 | H15: =SUMIFS('INPUT PULANG AWAL'!$M:$M,'INPUT PULANG AWAL'!$C:$C,'SUM.PULANG AWAL'!H$6,'INPUT PULANG AWAL'!$H:$H,'SUM.PULANG AWAL'!$B13,'INPUT PULANG AWAL'!$I:$I,'SUM.PULANG AWAL'!$C15) -> 0 | I15: =SUMIFS('INPUT PULANG AWAL'!$M:$M,'INPUT PULANG AWAL'!$C:$C,'SUM.PULANG AWAL'!I$6,'INPUT PULANG AWAL'!$H:$H,'SUM.PULANG AWAL'!$B13,'INPUT PULANG AWAL'!$I:$I,'SUM.PULANG AWAL'!$C15) -> 0 | J15: =SUMIFS('INPUT PULANG AWAL'!$M:$M,'INPUT PULANG AWAL'!$C:$C,'SUM.PULANG AWAL'!J$6,'INPUT PULANG AWAL'!$H:$H,'SUM.PULANG AWAL'!$B13,'INPUT PULANG AWAL'!$I:$I,'SUM.PULANG AWAL'!$C15) -> 0 | K15: =SUMIFS('INPUT PULANG AWAL'!$M:$M,'INPUT PULANG AWAL'!$C:$C,'SUM.PULANG AWAL'!K$6,'INPUT PULANG AWAL'!$H:$H,'SUM.PULANG AWAL'!$B13,'INPUT PULANG AWAL'!$I:$I,'SUM.PULANG AWAL'!$C15) -> 0 | ... AH15: =SUMIFS('INPUT PULANG AWAL'!$M:$M,'INPUT PULANG AWAL'!$C:$C,'SUM.PULANG AWAL'!AH$6,'INPUT PULANG AWAL'!$H:$H,'SUM.PULANG AWAL'!$B13,'INPUT PULANG AWAL'!$I:$I,'SUM.PULANG AWAL'!$C15) -> 0 | AI15: =SUM(D15:AH15) -> 35
A16: 4 | B16: ='list area'!B7 -> BUFFER 2 | C16: A | D16: =SUMIFS('INPUT PULANG AWAL'!$M:$M,'INPUT PULANG AWAL'!$C:$C,'SUM.PULANG AWAL'!D$6,'INPUT PULANG AWAL'!$H:$H,'SUM.PULANG AWAL'!$B16:$B18,'INPUT PULANG AWAL'!$I:$I,'SUM.PULANG AWAL'!$C16) -> 0 | E16: =SUMIFS('INPUT PULANG AWAL'!$M:$M,'INPUT PULANG AWAL'!$C:$C,'SUM.PULANG AWAL'!E$6,'INPUT PULANG AWAL'!$H:$H,'SUM.PULANG AWAL'!$B16:$B18,'INPUT PULANG AWAL'!$I:$I,'SUM.PULANG AWAL'!$C16) -> 0 | F16: =SUMIFS('INPUT PULANG AWAL'!$M:$M,'INPUT PULANG AWAL'!$C:$C,'SUM.PULANG AWAL'!F$6,'INPUT PULANG AWAL'!$H:$H,'SUM.PULANG AWAL'!$B16:$B18,'INPUT PULANG AWAL'!$I:$I,'SUM.PULANG AWAL'!$C16) -> 0 | G16: =SUMIFS('INPUT PULANG AWAL'!$M:$M,'INPUT PULANG AWAL'!$C:$C,'SUM.PULANG AWAL'!G$6,'INPUT PULANG AWAL'!$H:$H,'SUM.PULANG AWAL'!$B16:$B18,'INPUT PULANG AWAL'!$I:$I,'SUM.PULANG AWAL'!$C16) -> 0 | H16: =SUMIFS('INPUT PULANG AWAL'!$M:$M,'INPUT PULANG AWAL'!$C:$C,'SUM.PULANG AWAL'!H$6,'INPUT PULANG AWAL'!$H:$H,'SUM.PULANG AWAL'!$B16:$B18,'INPUT PULANG AWAL'!$I:$I,'SUM.PULANG AWAL'!$C16) -> 0 | I16: =SUMIFS('INPUT PULANG AWAL'!$M:$M,'INPUT PULANG AWAL'!$C:$C,'SUM.PULANG AWAL'!I$6,'INPUT PULANG AWAL'!$H:$H,'SUM.PULANG AWAL'!$B16:$B18,'INPUT PULANG AWAL'!$I:$I,'SUM.PULANG AWAL'!$C16) -> 0 | J16: =SUMIFS('INPUT PULANG AWAL'!$M:$M,'INPUT PULANG AWAL'!$C:$C,'SUM.PULANG AWAL'!J$6,'INPUT PULANG AWAL'!$H:$H,'SUM.PULANG AWAL'!$B16:$B18,'INPUT PULANG AWAL'!$I:$I,'SUM.PULANG AWAL'!$C16) -> 0 | K16: =SUMIFS('INPUT PULANG AWAL'!$M:$M,'INPUT PULANG AWAL'!$C:$C,'SUM.PULANG AWAL'!K$6,'INPUT PULANG AWAL'!$H:$H,'SUM.PULANG AWAL'!$B16:$B18,'INPUT PULANG AWAL'!$I:$I,'SUM.PULANG AWAL'!$C16) -> 0 | ... AH16: =SUMIFS('INPUT PULANG AWAL'!$M:$M,'INPUT PULANG AWAL'!$C:$C,'SUM.PULANG AWAL'!AH$6,'INPUT PULANG AWAL'!$H:$H,'SUM.PULANG AWAL'!$B16:$B18,'INPUT PULANG AWAL'!$I:$I,'SUM.PULANG AWAL'!$C16) -> 0 | AI16: =SUM(D16:AH16) -> 0
C17: B | D17: =SUMIFS('INPUT PULANG AWAL'!$M:$M,'INPUT PULANG AWAL'!$C:$C,'SUM.PULANG AWAL'!D$6,'INPUT PULANG AWAL'!$H:$H,'SUM.PULANG AWAL'!$B16,'INPUT PULANG AWAL'!$I:$I,'SUM.PULANG AWAL'!$C17) -> 0 | E17: =SUMIFS('INPUT PULANG AWAL'!$M:$M,'INPUT PULANG AWAL'!$C:$C,'SUM.PULANG AWAL'!E$6,'INPUT PULANG AWAL'!$H:$H,'SUM.PULANG AWAL'!$B16,'INPUT PULANG AWAL'!$I:$I,'SUM.PULANG AWAL'!$C17) -> 0 | F17: =SUMIFS('INPUT PULANG AWAL'!$M:$M,'INPUT PULANG AWAL'!$C:$C,'SUM.PULANG AWAL'!F$6,'INPUT PULANG AWAL'!$H:$H,'SUM.PULANG AWAL'!$B16,'INPUT PULANG AWAL'!$I:$I,'SUM.PULANG AWAL'!$C17) -> 0 | G17: =SUMIFS('INPUT PULANG AWAL'!$M:$M,'INPUT PULANG AWAL'!$C:$C,'SUM.PULANG AWAL'!G$6,'INPUT PULANG AWAL'!$H:$H,'SUM.PULANG AWAL'!$B16,'INPUT PULANG AWAL'!$I:$I,'SUM.PULANG AWAL'!$C17) -> 0 | H17: =SUMIFS('INPUT PULANG AWAL'!$M:$M,'INPUT PULANG AWAL'!$C:$C,'SUM.PULANG AWAL'!H$6,'INPUT PULANG AWAL'!$H:$H,'SUM.PULANG AWAL'!$B16,'INPUT PULANG AWAL'!$I:$I,'SUM.PULANG AWAL'!$C17) -> 0 | I17: =SUMIFS('INPUT PULANG AWAL'!$M:$M,'INPUT PULANG AWAL'!$C:$C,'SUM.PULANG AWAL'!I$6,'INPUT PULANG AWAL'!$H:$H,'SUM.PULANG AWAL'!$B16,'INPUT PULANG AWAL'!$I:$I,'SUM.PULANG AWAL'!$C17) -> 0 | J17: =SUMIFS('INPUT PULANG AWAL'!$M:$M,'INPUT PULANG AWAL'!$C:$C,'SUM.PULANG AWAL'!J$6,'INPUT PULANG AWAL'!$H:$H,'SUM.PULANG AWAL'!$B16,'INPUT PULANG AWAL'!$I:$I,'SUM.PULANG AWAL'!$C17) -> 0 | K17: =SUMIFS('INPUT PULANG AWAL'!$M:$M,'INPUT PULANG AWAL'!$C:$C,'SUM.PULANG AWAL'!K$6,'INPUT PULANG AWAL'!$H:$H,'SUM.PULANG AWAL'!$B16,'INPUT PULANG AWAL'!$I:$I,'SUM.PULANG AWAL'!$C17) -> 0 | ... AH17: =SUMIFS('INPUT PULANG AWAL'!$M:$M,'INPUT PULANG AWAL'!$C:$C,'SUM.PULANG AWAL'!AH$6,'INPUT PULANG AWAL'!$H:$H,'SUM.PULANG AWAL'!$B16,'INPUT PULANG AWAL'!$I:$I,'SUM.PULANG AWAL'!$C17) -> 0 | AI17: =SUM(D17:AH17) -> 7.5
C18: NS | D18: =SUMIFS('INPUT PULANG AWAL'!$M:$M,'INPUT PULANG AWAL'!$C:$C,'SUM.PULANG AWAL'!D$6,'INPUT PULANG AWAL'!$H:$H,'SUM.PULANG AWAL'!$B16,'INPUT PULANG AWAL'!$I:$I,'SUM.PULANG AWAL'!$C18) -> 0 | E18: =SUMIFS('INPUT PULANG AWAL'!$M:$M,'INPUT PULANG AWAL'!$C:$C,'SUM.PULANG AWAL'!E$6,'INPUT PULANG AWAL'!$H:$H,'SUM.PULANG AWAL'!$B16,'INPUT PULANG AWAL'!$I:$I,'SUM.PULANG AWAL'!$C18) -> 0 | F18: =SUMIFS('INPUT PULANG AWAL'!$M:$M,'INPUT PULANG AWAL'!$C:$C,'SUM.PULANG AWAL'!F$6,'INPUT PULANG AWAL'!$H:$H,'SUM.PULANG AWAL'!$B16,'INPUT PULANG AWAL'!$I:$I,'SUM.PULANG AWAL'!$C18) -> 0 | G18: =SUMIFS('INPUT PULANG AWAL'!$M:$M,'INPUT PULANG AWAL'!$C:$C,'SUM.PULANG AWAL'!G$6,'INPUT PULANG AWAL'!$H:$H,'SUM.PULANG AWAL'!$B16,'INPUT PULANG AWAL'!$I:$I,'SUM.PULANG AWAL'!$C18) -> 0 | H18: =SUMIFS('INPUT PULANG AWAL'!$M:$M,'INPUT PULANG AWAL'!$C:$C,'SUM.PULANG AWAL'!H$6,'INPUT PULANG AWAL'!$H:$H,'SUM.PULANG AWAL'!$B16,'INPUT PULANG AWAL'!$I:$I,'SUM.PULANG AWAL'!$C18) -> 0 | I18: =SUMIFS('INPUT PULANG AWAL'!$M:$M,'INPUT PULANG AWAL'!$C:$C,'SUM.PULANG AWAL'!I$6,'INPUT PULANG AWAL'!$H:$H,'SUM.PULANG AWAL'!$B16,'INPUT PULANG AWAL'!$I:$I,'SUM.PULANG AWAL'!$C18) -> 0 | J18: =SUMIFS('INPUT PULANG AWAL'!$M:$M,'INPUT PULANG AWAL'!$C:$C,'SUM.PULANG AWAL'!J$6,'INPUT PULANG AWAL'!$H:$H,'SUM.PULANG AWAL'!$B16,'INPUT PULANG AWAL'!$I:$I,'SUM.PULANG AWAL'!$C18) -> 0 | K18: =SUMIFS('INPUT PULANG AWAL'!$M:$M,'INPUT PULANG AWAL'!$C:$C,'SUM.PULANG AWAL'!K$6,'INPUT PULANG AWAL'!$H:$H,'SUM.PULANG AWAL'!$B16,'INPUT PULANG AWAL'!$I:$I,'SUM.PULANG AWAL'!$C18) -> 0 | ... AH18: =SUMIFS('INPUT PULANG AWAL'!$M:$M,'INPUT PULANG AWAL'!$C:$C,'SUM.PULANG AWAL'!AH$6,'INPUT PULANG AWAL'!$H:$H,'SUM.PULANG AWAL'!$B16,'INPUT PULANG AWAL'!$I:$I,'SUM.PULANG AWAL'!$C18) -> 0 | AI18: =SUM(D18:AH18) -> 308
A19: 5 | B19: ='list area'!B8 -> CO SPV | C19: A | D19: =SUMIFS('INPUT PULANG AWAL'!$M:$M,'INPUT PULANG AWAL'!$C:$C,'SUM.PULANG AWAL'!D$6,'INPUT PULANG AWAL'!$H:$H,'SUM.PULANG AWAL'!$B19:$B21,'INPUT PULANG AWAL'!$I:$I,'SUM.PULANG AWAL'!$C19) -> 0 | E19: =SUMIFS('INPUT PULANG AWAL'!$M:$M,'INPUT PULANG AWAL'!$C:$C,'SUM.PULANG AWAL'!E$6,'INPUT PULANG AWAL'!$H:$H,'SUM.PULANG AWAL'!$B19:$B21,'INPUT PULANG AWAL'!$I:$I,'SUM.PULANG AWAL'!$C19) -> 0 | F19: =SUMIFS('INPUT PULANG AWAL'!$M:$M,'INPUT PULANG AWAL'!$C:$C,'SUM.PULANG AWAL'!F$6,'INPUT PULANG AWAL'!$H:$H,'SUM.PULANG AWAL'!$B19:$B21,'INPUT PULANG AWAL'!$I:$I,'SUM.PULANG AWAL'!$C19) -> 0 | G19: =SUMIFS('INPUT PULANG AWAL'!$M:$M,'INPUT PULANG AWAL'!$C:$C,'SUM.PULANG AWAL'!G$6,'INPUT PULANG AWAL'!$H:$H,'SUM.PULANG AWAL'!$B19:$B21,'INPUT PULANG AWAL'!$I:$I,'SUM.PULANG AWAL'!$C19) -> 0 | H19: =SUMIFS('INPUT PULANG AWAL'!$M:$M,'INPUT PULANG AWAL'!$C:$C,'SUM.PULANG AWAL'!H$6,'INPUT PULANG AWAL'!$H:$H,'SUM.PULANG AWAL'!$B19:$B21,'INPUT PULANG AWAL'!$I:$I,'SUM.PULANG AWAL'!$C19) -> 0 | I19: =SUMIFS('INPUT PULANG AWAL'!$M:$M,'INPUT PULANG AWAL'!$C:$C,'SUM.PULANG AWAL'!I$6,'INPUT PULANG AWAL'!$H:$H,'SUM.PULANG AWAL'!$B19:$B21,'INPUT PULANG AWAL'!$I:$I,'SUM.PULANG AWAL'!$C19) -> 0 | J19: =SUMIFS('INPUT PULANG AWAL'!$M:$M,'INPUT PULANG AWAL'!$C:$C,'SUM.PULANG AWAL'!J$6,'INPUT PULANG AWAL'!$H:$H,'SUM.PULANG AWAL'!$B19:$B21,'INPUT PULANG AWAL'!$I:$I,'SUM.PULANG AWAL'!$C19) -> 0 | K19: =SUMIFS('INPUT PULANG AWAL'!$M:$M,'INPUT PULANG AWAL'!$C:$C,'SUM.PULANG AWAL'!K$6,'INPUT PULANG AWAL'!$H:$H,'SUM.PULANG AWAL'!$B19:$B21,'INPUT PULANG AWAL'!$I:$I,'SUM.PULANG AWAL'!$C19) -> 0 | ... AH19: =SUMIFS('INPUT PULANG AWAL'!$M:$M,'INPUT PULANG AWAL'!$C:$C,'SUM.PULANG AWAL'!AH$6,'INPUT PULANG AWAL'!$H:$H,'SUM.PULANG AWAL'!$B19:$B21,'INPUT PULANG AWAL'!$I:$I,'SUM.PULANG AWAL'!$C19) -> 0 | AI19: =SUM(D19:AH19) -> 0
C20: B | D20: =SUMIFS('INPUT PULANG AWAL'!$M:$M,'INPUT PULANG AWAL'!$C:$C,'SUM.PULANG AWAL'!D$6,'INPUT PULANG AWAL'!$H:$H,'SUM.PULANG AWAL'!$B19,'INPUT PULANG AWAL'!$I:$I,'SUM.PULANG AWAL'!$C20) -> 0 | E20: =SUMIFS('INPUT PULANG AWAL'!$M:$M,'INPUT PULANG AWAL'!$C:$C,'SUM.PULANG AWAL'!E$6,'INPUT PULANG AWAL'!$H:$H,'SUM.PULANG AWAL'!$B19,'INPUT PULANG AWAL'!$I:$I,'SUM.PULANG AWAL'!$C20) -> 0 | F20: =SUMIFS('INPUT PULANG AWAL'!$M:$M,'INPUT PULANG AWAL'!$C:$C,'SUM.PULANG AWAL'!F$6,'INPUT PULANG AWAL'!$H:$H,'SUM.PULANG AWAL'!$B19,'INPUT PULANG AWAL'!$I:$I,'SUM.PULANG AWAL'!$C20) -> 0 | G20: =SUMIFS('INPUT PULANG AWAL'!$M:$M,'INPUT PULANG AWAL'!$C:$C,'SUM.PULANG AWAL'!G$6,'INPUT PULANG AWAL'!$H:$H,'SUM.PULANG AWAL'!$B19,'INPUT PULANG AWAL'!$I:$I,'SUM.PULANG AWAL'!$C20) -> 0 | H20: =SUMIFS('INPUT PULANG AWAL'!$M:$M,'INPUT PULANG AWAL'!$C:$C,'SUM.PULANG AWAL'!H$6,'INPUT PULANG AWAL'!$H:$H,'SUM.PULANG AWAL'!$B19,'INPUT PULANG AWAL'!$I:$I,'SUM.PULANG AWAL'!$C20) -> 0 | I20: =SUMIFS('INPUT PULANG AWAL'!$M:$M,'INPUT PULANG AWAL'!$C:$C,'SUM.PULANG AWAL'!I$6,'INPUT PULANG AWAL'!$H:$H,'SUM.PULANG AWAL'!$B19,'INPUT PULANG AWAL'!$I:$I,'SUM.PULANG AWAL'!$C20) -> 0 | J20: =SUMIFS('INPUT PULANG AWAL'!$M:$M,'INPUT PULANG AWAL'!$C:$C,'SUM.PULANG AWAL'!J$6,'INPUT PULANG AWAL'!$H:$H,'SUM.PULANG AWAL'!$B19,'INPUT PULANG AWAL'!$I:$I,'SUM.PULANG AWAL'!$C20) -> 0 | K20: =SUMIFS('INPUT PULANG AWAL'!$M:$M,'INPUT PULANG AWAL'!$C:$C,'SUM.PULANG AWAL'!K$6,'INPUT PULANG AWAL'!$H:$H,'SUM.PULANG AWAL'!$B19,'INPUT PULANG AWAL'!$I:$I,'SUM.PULANG AWAL'!$C20) -> 0 | ... AH20: =SUMIFS('INPUT PULANG AWAL'!$M:$M,'INPUT PULANG AWAL'!$C:$C,'SUM.PULANG AWAL'!AH$6,'INPUT PULANG AWAL'!$H:$H,'SUM.PULANG AWAL'!$B19,'INPUT PULANG AWAL'!$I:$I,'SUM.PULANG AWAL'!$C20) -> 0 | AI20: =SUM(D20:AH20) -> 0
C21: NS | D21: =SUMIFS('INPUT PULANG AWAL'!$M:$M,'INPUT PULANG AWAL'!$C:$C,'SUM.PULANG AWAL'!D$6,'INPUT PULANG AWAL'!$H:$H,'SUM.PULANG AWAL'!$B19,'INPUT PULANG AWAL'!$I:$I,'SUM.PULANG AWAL'!$C21) -> 0 | E21: =SUMIFS('INPUT PULANG AWAL'!$M:$M,'INPUT PULANG AWAL'!$C:$C,'SUM.PULANG AWAL'!E$6,'INPUT PULANG AWAL'!$H:$H,'SUM.PULANG AWAL'!$B19,'INPUT PULANG AWAL'!$I:$I,'SUM.PULANG AWAL'!$C21) -> 0 | F21: =SUMIFS('INPUT PULANG AWAL'!$M:$M,'INPUT PULANG AWAL'!$C:$C,'SUM.PULANG AWAL'!F$6,'INPUT PULANG AWAL'!$H:$H,'SUM.PULANG AWAL'!$B19,'INPUT PULANG AWAL'!$I:$I,'SUM.PULANG AWAL'!$C21) -> 0 | G21: =SUMIFS('INPUT PULANG AWAL'!$M:$M,'INPUT PULANG AWAL'!$C:$C,'SUM.PULANG AWAL'!G$6,'INPUT PULANG AWAL'!$H:$H,'SUM.PULANG AWAL'!$B19,'INPUT PULANG AWAL'!$I:$I,'SUM.PULANG AWAL'!$C21) -> 0 | H21: =SUMIFS('INPUT PULANG AWAL'!$M:$M,'INPUT PULANG AWAL'!$C:$C,'SUM.PULANG AWAL'!H$6,'INPUT PULANG AWAL'!$H:$H,'SUM.PULANG AWAL'!$B19,'INPUT PULANG AWAL'!$I:$I,'SUM.PULANG AWAL'!$C21) -> 0 | I21: =SUMIFS('INPUT PULANG AWAL'!$M:$M,'INPUT PULANG AWAL'!$C:$C,'SUM.PULANG AWAL'!I$6,'INPUT PULANG AWAL'!$H:$H,'SUM.PULANG AWAL'!$B19,'INPUT PULANG AWAL'!$I:$I,'SUM.PULANG AWAL'!$C21) -> 0 | J21: =SUMIFS('INPUT PULANG AWAL'!$M:$M,'INPUT PULANG AWAL'!$C:$C,'SUM.PULANG AWAL'!J$6,'INPUT PULANG AWAL'!$H:$H,'SUM.PULANG AWAL'!$B19,'INPUT PULANG AWAL'!$I:$I,'SUM.PULANG AWAL'!$C21) -> 0 | K21: =SUMIFS('INPUT PULANG AWAL'!$M:$M,'INPUT PULANG AWAL'!$C:$C,'SUM.PULANG AWAL'!K$6,'INPUT PULANG AWAL'!$H:$H,'SUM.PULANG AWAL'!$B19,'INPUT PULANG AWAL'!$I:$I,'SUM.PULANG AWAL'!$C21) -> 0 | ... AH21: =SUMIFS('INPUT PULANG AWAL'!$M:$M,'INPUT PULANG AWAL'!$C:$C,'SUM.PULANG AWAL'!AH$6,'INPUT PULANG AWAL'!$H:$H,'SUM.PULANG AWAL'!$B19,'INPUT PULANG AWAL'!$I:$I,'SUM.PULANG AWAL'!$C21) -> 0 | AI21: =SUM(D21:AH21) -> 0
A22: 6 | B22: ='list area'!B9 -> CPA 3MO | C22: A | D22: =SUMIFS('INPUT PULANG AWAL'!$M:$M,'INPUT PULANG AWAL'!$C:$C,'SUM.PULANG AWAL'!D$6,'INPUT PULANG AWAL'!$H:$H,'SUM.PULANG AWAL'!$B22:$B24,'INPUT PULANG AWAL'!$I:$I,'SUM.PULANG AWAL'!$C22) -> 0 | E22: =SUMIFS('INPUT PULANG AWAL'!$M:$M,'INPUT PULANG AWAL'!$C:$C,'SUM.PULANG AWAL'!E$6,'INPUT PULANG AWAL'!$H:$H,'SUM.PULANG AWAL'!$B22:$B24,'INPUT PULANG AWAL'!$I:$I,'SUM.PULANG AWAL'!$C22) -> 0 | F22: =SUMIFS('INPUT PULANG AWAL'!$M:$M,'INPUT PULANG AWAL'!$C:$C,'SUM.PULANG AWAL'!F$6,'INPUT PULANG AWAL'!$H:$H,'SUM.PULANG AWAL'!$B22:$B24,'INPUT PULANG AWAL'!$I:$I,'SUM.PULANG AWAL'!$C22) -> 0 | G22: =SUMIFS('INPUT PULANG AWAL'!$M:$M,'INPUT PULANG AWAL'!$C:$C,'SUM.PULANG AWAL'!G$6,'INPUT PULANG AWAL'!$H:$H,'SUM.PULANG AWAL'!$B22:$B24,'INPUT PULANG AWAL'!$I:$I,'SUM.PULANG AWAL'!$C22) -> 0 | H22: =SUMIFS('INPUT PULANG AWAL'!$M:$M,'INPUT PULANG AWAL'!$C:$C,'SUM.PULANG AWAL'!H$6,'INPUT PULANG AWAL'!$H:$H,'SUM.PULANG AWAL'!$B22:$B24,'INPUT PULANG AWAL'!$I:$I,'SUM.PULANG AWAL'!$C22) -> 0 | I22: =SUMIFS('INPUT PULANG AWAL'!$M:$M,'INPUT PULANG AWAL'!$C:$C,'SUM.PULANG AWAL'!I$6,'INPUT PULANG AWAL'!$H:$H,'SUM.PULANG AWAL'!$B22:$B24,'INPUT PULANG AWAL'!$I:$I,'SUM.PULANG AWAL'!$C22) -> 0 | J22: =SUMIFS('INPUT PULANG AWAL'!$M:$M,'INPUT PULANG AWAL'!$C:$C,'SUM.PULANG AWAL'!J$6,'INPUT PULANG AWAL'!$H:$H,'SUM.PULANG AWAL'!$B22:$B24,'INPUT PULANG AWAL'!$I:$I,'SUM.PULANG AWAL'!$C22) -> 224 | K22: =SUMIFS('INPUT PULANG AWAL'!$M:$M,'INPUT PULANG AWAL'!$C:$C,'SUM.PULANG AWAL'!K$6,'INPUT PULANG AWAL'!$H:$H,'SUM.PULANG AWAL'!$B22:$B24,'INPUT PULANG AWAL'!$I:$I,'SUM.PULANG AWAL'!$C22) -> 0 | ... AH22: =SUMIFS('INPUT PULANG AWAL'!$M:$M,'INPUT PULANG AWAL'!$C:$C,'SUM.PULANG AWAL'!AH$6,'INPUT PULANG AWAL'!$H:$H,'SUM.PULANG AWAL'!$B22:$B24,'INPUT PULANG AWAL'!$I:$I,'SUM.PULANG AWAL'!$C22) -> 0 | AI22: =SUM(D22:AH22) -> 658.5
C23: B | D23: =SUMIFS('INPUT PULANG AWAL'!$M:$M,'INPUT PULANG AWAL'!$C:$C,'SUM.PULANG AWAL'!D$6,'INPUT PULANG AWAL'!$H:$H,'SUM.PULANG AWAL'!$B22,'INPUT PULANG AWAL'!$I:$I,'SUM.PULANG AWAL'!$C23) -> 0 | E23: =SUMIFS('INPUT PULANG AWAL'!$M:$M,'INPUT PULANG AWAL'!$C:$C,'SUM.PULANG AWAL'!E$6,'INPUT PULANG AWAL'!$H:$H,'SUM.PULANG AWAL'!$B22,'INPUT PULANG AWAL'!$I:$I,'SUM.PULANG AWAL'!$C23) -> 0 | F23: =SUMIFS('INPUT PULANG AWAL'!$M:$M,'INPUT PULANG AWAL'!$C:$C,'SUM.PULANG AWAL'!F$6,'INPUT PULANG AWAL'!$H:$H,'SUM.PULANG AWAL'!$B22,'INPUT PULANG AWAL'!$I:$I,'SUM.PULANG AWAL'!$C23) -> 11 | G23: =SUMIFS('INPUT PULANG AWAL'!$M:$M,'INPUT PULANG AWAL'!$C:$C,'SUM.PULANG AWAL'!G$6,'INPUT PULANG AWAL'!$H:$H,'SUM.PULANG AWAL'!$B22,'INPUT PULANG AWAL'!$I:$I,'SUM.PULANG AWAL'!$C23) -> 0 | H23: =SUMIFS('INPUT PULANG AWAL'!$M:$M,'INPUT PULANG AWAL'!$C:$C,'SUM.PULANG AWAL'!H$6,'INPUT PULANG AWAL'!$H:$H,'SUM.PULANG AWAL'!$B22,'INPUT PULANG AWAL'!$I:$I,'SUM.PULANG AWAL'!$C23) -> 196.66667 | I23: =SUMIFS('INPUT PULANG AWAL'!$M:$M,'INPUT PULANG AWAL'!$C:$C,'SUM.PULANG AWAL'!I$6,'INPUT PULANG AWAL'!$H:$H,'SUM.PULANG AWAL'!$B22,'INPUT PULANG AWAL'!$I:$I,'SUM.PULANG AWAL'!$C23) -> 0 | J23: =SUMIFS('INPUT PULANG AWAL'!$M:$M,'INPUT PULANG AWAL'!$C:$C,'SUM.PULANG AWAL'!J$6,'INPUT PULANG AWAL'!$H:$H,'SUM.PULANG AWAL'!$B22,'INPUT PULANG AWAL'!$I:$I,'SUM.PULANG AWAL'!$C23) -> 0 | K23: =SUMIFS('INPUT PULANG AWAL'!$M:$M,'INPUT PULANG AWAL'!$C:$C,'SUM.PULANG AWAL'!K$6,'INPUT PULANG AWAL'!$H:$H,'SUM.PULANG AWAL'!$B22,'INPUT PULANG AWAL'!$I:$I,'SUM.PULANG AWAL'!$C23) -> 0 | ... AH23: =SUMIFS('INPUT PULANG AWAL'!$M:$M,'INPUT PULANG AWAL'!$C:$C,'SUM.PULANG AWAL'!AH$6,'INPUT PULANG AWAL'!$H:$H,'SUM.PULANG AWAL'!$B22,'INPUT PULANG AWAL'!$I:$I,'SUM.PULANG AWAL'!$C23) -> 0 | AI23: =SUM(D23:AH23) -> 1653.9167
C24: NS | D24: =SUMIFS('INPUT PULANG AWAL'!$M:$M,'INPUT PULANG AWAL'!$C:$C,'SUM.PULANG AWAL'!D$6,'INPUT PULANG AWAL'!$H:$H,'SUM.PULANG AWAL'!$B22,'INPUT PULANG AWAL'!$I:$I,'SUM.PULANG AWAL'!$C24) -> 0 | E24: =SUMIFS('INPUT PULANG AWAL'!$M:$M,'INPUT PULANG AWAL'!$C:$C,'SUM.PULANG AWAL'!E$6,'INPUT PULANG AWAL'!$H:$H,'SUM.PULANG AWAL'!$B22,'INPUT PULANG AWAL'!$I:$I,'SUM.PULANG AWAL'!$C24) -> 0 | F24: =SUMIFS('INPUT PULANG AWAL'!$M:$M,'INPUT PULANG AWAL'!$C:$C,'SUM.PULANG AWAL'!F$6,'INPUT PULANG AWAL'!$H:$H,'SUM.PULANG AWAL'!$B22,'INPUT PULANG AWAL'!$I:$I,'SUM.PULANG AWAL'!$C24) -> 0 | G24: =SUMIFS('INPUT PULANG AWAL'!$M:$M,'INPUT PULANG AWAL'!$C:$C,'SUM.PULANG AWAL'!G$6,'INPUT PULANG AWAL'!$H:$H,'SUM.PULANG AWAL'!$B22,'INPUT PULANG AWAL'!$I:$I,'SUM.PULANG AWAL'!$C24) -> 0 | H24: =SUMIFS('INPUT PULANG AWAL'!$M:$M,'INPUT PULANG AWAL'!$C:$C,'SUM.PULANG AWAL'!H$6,'INPUT PULANG AWAL'!$H:$H,'SUM.PULANG AWAL'!$B22,'INPUT PULANG AWAL'!$I:$I,'SUM.PULANG AWAL'!$C24) -> 0 | I24: =SUMIFS('INPUT PULANG AWAL'!$M:$M,'INPUT PULANG AWAL'!$C:$C,'SUM.PULANG AWAL'!I$6,'INPUT PULANG AWAL'!$H:$H,'SUM.PULANG AWAL'!$B22,'INPUT PULANG AWAL'!$I:$I,'SUM.PULANG AWAL'!$C24) -> 0 | J24: =SUMIFS('INPUT PULANG AWAL'!$M:$M,'INPUT PULANG AWAL'!$C:$C,'SUM.PULANG AWAL'!J$6,'INPUT PULANG AWAL'!$H:$H,'SUM.PULANG AWAL'!$B22,'INPUT PULANG AWAL'!$I:$I,'SUM.PULANG AWAL'!$C24) -> 0 | K24: =SUMIFS('INPUT PULANG AWAL'!$M:$M,'INPUT PULANG AWAL'!$C:$C,'SUM.PULANG AWAL'!K$6,'INPUT PULANG AWAL'!$H:$H,'SUM.PULANG AWAL'!$B22,'INPUT PULANG AWAL'!$I:$I,'SUM.PULANG AWAL'!$C24) -> 0 | ... AH24: =SUMIFS('INPUT PULANG AWAL'!$M:$M,'INPUT PULANG AWAL'!$C:$C,'SUM.PULANG AWAL'!AH$6,'INPUT PULANG AWAL'!$H:$H,'SUM.PULANG AWAL'!$B22,'INPUT PULANG AWAL'!$I:$I,'SUM.PULANG AWAL'!$C24) -> 0 | AI24: =SUM(D24:AH24) -> 0
A25: 7 | B25: CPA DYNA | C25: A | D25: =SUMIFS('INPUT PULANG AWAL'!$M:$M,'INPUT PULANG AWAL'!$C:$C,'SUM.PULANG AWAL'!D$6,'INPUT PULANG AWAL'!$H:$H,'SUM.PULANG AWAL'!$B25:$B27,'INPUT PULANG AWAL'!$I:$I,'SUM.PULANG AWAL'!$C25) -> 0 | E25: =SUMIFS('INPUT PULANG AWAL'!$M:$M,'INPUT PULANG AWAL'!$C:$C,'SUM.PULANG AWAL'!E$6,'INPUT PULANG AWAL'!$H:$H,'SUM.PULANG AWAL'!$B25:$B27,'INPUT PULANG AWAL'!$I:$I,'SUM.PULANG AWAL'!$C25) -> 0 | F25: =SUMIFS('INPUT PULANG AWAL'!$M:$M,'INPUT PULANG AWAL'!$C:$C,'SUM.PULANG AWAL'!F$6,'INPUT PULANG AWAL'!$H:$H,'SUM.PULANG AWAL'!$B25:$B27,'INPUT PULANG AWAL'!$I:$I,'SUM.PULANG AWAL'!$C25) -> 0 | G25: =SUMIFS('INPUT PULANG AWAL'!$M:$M,'INPUT PULANG AWAL'!$C:$C,'SUM.PULANG AWAL'!G$6,'INPUT PULANG AWAL'!$H:$H,'SUM.PULANG AWAL'!$B25:$B27,'INPUT PULANG AWAL'!$I:$I,'SUM.PULANG AWAL'!$C25) -> 0 | H25: =SUMIFS('INPUT PULANG AWAL'!$M:$M,'INPUT PULANG AWAL'!$C:$C,'SUM.PULANG AWAL'!H$6,'INPUT PULANG AWAL'!$H:$H,'SUM.PULANG AWAL'!$B25:$B27,'INPUT PULANG AWAL'!$I:$I,'SUM.PULANG AWAL'!$C25) -> 0 | I25: =SUMIFS('INPUT PULANG AWAL'!$M:$M,'INPUT PULANG AWAL'!$C:$C,'SUM.PULANG AWAL'!I$6,'INPUT PULANG AWAL'!$H:$H,'SUM.PULANG AWAL'!$B25:$B27,'INPUT PULANG AWAL'!$I:$I,'SUM.PULANG AWAL'!$C25) -> 0 | J25: =SUMIFS('INPUT PULANG AWAL'!$M:$M,'INPUT PULANG AWAL'!$C:$C,'SUM.PULANG AWAL'!J$6,'INPUT PULANG AWAL'!$H:$H,'SUM.PULANG AWAL'!$B25:$B27,'INPUT PULANG AWAL'!$I:$I,'SUM.PULANG AWAL'!$C25) -> 0 | K25: =SUMIFS('INPUT PULANG AWAL'!$M:$M,'INPUT PULANG AWAL'!$C:$C,'SUM.PULANG AWAL'!K$6,'INPUT PULANG AWAL'!$H:$H,'SUM.PULANG AWAL'!$B25:$B27,'INPUT PULANG AWAL'!$I:$I,'SUM.PULANG AWAL'!$C25) -> 0 | ... AH25: =SUMIFS('INPUT PULANG AWAL'!$M:$M,'INPUT PULANG AWAL'!$C:$C,'SUM.PULANG AWAL'!AH$6,'INPUT PULANG AWAL'!$H:$H,'SUM.PULANG AWAL'!$B25:$B27,'INPUT PULANG AWAL'!$I:$I,'SUM.PULANG AWAL'!$C25) -> 0 | AI25: =SUM(D25:AH25) -> 0
C26: B | D26: =SUMIFS('INPUT PULANG AWAL'!$M:$M,'INPUT PULANG AWAL'!$C:$C,'SUM.PULANG AWAL'!D$6,'INPUT PULANG AWAL'!$H:$H,'SUM.PULANG AWAL'!$B25,'INPUT PULANG AWAL'!$I:$I,'SUM.PULANG AWAL'!$C26) -> 0 | E26: =SUMIFS('INPUT PULANG AWAL'!$M:$M,'INPUT PULANG AWAL'!$C:$C,'SUM.PULANG AWAL'!E$6,'INPUT PULANG AWAL'!$H:$H,'SUM.PULANG AWAL'!$B25,'INPUT PULANG AWAL'!$I:$I,'SUM.PULANG AWAL'!$C26) -> 0 | F26: =SUMIFS('INPUT PULANG AWAL'!$M:$M,'INPUT PULANG AWAL'!$C:$C,'SUM.PULANG AWAL'!F$6,'INPUT PULANG AWAL'!$H:$H,'SUM.PULANG AWAL'!$B25,'INPUT PULANG AWAL'!$I:$I,'SUM.PULANG AWAL'!$C26) -> 0 | G26: =SUMIFS('INPUT PULANG AWAL'!$M:$M,'INPUT PULANG AWAL'!$C:$C,'SUM.PULANG AWAL'!G$6,'INPUT PULANG AWAL'!$H:$H,'SUM.PULANG AWAL'!$B25,'INPUT PULANG AWAL'!$I:$I,'SUM.PULANG AWAL'!$C26) -> 0 | H26: =SUMIFS('INPUT PULANG AWAL'!$M:$M,'INPUT PULANG AWAL'!$C:$C,'SUM.PULANG AWAL'!H$6,'INPUT PULANG AWAL'!$H:$H,'SUM.PULANG AWAL'!$B25,'INPUT PULANG AWAL'!$I:$I,'SUM.PULANG AWAL'!$C26) -> 0 | I26: =SUMIFS('INPUT PULANG AWAL'!$M:$M,'INPUT PULANG AWAL'!$C:$C,'SUM.PULANG AWAL'!I$6,'INPUT PULANG AWAL'!$H:$H,'SUM.PULANG AWAL'!$B25,'INPUT PULANG AWAL'!$I:$I,'SUM.PULANG AWAL'!$C26) -> 0 | J26: =SUMIFS('INPUT PULANG AWAL'!$M:$M,'INPUT PULANG AWAL'!$C:$C,'SUM.PULANG AWAL'!J$6,'INPUT PULANG AWAL'!$H:$H,'SUM.PULANG AWAL'!$B25,'INPUT PULANG AWAL'!$I:$I,'SUM.PULANG AWAL'!$C26) -> 0 | K26: =SUMIFS('INPUT PULANG AWAL'!$M:$M,'INPUT PULANG AWAL'!$C:$C,'SUM.PULANG AWAL'!K$6,'INPUT PULANG AWAL'!$H:$H,'SUM.PULANG AWAL'!$B25,'INPUT PULANG AWAL'!$I:$I,'SUM.PULANG AWAL'!$C26) -> 0 | ... AH26: =SUMIFS('INPUT PULANG AWAL'!$M:$M,'INPUT PULANG AWAL'!$C:$C,'SUM.PULANG AWAL'!AH$6,'INPUT PULANG AWAL'!$H:$H,'SUM.PULANG AWAL'!$B25,'INPUT PULANG AWAL'!$I:$I,'SUM.PULANG AWAL'!$C26) -> 0 | AI26: =SUM(D26:AH26) -> 0
C27: NS | D27: =SUMIFS('INPUT PULANG AWAL'!$M:$M,'INPUT PULANG AWAL'!$C:$C,'SUM.PULANG AWAL'!D$6,'INPUT PULANG AWAL'!$H:$H,'SUM.PULANG AWAL'!$B25,'INPUT PULANG AWAL'!$I:$I,'SUM.PULANG AWAL'!$C27) -> 0 | E27: =SUMIFS('INPUT PULANG AWAL'!$M:$M,'INPUT PULANG AWAL'!$C:$C,'SUM.PULANG AWAL'!E$6,'INPUT PULANG AWAL'!$H:$H,'SUM.PULANG AWAL'!$B25,'INPUT PULANG AWAL'!$I:$I,'SUM.PULANG AWAL'!$C27) -> 0 | F27: =SUMIFS('INPUT PULANG AWAL'!$M:$M,'INPUT PULANG AWAL'!$C:$C,'SUM.PULANG AWAL'!F$6,'INPUT PULANG AWAL'!$H:$H,'SUM.PULANG AWAL'!$B25,'INPUT PULANG AWAL'!$I:$I,'SUM.PULANG AWAL'!$C27) -> 0 | G27: =SUMIFS('INPUT PULANG AWAL'!$M:$M,'INPUT PULANG AWAL'!$C:$C,'SUM.PULANG AWAL'!G$6,'INPUT PULANG AWAL'!$H:$H,'SUM.PULANG AWAL'!$B25,'INPUT PULANG AWAL'!$I:$I,'SUM.PULANG AWAL'!$C27) -> 0 | H27: =SUMIFS('INPUT PULANG AWAL'!$M:$M,'INPUT PULANG AWAL'!$C:$C,'SUM.PULANG AWAL'!H$6,'INPUT PULANG AWAL'!$H:$H,'SUM.PULANG AWAL'!$B25,'INPUT PULANG AWAL'!$I:$I,'SUM.PULANG AWAL'!$C27) -> 0 | I27: =SUMIFS('INPUT PULANG AWAL'!$M:$M,'INPUT PULANG AWAL'!$C:$C,'SUM.PULANG AWAL'!I$6,'INPUT PULANG AWAL'!$H:$H,'SUM.PULANG AWAL'!$B25,'INPUT PULANG AWAL'!$I:$I,'SUM.PULANG AWAL'!$C27) -> 0 | J27: =SUMIFS('INPUT PULANG AWAL'!$M:$M,'INPUT PULANG AWAL'!$C:$C,'SUM.PULANG AWAL'!J$6,'INPUT PULANG AWAL'!$H:$H,'SUM.PULANG AWAL'!$B25,'INPUT PULANG AWAL'!$I:$I,'SUM.PULANG AWAL'!$C27) -> 0 | K27: =SUMIFS('INPUT PULANG AWAL'!$M:$M,'INPUT PULANG AWAL'!$C:$C,'SUM.PULANG AWAL'!K$6,'INPUT PULANG AWAL'!$H:$H,'SUM.PULANG AWAL'!$B25,'INPUT PULANG AWAL'!$I:$I,'SUM.PULANG AWAL'!$C27) -> 0 | ... AH27: =SUMIFS('INPUT PULANG AWAL'!$M:$M,'INPUT PULANG AWAL'!$C:$C,'SUM.PULANG AWAL'!AH$6,'INPUT PULANG AWAL'!$H:$H,'SUM.PULANG AWAL'!$B25,'INPUT PULANG AWAL'!$I:$I,'SUM.PULANG AWAL'!$C27) -> 0 | AI27: =SUM(D27:AH27) -> 0
A28: 8 | B28: CPA HONDA EXP | C28: A | D28: =SUMIFS('INPUT PULANG AWAL'!$M:$M,'INPUT PULANG AWAL'!$C:$C,'SUM.PULANG AWAL'!D$6,'INPUT PULANG AWAL'!$H:$H,'SUM.PULANG AWAL'!$B28:$B30,'INPUT PULANG AWAL'!$I:$I,'SUM.PULANG AWAL'!$C28) -> 0 | E28: =SUMIFS('INPUT PULANG AWAL'!$M:$M,'INPUT PULANG AWAL'!$C:$C,'SUM.PULANG AWAL'!E$6,'INPUT PULANG AWAL'!$H:$H,'SUM.PULANG AWAL'!$B28:$B30,'INPUT PULANG AWAL'!$I:$I,'SUM.PULANG AWAL'!$C28) -> 0 | F28: =SUMIFS('INPUT PULANG AWAL'!$M:$M,'INPUT PULANG AWAL'!$C:$C,'SUM.PULANG AWAL'!F$6,'INPUT PULANG AWAL'!$H:$H,'SUM.PULANG AWAL'!$B28:$B30,'INPUT PULANG AWAL'!$I:$I,'SUM.PULANG AWAL'!$C28) -> 0 | G28: =SUMIFS('INPUT PULANG AWAL'!$M:$M,'INPUT PULANG AWAL'!$C:$C,'SUM.PULANG AWAL'!G$6,'INPUT PULANG AWAL'!$H:$H,'SUM.PULANG AWAL'!$B28:$B30,'INPUT PULANG AWAL'!$I:$I,'SUM.PULANG AWAL'!$C28) -> 0 | H28: =SUMIFS('INPUT PULANG AWAL'!$M:$M,'INPUT PULANG AWAL'!$C:$C,'SUM.PULANG AWAL'!H$6,'INPUT PULANG AWAL'!$H:$H,'SUM.PULANG AWAL'!$B28:$B30,'INPUT PULANG AWAL'!$I:$I,'SUM.PULANG AWAL'!$C28) -> 0 | I28: =SUMIFS('INPUT PULANG AWAL'!$M:$M,'INPUT PULANG AWAL'!$C:$C,'SUM.PULANG AWAL'!I$6,'INPUT PULANG AWAL'!$H:$H,'SUM.PULANG AWAL'!$B28:$B30,'INPUT PULANG AWAL'!$I:$I,'SUM.PULANG AWAL'!$C28) -> 0 | J28: =SUMIFS('INPUT PULANG AWAL'!$M:$M,'INPUT PULANG AWAL'!$C:$C,'SUM.PULANG AWAL'!J$6,'INPUT PULANG AWAL'!$H:$H,'SUM.PULANG AWAL'!$B28:$B30,'INPUT PULANG AWAL'!$I:$I,'SUM.PULANG AWAL'!$C28) -> 0 | K28: =SUMIFS('INPUT PULANG AWAL'!$M:$M,'INPUT PULANG AWAL'!$C:$C,'SUM.PULANG AWAL'!K$6,'INPUT PULANG AWAL'!$H:$H,'SUM.PULANG AWAL'!$B28:$B30,'INPUT PULANG AWAL'!$I:$I,'SUM.PULANG AWAL'!$C28) -> 0 | ... AH28: =SUMIFS('INPUT PULANG AWAL'!$M:$M,'INPUT PULANG AWAL'!$C:$C,'SUM.PULANG AWAL'!AH$6,'INPUT PULANG AWAL'!$H:$H,'SUM.PULANG AWAL'!$B28:$B30,'INPUT PULANG AWAL'!$I:$I,'SUM.PULANG AWAL'!$C28) -> 0 | AI28: =SUM(D28:AH28) -> 142.25
C29: B | D29: =SUMIFS('INPUT PULANG AWAL'!$M:$M,'INPUT PULANG AWAL'!$C:$C,'SUM.PULANG AWAL'!D$6,'INPUT PULANG AWAL'!$H:$H,'SUM.PULANG AWAL'!$B28,'INPUT PULANG AWAL'!$I:$I,'SUM.PULANG AWAL'!$C29) -> 0 | E29: =SUMIFS('INPUT PULANG AWAL'!$M:$M,'INPUT PULANG AWAL'!$C:$C,'SUM.PULANG AWAL'!E$6,'INPUT PULANG AWAL'!$H:$H,'SUM.PULANG AWAL'!$B28,'INPUT PULANG AWAL'!$I:$I,'SUM.PULANG AWAL'!$C29) -> 0 | F29: =SUMIFS('INPUT PULANG AWAL'!$M:$M,'INPUT PULANG AWAL'!$C:$C,'SUM.PULANG AWAL'!F$6,'INPUT PULANG AWAL'!$H:$H,'SUM.PULANG AWAL'!$B28,'INPUT PULANG AWAL'!$I:$I,'SUM.PULANG AWAL'!$C29) -> 0 | G29: =SUMIFS('INPUT PULANG AWAL'!$M:$M,'INPUT PULANG AWAL'!$C:$C,'SUM.PULANG AWAL'!G$6,'INPUT PULANG AWAL'!$H:$H,'SUM.PULANG AWAL'!$B28,'INPUT PULANG AWAL'!$I:$I,'SUM.PULANG AWAL'!$C29) -> 0 | H29: =SUMIFS('INPUT PULANG AWAL'!$M:$M,'INPUT PULANG AWAL'!$C:$C,'SUM.PULANG AWAL'!H$6,'INPUT PULANG AWAL'!$H:$H,'SUM.PULANG AWAL'!$B28,'INPUT PULANG AWAL'!$I:$I,'SUM.PULANG AWAL'!$C29) -> 0 | I29: =SUMIFS('INPUT PULANG AWAL'!$M:$M,'INPUT PULANG AWAL'!$C:$C,'SUM.PULANG AWAL'!I$6,'INPUT PULANG AWAL'!$H:$H,'SUM.PULANG AWAL'!$B28,'INPUT PULANG AWAL'!$I:$I,'SUM.PULANG AWAL'!$C29) -> 0 | J29: =SUMIFS('INPUT PULANG AWAL'!$M:$M,'INPUT PULANG AWAL'!$C:$C,'SUM.PULANG AWAL'!J$6,'INPUT PULANG AWAL'!$H:$H,'SUM.PULANG AWAL'!$B28,'INPUT PULANG AWAL'!$I:$I,'SUM.PULANG AWAL'!$C29) -> 0 | K29: =SUMIFS('INPUT PULANG AWAL'!$M:$M,'INPUT PULANG AWAL'!$C:$C,'SUM.PULANG AWAL'!K$6,'INPUT PULANG AWAL'!$H:$H,'SUM.PULANG AWAL'!$B28,'INPUT PULANG AWAL'!$I:$I,'SUM.PULANG AWAL'!$C29) -> 0 | ... AH29: =SUMIFS('INPUT PULANG AWAL'!$M:$M,'INPUT PULANG AWAL'!$C:$C,'SUM.PULANG AWAL'!AH$6,'INPUT PULANG AWAL'!$H:$H,'SUM.PULANG AWAL'!$B28,'INPUT PULANG AWAL'!$I:$I,'SUM.PULANG AWAL'!$C29) -> 0 | AI29: =SUM(D29:AH29) -> 0
C30: NS | D30: =SUMIFS('INPUT PULANG AWAL'!$M:$M,'INPUT PULANG AWAL'!$C:$C,'SUM.PULANG AWAL'!D$6,'INPUT PULANG AWAL'!$H:$H,'SUM.PULANG AWAL'!$B28,'INPUT PULANG AWAL'!$I:$I,'SUM.PULANG AWAL'!$C30) -> 0 | E30: =SUMIFS('INPUT PULANG AWAL'!$M:$M,'INPUT PULANG AWAL'!$C:$C,'SUM.PULANG AWAL'!E$6,'INPUT PULANG AWAL'!$H:$H,'SUM.PULANG AWAL'!$B28,'INPUT PULANG AWAL'!$I:$I,'SUM.PULANG AWAL'!$C30) -> 0 | F30: =SUMIFS('INPUT PULANG AWAL'!$M:$M,'INPUT PULANG AWAL'!$C:$C,'SUM.PULANG AWAL'!F$6,'INPUT PULANG AWAL'!$H:$H,'SUM.PULANG AWAL'!$B28,'INPUT PULANG AWAL'!$I:$I,'SUM.PULANG AWAL'!$C30) -> 0 | G30: =SUMIFS('INPUT PULANG AWAL'!$M:$M,'INPUT PULANG AWAL'!$C:$C,'SUM.PULANG AWAL'!G$6,'INPUT PULANG AWAL'!$H:$H,'SUM.PULANG AWAL'!$B28,'INPUT PULANG AWAL'!$I:$I,'SUM.PULANG AWAL'!$C30) -> 0 | H30: =SUMIFS('INPUT PULANG AWAL'!$M:$M,'INPUT PULANG AWAL'!$C:$C,'SUM.PULANG AWAL'!H$6,'INPUT PULANG AWAL'!$H:$H,'SUM.PULANG AWAL'!$B28,'INPUT PULANG AWAL'!$I:$I,'SUM.PULANG AWAL'!$C30) -> 0 | I30: =SUMIFS('INPUT PULANG AWAL'!$M:$M,'INPUT PULANG AWAL'!$C:$C,'SUM.PULANG AWAL'!I$6,'INPUT PULANG AWAL'!$H:$H,'SUM.PULANG AWAL'!$B28,'INPUT PULANG AWAL'!$I:$I,'SUM.PULANG AWAL'!$C30) -> 0 | J30: =SUMIFS('INPUT PULANG AWAL'!$M:$M,'INPUT PULANG AWAL'!$C:$C,'SUM.PULANG AWAL'!J$6,'INPUT PULANG AWAL'!$H:$H,'SUM.PULANG AWAL'!$B28,'INPUT PULANG AWAL'!$I:$I,'SUM.PULANG AWAL'!$C30) -> 0 | K30: =SUMIFS('INPUT PULANG AWAL'!$M:$M,'INPUT PULANG AWAL'!$C:$C,'SUM.PULANG AWAL'!K$6,'INPUT PULANG AWAL'!$H:$H,'SUM.PULANG AWAL'!$B28,'INPUT PULANG AWAL'!$I:$I,'SUM.PULANG AWAL'!$C30) -> 0 | ... AH30: =SUMIFS('INPUT PULANG AWAL'!$M:$M,'INPUT PULANG AWAL'!$C:$C,'SUM.PULANG AWAL'!AH$6,'INPUT PULANG AWAL'!$H:$H,'SUM.PULANG AWAL'!$B28,'INPUT PULANG AWAL'!$I:$I,'SUM.PULANG AWAL'!$C30) -> 0 | AI30: =SUM(D30:AH30) -> 102
A31: 9 | B31: CPA HONDA FIT | C31: A | D31: =SUMIFS('INPUT PULANG AWAL'!$M:$M,'INPUT PULANG AWAL'!$C:$C,'SUM.PULANG AWAL'!D$6,'INPUT PULANG AWAL'!$H:$H,'SUM.PULANG AWAL'!$B31:$B33,'INPUT PULANG AWAL'!$I:$I,'SUM.PULANG AWAL'!$C31) -> 0 | E31: =SUMIFS('INPUT PULANG AWAL'!$M:$M,'INPUT PULANG AWAL'!$C:$C,'SUM.PULANG AWAL'!E$6,'INPUT PULANG AWAL'!$H:$H,'SUM.PULANG AWAL'!$B31:$B33,'INPUT PULANG AWAL'!$I:$I,'SUM.PULANG AWAL'!$C31) -> 0 | F31: =SUMIFS('INPUT PULANG AWAL'!$M:$M,'INPUT PULANG AWAL'!$C:$C,'SUM.PULANG AWAL'!F$6,'INPUT PULANG AWAL'!$H:$H,'SUM.PULANG AWAL'!$B31:$B33,'INPUT PULANG AWAL'!$I:$I,'SUM.PULANG AWAL'!$C31) -> 0 | G31: =SUMIFS('INPUT PULANG AWAL'!$M:$M,'INPUT PULANG AWAL'!$C:$C,'SUM.PULANG AWAL'!G$6,'INPUT PULANG AWAL'!$H:$H,'SUM.PULANG AWAL'!$B31:$B33,'INPUT PULANG AWAL'!$I:$I,'SUM.PULANG AWAL'!$C31) -> 0 | H31: =SUMIFS('INPUT PULANG AWAL'!$M:$M,'INPUT PULANG AWAL'!$C:$C,'SUM.PULANG AWAL'!H$6,'INPUT PULANG AWAL'!$H:$H,'SUM.PULANG AWAL'!$B31:$B33,'INPUT PULANG AWAL'!$I:$I,'SUM.PULANG AWAL'!$C31) -> 0 | I31: =SUMIFS('INPUT PULANG AWAL'!$M:$M,'INPUT PULANG AWAL'!$C:$C,'SUM.PULANG AWAL'!I$6,'INPUT PULANG AWAL'!$H:$H,'SUM.PULANG AWAL'!$B31:$B33,'INPUT PULANG AWAL'!$I:$I,'SUM.PULANG AWAL'!$C31) -> 0 | J31: =SUMIFS('INPUT PULANG AWAL'!$M:$M,'INPUT PULANG AWAL'!$C:$C,'SUM.PULANG AWAL'!J$6,'INPUT PULANG AWAL'!$H:$H,'SUM.PULANG AWAL'!$B31:$B33,'INPUT PULANG AWAL'!$I:$I,'SUM.PULANG AWAL'!$C31) -> 0 | K31: =SUMIFS('INPUT PULANG AWAL'!$M:$M,'INPUT PULANG AWAL'!$C:$C,'SUM.PULANG AWAL'!K$6,'INPUT PULANG AWAL'!$H:$H,'SUM.PULANG AWAL'!$B31:$B33,'INPUT PULANG AWAL'!$I:$I,'SUM.PULANG AWAL'!$C31) -> 0 | ... AH31: =SUMIFS('INPUT PULANG AWAL'!$M:$M,'INPUT PULANG AWAL'!$C:$C,'SUM.PULANG AWAL'!AH$6,'INPUT PULANG AWAL'!$H:$H,'SUM.PULANG AWAL'!$B31:$B33,'INPUT PULANG AWAL'!$I:$I,'SUM.PULANG AWAL'!$C31) -> 0 | AI31: =SUM(D31:AH31) -> 362.25
C32: B | D32: =SUMIFS('INPUT PULANG AWAL'!$M:$M,'INPUT PULANG AWAL'!$C:$C,'SUM.PULANG AWAL'!D$6,'INPUT PULANG AWAL'!$H:$H,'SUM.PULANG AWAL'!$B31,'INPUT PULANG AWAL'!$I:$I,'SUM.PULANG AWAL'!$C32) -> 0 | E32: =SUMIFS('INPUT PULANG AWAL'!$M:$M,'INPUT PULANG AWAL'!$C:$C,'SUM.PULANG AWAL'!E$6,'INPUT PULANG AWAL'!$H:$H,'SUM.PULANG AWAL'!$B31,'INPUT PULANG AWAL'!$I:$I,'SUM.PULANG AWAL'!$C32) -> 0 | F32: =SUMIFS('INPUT PULANG AWAL'!$M:$M,'INPUT PULANG AWAL'!$C:$C,'SUM.PULANG AWAL'!F$6,'INPUT PULANG AWAL'!$H:$H,'SUM.PULANG AWAL'!$B31,'INPUT PULANG AWAL'!$I:$I,'SUM.PULANG AWAL'!$C32) -> 0 | G32: =SUMIFS('INPUT PULANG AWAL'!$M:$M,'INPUT PULANG AWAL'!$C:$C,'SUM.PULANG AWAL'!G$6,'INPUT PULANG AWAL'!$H:$H,'SUM.PULANG AWAL'!$B31,'INPUT PULANG AWAL'!$I:$I,'SUM.PULANG AWAL'!$C32) -> 135 | H32: =SUMIFS('INPUT PULANG AWAL'!$M:$M,'INPUT PULANG AWAL'!$C:$C,'SUM.PULANG AWAL'!H$6,'INPUT PULANG AWAL'!$H:$H,'SUM.PULANG AWAL'!$B31,'INPUT PULANG AWAL'!$I:$I,'SUM.PULANG AWAL'!$C32) -> 0 | I32: =SUMIFS('INPUT PULANG AWAL'!$M:$M,'INPUT PULANG AWAL'!$C:$C,'SUM.PULANG AWAL'!I$6,'INPUT PULANG AWAL'!$H:$H,'SUM.PULANG AWAL'!$B31,'INPUT PULANG AWAL'!$I:$I,'SUM.PULANG AWAL'!$C32) -> 0 | J32: =SUMIFS('INPUT PULANG AWAL'!$M:$M,'INPUT PULANG AWAL'!$C:$C,'SUM.PULANG AWAL'!J$6,'INPUT PULANG AWAL'!$H:$H,'SUM.PULANG AWAL'!$B31,'INPUT PULANG AWAL'!$I:$I,'SUM.PULANG AWAL'!$C32) -> 0 | K32: =SUMIFS('INPUT PULANG AWAL'!$M:$M,'INPUT PULANG AWAL'!$C:$C,'SUM.PULANG AWAL'!K$6,'INPUT PULANG AWAL'!$H:$H,'SUM.PULANG AWAL'!$B31,'INPUT PULANG AWAL'!$I:$I,'SUM.PULANG AWAL'!$C32) -> 0 | ... AH32: =SUMIFS('INPUT PULANG AWAL'!$M:$M,'INPUT PULANG AWAL'!$C:$C,'SUM.PULANG AWAL'!AH$6,'INPUT PULANG AWAL'!$H:$H,'SUM.PULANG AWAL'!$B31,'INPUT PULANG AWAL'!$I:$I,'SUM.PULANG AWAL'!$C32) -> 0 | AI32: =SUM(D32:AH32) -> 719.5
C33: NS | D33: =SUMIFS('INPUT PULANG AWAL'!$M:$M,'INPUT PULANG AWAL'!$C:$C,'SUM.PULANG AWAL'!D$6,'INPUT PULANG AWAL'!$H:$H,'SUM.PULANG AWAL'!$B31,'INPUT PULANG AWAL'!$I:$I,'SUM.PULANG AWAL'!$C33) -> 0 | E33: =SUMIFS('INPUT PULANG AWAL'!$M:$M,'INPUT PULANG AWAL'!$C:$C,'SUM.PULANG AWAL'!E$6,'INPUT PULANG AWAL'!$H:$H,'SUM.PULANG AWAL'!$B31,'INPUT PULANG AWAL'!$I:$I,'SUM.PULANG AWAL'!$C33) -> 0 | F33: =SUMIFS('INPUT PULANG AWAL'!$M:$M,'INPUT PULANG AWAL'!$C:$C,'SUM.PULANG AWAL'!F$6,'INPUT PULANG AWAL'!$H:$H,'SUM.PULANG AWAL'!$B31,'INPUT PULANG AWAL'!$I:$I,'SUM.PULANG AWAL'!$C33) -> 0 | G33: =SUMIFS('INPUT PULANG AWAL'!$M:$M,'INPUT PULANG AWAL'!$C:$C,'SUM.PULANG AWAL'!G$6,'INPUT PULANG AWAL'!$H:$H,'SUM.PULANG AWAL'!$B31,'INPUT PULANG AWAL'!$I:$I,'SUM.PULANG AWAL'!$C33) -> 0 | H33: =SUMIFS('INPUT PULANG AWAL'!$M:$M,'INPUT PULANG AWAL'!$C:$C,'SUM.PULANG AWAL'!H$6,'INPUT PULANG AWAL'!$H:$H,'SUM.PULANG AWAL'!$B31,'INPUT PULANG AWAL'!$I:$I,'SUM.PULANG AWAL'!$C33) -> 0 | I33: =SUMIFS('INPUT PULANG AWAL'!$M:$M,'INPUT PULANG AWAL'!$C:$C,'SUM.PULANG AWAL'!I$6,'INPUT PULANG AWAL'!$H:$H,'SUM.PULANG AWAL'!$B31,'INPUT PULANG AWAL'!$I:$I,'SUM.PULANG AWAL'!$C33) -> 0 | J33: =SUMIFS('INPUT PULANG AWAL'!$M:$M,'INPUT PULANG AWAL'!$C:$C,'SUM.PULANG AWAL'!J$6,'INPUT PULANG AWAL'!$H:$H,'SUM.PULANG AWAL'!$B31,'INPUT PULANG AWAL'!$I:$I,'SUM.PULANG AWAL'!$C33) -> 0 | K33: =SUMIFS('INPUT PULANG AWAL'!$M:$M,'INPUT PULANG AWAL'!$C:$C,'SUM.PULANG AWAL'!K$6,'INPUT PULANG AWAL'!$H:$H,'SUM.PULANG AWAL'!$B31,'INPUT PULANG AWAL'!$I:$I,'SUM.PULANG AWAL'!$C33) -> 0 | ... AH33: =SUMIFS('INPUT PULANG AWAL'!$M:$M,'INPUT PULANG AWAL'!$C:$C,'SUM.PULANG AWAL'!AH$6,'INPUT PULANG AWAL'!$H:$H,'SUM.PULANG AWAL'!$B31,'INPUT PULANG AWAL'!$I:$I,'SUM.PULANG AWAL'!$C33) -> 0 | AI33: =SUM(D33:AH33) -> 0
A34: 10 | B34: CPA HV | C34: A | D34: =SUMIFS('INPUT PULANG AWAL'!$M:$M,'INPUT PULANG AWAL'!$C:$C,'SUM.PULANG AWAL'!D$6,'INPUT PULANG AWAL'!$H:$H,'SUM.PULANG AWAL'!$B34:$B36,'INPUT PULANG AWAL'!$I:$I,'SUM.PULANG AWAL'!$C34) -> 0 | E34: =SUMIFS('INPUT PULANG AWAL'!$M:$M,'INPUT PULANG AWAL'!$C:$C,'SUM.PULANG AWAL'!E$6,'INPUT PULANG AWAL'!$H:$H,'SUM.PULANG AWAL'!$B34:$B36,'INPUT PULANG AWAL'!$I:$I,'SUM.PULANG AWAL'!$C34) -> 0 | F34: =SUMIFS('INPUT PULANG AWAL'!$M:$M,'INPUT PULANG AWAL'!$C:$C,'SUM.PULANG AWAL'!F$6,'INPUT PULANG AWAL'!$H:$H,'SUM.PULANG AWAL'!$B34:$B36,'INPUT PULANG AWAL'!$I:$I,'SUM.PULANG AWAL'!$C34) -> 0 | G34: =SUMIFS('INPUT PULANG AWAL'!$M:$M,'INPUT PULANG AWAL'!$C:$C,'SUM.PULANG AWAL'!G$6,'INPUT PULANG AWAL'!$H:$H,'SUM.PULANG AWAL'!$B34:$B36,'INPUT PULANG AWAL'!$I:$I,'SUM.PULANG AWAL'!$C34) -> 0 | H34: =SUMIFS('INPUT PULANG AWAL'!$M:$M,'INPUT PULANG AWAL'!$C:$C,'SUM.PULANG AWAL'!H$6,'INPUT PULANG AWAL'!$H:$H,'SUM.PULANG AWAL'!$B34:$B36,'INPUT PULANG AWAL'!$I:$I,'SUM.PULANG AWAL'!$C34) -> 0 | I34: =SUMIFS('INPUT PULANG AWAL'!$M:$M,'INPUT PULANG AWAL'!$C:$C,'SUM.PULANG AWAL'!I$6,'INPUT PULANG AWAL'!$H:$H,'SUM.PULANG AWAL'!$B34:$B36,'INPUT PULANG AWAL'!$I:$I,'SUM.PULANG AWAL'!$C34) -> 0 | J34: =SUMIFS('INPUT PULANG AWAL'!$M:$M,'INPUT PULANG AWAL'!$C:$C,'SUM.PULANG AWAL'!J$6,'INPUT PULANG AWAL'!$H:$H,'SUM.PULANG AWAL'!$B34:$B36,'INPUT PULANG AWAL'!$I:$I,'SUM.PULANG AWAL'!$C34) -> 0 | K34: =SUMIFS('INPUT PULANG AWAL'!$M:$M,'INPUT PULANG AWAL'!$C:$C,'SUM.PULANG AWAL'!K$6,'INPUT PULANG AWAL'!$H:$H,'SUM.PULANG AWAL'!$B34:$B36,'INPUT PULANG AWAL'!$I:$I,'SUM.PULANG AWAL'!$C34) -> 0 | ... AH34: =SUMIFS('INPUT PULANG AWAL'!$M:$M,'INPUT PULANG AWAL'!$C:$C,'SUM.PULANG AWAL'!AH$6,'INPUT PULANG AWAL'!$H:$H,'SUM.PULANG AWAL'!$B34:$B36,'INPUT PULANG AWAL'!$I:$I,'SUM.PULANG AWAL'!$C34) -> 0 | AI34: =SUM(D34:AH34) -> 454
C35: B | D35: =SUMIFS('INPUT PULANG AWAL'!$M:$M,'INPUT PULANG AWAL'!$C:$C,'SUM.PULANG AWAL'!D$6,'INPUT PULANG AWAL'!$H:$H,'SUM.PULANG AWAL'!$B34,'INPUT PULANG AWAL'!$I:$I,'SUM.PULANG AWAL'!$C35) -> 0 | E35: =SUMIFS('INPUT PULANG AWAL'!$M:$M,'INPUT PULANG AWAL'!$C:$C,'SUM.PULANG AWAL'!E$6,'INPUT PULANG AWAL'!$H:$H,'SUM.PULANG AWAL'!$B34,'INPUT PULANG AWAL'!$I:$I,'SUM.PULANG AWAL'!$C35) -> 0 | F35: =SUMIFS('INPUT PULANG AWAL'!$M:$M,'INPUT PULANG AWAL'!$C:$C,'SUM.PULANG AWAL'!F$6,'INPUT PULANG AWAL'!$H:$H,'SUM.PULANG AWAL'!$B34,'INPUT PULANG AWAL'!$I:$I,'SUM.PULANG AWAL'!$C35) -> 0 | G35: =SUMIFS('INPUT PULANG AWAL'!$M:$M,'INPUT PULANG AWAL'!$C:$C,'SUM.PULANG AWAL'!G$6,'INPUT PULANG AWAL'!$H:$H,'SUM.PULANG AWAL'!$B34,'INPUT PULANG AWAL'!$I:$I,'SUM.PULANG AWAL'!$C35) -> 0 | H35: =SUMIFS('INPUT PULANG AWAL'!$M:$M,'INPUT PULANG AWAL'!$C:$C,'SUM.PULANG AWAL'!H$6,'INPUT PULANG AWAL'!$H:$H,'SUM.PULANG AWAL'!$B34,'INPUT PULANG AWAL'!$I:$I,'SUM.PULANG AWAL'!$C35) -> 0 | I35: =SUMIFS('INPUT PULANG AWAL'!$M:$M,'INPUT PULANG AWAL'!$C:$C,'SUM.PULANG AWAL'!I$6,'INPUT PULANG AWAL'!$H:$H,'SUM.PULANG AWAL'!$B34,'INPUT PULANG AWAL'!$I:$I,'SUM.PULANG AWAL'!$C35) -> 0 | J35: =SUMIFS('INPUT PULANG AWAL'!$M:$M,'INPUT PULANG AWAL'!$C:$C,'SUM.PULANG AWAL'!J$6,'INPUT PULANG AWAL'!$H:$H,'SUM.PULANG AWAL'!$B34,'INPUT PULANG AWAL'!$I:$I,'SUM.PULANG AWAL'!$C35) -> 37.5 | K35: =SUMIFS('INPUT PULANG AWAL'!$M:$M,'INPUT PULANG AWAL'!$C:$C,'SUM.PULANG AWAL'!K$6,'INPUT PULANG AWAL'!$H:$H,'SUM.PULANG AWAL'!$B34,'INPUT PULANG AWAL'!$I:$I,'SUM.PULANG AWAL'!$C35) -> 0 | ... AH35: =SUMIFS('INPUT PULANG AWAL'!$M:$M,'INPUT PULANG AWAL'!$C:$C,'SUM.PULANG AWAL'!AH$6,'INPUT PULANG AWAL'!$H:$H,'SUM.PULANG AWAL'!$B34,'INPUT PULANG AWAL'!$I:$I,'SUM.PULANG AWAL'!$C35) -> 0 | AI35: =SUM(D35:AH35) -> 1162.4
C36: NS | D36: =SUMIFS('INPUT PULANG AWAL'!$M:$M,'INPUT PULANG AWAL'!$C:$C,'SUM.PULANG AWAL'!D$6,'INPUT PULANG AWAL'!$H:$H,'SUM.PULANG AWAL'!$B34,'INPUT PULANG AWAL'!$I:$I,'SUM.PULANG AWAL'!$C36) -> 0 | E36: =SUMIFS('INPUT PULANG AWAL'!$M:$M,'INPUT PULANG AWAL'!$C:$C,'SUM.PULANG AWAL'!E$6,'INPUT PULANG AWAL'!$H:$H,'SUM.PULANG AWAL'!$B34,'INPUT PULANG AWAL'!$I:$I,'SUM.PULANG AWAL'!$C36) -> 0 | F36: =SUMIFS('INPUT PULANG AWAL'!$M:$M,'INPUT PULANG AWAL'!$C:$C,'SUM.PULANG AWAL'!F$6,'INPUT PULANG AWAL'!$H:$H,'SUM.PULANG AWAL'!$B34,'INPUT PULANG AWAL'!$I:$I,'SUM.PULANG AWAL'!$C36) -> 0 | G36: =SUMIFS('INPUT PULANG AWAL'!$M:$M,'INPUT PULANG AWAL'!$C:$C,'SUM.PULANG AWAL'!G$6,'INPUT PULANG AWAL'!$H:$H,'SUM.PULANG AWAL'!$B34,'INPUT PULANG AWAL'!$I:$I,'SUM.PULANG AWAL'!$C36) -> 0 | H36: =SUMIFS('INPUT PULANG AWAL'!$M:$M,'INPUT PULANG AWAL'!$C:$C,'SUM.PULANG AWAL'!H$6,'INPUT PULANG AWAL'!$H:$H,'SUM.PULANG AWAL'!$B34,'INPUT PULANG AWAL'!$I:$I,'SUM.PULANG AWAL'!$C36) -> 0 | I36: =SUMIFS('INPUT PULANG AWAL'!$M:$M,'INPUT PULANG AWAL'!$C:$C,'SUM.PULANG AWAL'!I$6,'INPUT PULANG AWAL'!$H:$H,'SUM.PULANG AWAL'!$B34,'INPUT PULANG AWAL'!$I:$I,'SUM.PULANG AWAL'!$C36) -> 0 | J36: =SUMIFS('INPUT PULANG AWAL'!$M:$M,'INPUT PULANG AWAL'!$C:$C,'SUM.PULANG AWAL'!J$6,'INPUT PULANG AWAL'!$H:$H,'SUM.PULANG AWAL'!$B34,'INPUT PULANG AWAL'!$I:$I,'SUM.PULANG AWAL'!$C36) -> 0 | K36: =SUMIFS('INPUT PULANG AWAL'!$M:$M,'INPUT PULANG AWAL'!$C:$C,'SUM.PULANG AWAL'!K$6,'INPUT PULANG AWAL'!$H:$H,'SUM.PULANG AWAL'!$B34,'INPUT PULANG AWAL'!$I:$I,'SUM.PULANG AWAL'!$C36) -> 0 | ... AH36: =SUMIFS('INPUT PULANG AWAL'!$M:$M,'INPUT PULANG AWAL'!$C:$C,'SUM.PULANG AWAL'!AH$6,'INPUT PULANG AWAL'!$H:$H,'SUM.PULANG AWAL'!$B34,'INPUT PULANG AWAL'!$I:$I,'SUM.PULANG AWAL'!$C36) -> 0 | AI36: =SUM(D36:AH36) -> 0
A37: 11 | B37: CPA MAZDA | C37: A | D37: =SUMIFS('INPUT PULANG AWAL'!$M:$M,'INPUT PULANG AWAL'!$C:$C,'SUM.PULANG AWAL'!D$6,'INPUT PULANG AWAL'!$H:$H,'SUM.PULANG AWAL'!$B37:$B39,'INPUT PULANG AWAL'!$I:$I,'SUM.PULANG AWAL'!$C37) -> 0 | E37: =SUMIFS('INPUT PULANG AWAL'!$M:$M,'INPUT PULANG AWAL'!$C:$C,'SUM.PULANG AWAL'!E$6,'INPUT PULANG AWAL'!$H:$H,'SUM.PULANG AWAL'!$B37:$B39,'INPUT PULANG AWAL'!$I:$I,'SUM.PULANG AWAL'!$C37) -> 0 | F37: =SUMIFS('INPUT PULANG AWAL'!$M:$M,'INPUT PULANG AWAL'!$C:$C,'SUM.PULANG AWAL'!F$6,'INPUT PULANG AWAL'!$H:$H,'SUM.PULANG AWAL'!$B37:$B39,'INPUT PULANG AWAL'!$I:$I,'SUM.PULANG AWAL'!$C37) -> 70 | G37: =SUMIFS('INPUT PULANG AWAL'!$M:$M,'INPUT PULANG AWAL'!$C:$C,'SUM.PULANG AWAL'!G$6,'INPUT PULANG AWAL'!$H:$H,'SUM.PULANG AWAL'!$B37:$B39,'INPUT PULANG AWAL'!$I:$I,'SUM.PULANG AWAL'!$C37) -> 0 | H37: =SUMIFS('INPUT PULANG AWAL'!$M:$M,'INPUT PULANG AWAL'!$C:$C,'SUM.PULANG AWAL'!H$6,'INPUT PULANG AWAL'!$H:$H,'SUM.PULANG AWAL'!$B37:$B39,'INPUT PULANG AWAL'!$I:$I,'SUM.PULANG AWAL'!$C37) -> 0 | I37: =SUMIFS('INPUT PULANG AWAL'!$M:$M,'INPUT PULANG AWAL'!$C:$C,'SUM.PULANG AWAL'!I$6,'INPUT PULANG AWAL'!$H:$H,'SUM.PULANG AWAL'!$B37:$B39,'INPUT PULANG AWAL'!$I:$I,'SUM.PULANG AWAL'!$C37) -> 0 | J37: =SUMIFS('INPUT PULANG AWAL'!$M:$M,'INPUT PULANG AWAL'!$C:$C,'SUM.PULANG AWAL'!J$6,'INPUT PULANG AWAL'!$H:$H,'SUM.PULANG AWAL'!$B37:$B39,'INPUT PULANG AWAL'!$I:$I,'SUM.PULANG AWAL'!$C37) -> 110.5 | K37: =SUMIFS('INPUT PULANG AWAL'!$M:$M,'INPUT PULANG AWAL'!$C:$C,'SUM.PULANG AWAL'!K$6,'INPUT PULANG AWAL'!$H:$H,'SUM.PULANG AWAL'!$B37:$B39,'INPUT PULANG AWAL'!$I:$I,'SUM.PULANG AWAL'!$C37) -> 0 | ... AH37: =SUMIFS('INPUT PULANG AWAL'!$M:$M,'INPUT PULANG AWAL'!$C:$C,'SUM.PULANG AWAL'!AH$6,'INPUT PULANG AWAL'!$H:$H,'SUM.PULANG AWAL'!$B37:$B39,'INPUT PULANG AWAL'!$I:$I,'SUM.PULANG AWAL'!$C37) -> 0 | AI37: =SUM(D37:AH37) -> 333.5
C38: B | D38: =SUMIFS('INPUT PULANG AWAL'!$M:$M,'INPUT PULANG AWAL'!$C:$C,'SUM.PULANG AWAL'!D$6,'INPUT PULANG AWAL'!$H:$H,'SUM.PULANG AWAL'!$B37,'INPUT PULANG AWAL'!$I:$I,'SUM.PULANG AWAL'!$C38) -> 0 | E38: =SUMIFS('INPUT PULANG AWAL'!$M:$M,'INPUT PULANG AWAL'!$C:$C,'SUM.PULANG AWAL'!E$6,'INPUT PULANG AWAL'!$H:$H,'SUM.PULANG AWAL'!$B37,'INPUT PULANG AWAL'!$I:$I,'SUM.PULANG AWAL'!$C38) -> 0 | F38: =SUMIFS('INPUT PULANG AWAL'!$M:$M,'INPUT PULANG AWAL'!$C:$C,'SUM.PULANG AWAL'!F$6,'INPUT PULANG AWAL'!$H:$H,'SUM.PULANG AWAL'!$B37,'INPUT PULANG AWAL'!$I:$I,'SUM.PULANG AWAL'!$C38) -> 87.583333 | G38: =SUMIFS('INPUT PULANG AWAL'!$M:$M,'INPUT PULANG AWAL'!$C:$C,'SUM.PULANG AWAL'!G$6,'INPUT PULANG AWAL'!$H:$H,'SUM.PULANG AWAL'!$B37,'INPUT PULANG AWAL'!$I:$I,'SUM.PULANG AWAL'!$C38) -> 0 | H38: =SUMIFS('INPUT PULANG AWAL'!$M:$M,'INPUT PULANG AWAL'!$C:$C,'SUM.PULANG AWAL'!H$6,'INPUT PULANG AWAL'!$H:$H,'SUM.PULANG AWAL'!$B37,'INPUT PULANG AWAL'!$I:$I,'SUM.PULANG AWAL'!$C38) -> 0 | I38: =SUMIFS('INPUT PULANG AWAL'!$M:$M,'INPUT PULANG AWAL'!$C:$C,'SUM.PULANG AWAL'!I$6,'INPUT PULANG AWAL'!$H:$H,'SUM.PULANG AWAL'!$B37,'INPUT PULANG AWAL'!$I:$I,'SUM.PULANG AWAL'!$C38) -> 0 | J38: =SUMIFS('INPUT PULANG AWAL'!$M:$M,'INPUT PULANG AWAL'!$C:$C,'SUM.PULANG AWAL'!J$6,'INPUT PULANG AWAL'!$H:$H,'SUM.PULANG AWAL'!$B37,'INPUT PULANG AWAL'!$I:$I,'SUM.PULANG AWAL'!$C38) -> 91 | K38: =SUMIFS('INPUT PULANG AWAL'!$M:$M,'INPUT PULANG AWAL'!$C:$C,'SUM.PULANG AWAL'!K$6,'INPUT PULANG AWAL'!$H:$H,'SUM.PULANG AWAL'!$B37,'INPUT PULANG AWAL'!$I:$I,'SUM.PULANG AWAL'!$C38) -> 0 | ... AH38: =SUMIFS('INPUT PULANG AWAL'!$M:$M,'INPUT PULANG AWAL'!$C:$C,'SUM.PULANG AWAL'!AH$6,'INPUT PULANG AWAL'!$H:$H,'SUM.PULANG AWAL'!$B37,'INPUT PULANG AWAL'!$I:$I,'SUM.PULANG AWAL'!$C38) -> 0 | AI38: =SUM(D38:AH38) -> 642.08333
C39: NS | D39: =SUMIFS('INPUT PULANG AWAL'!$M:$M,'INPUT PULANG AWAL'!$C:$C,'SUM.PULANG AWAL'!D$6,'INPUT PULANG AWAL'!$H:$H,'SUM.PULANG AWAL'!$B37,'INPUT PULANG AWAL'!$I:$I,'SUM.PULANG AWAL'!$C39) -> 0 | E39: =SUMIFS('INPUT PULANG AWAL'!$M:$M,'INPUT PULANG AWAL'!$C:$C,'SUM.PULANG AWAL'!E$6,'INPUT PULANG AWAL'!$H:$H,'SUM.PULANG AWAL'!$B37,'INPUT PULANG AWAL'!$I:$I,'SUM.PULANG AWAL'!$C39) -> 0 | F39: =SUMIFS('INPUT PULANG AWAL'!$M:$M,'INPUT PULANG AWAL'!$C:$C,'SUM.PULANG AWAL'!F$6,'INPUT PULANG AWAL'!$H:$H,'SUM.PULANG AWAL'!$B37,'INPUT PULANG AWAL'!$I:$I,'SUM.PULANG AWAL'!$C39) -> 0 | G39: =SUMIFS('INPUT PULANG AWAL'!$M:$M,'INPUT PULANG AWAL'!$C:$C,'SUM.PULANG AWAL'!G$6,'INPUT PULANG AWAL'!$H:$H,'SUM.PULANG AWAL'!$B37,'INPUT PULANG AWAL'!$I:$I,'SUM.PULANG AWAL'!$C39) -> 56 | H39: =SUMIFS('INPUT PULANG AWAL'!$M:$M,'INPUT PULANG AWAL'!$C:$C,'SUM.PULANG AWAL'!H$6,'INPUT PULANG AWAL'!$H:$H,'SUM.PULANG AWAL'!$B37,'INPUT PULANG AWAL'!$I:$I,'SUM.PULANG AWAL'!$C39) -> 0 | I39: =SUMIFS('INPUT PULANG AWAL'!$M:$M,'INPUT PULANG AWAL'!$C:$C,'SUM.PULANG AWAL'!I$6,'INPUT PULANG AWAL'!$H:$H,'SUM.PULANG AWAL'!$B37,'INPUT PULANG AWAL'!$I:$I,'SUM.PULANG AWAL'!$C39) -> 0 | J39: =SUMIFS('INPUT PULANG AWAL'!$M:$M,'INPUT PULANG AWAL'!$C:$C,'SUM.PULANG AWAL'!J$6,'INPUT PULANG AWAL'!$H:$H,'SUM.PULANG AWAL'!$B37,'INPUT PULANG AWAL'!$I:$I,'SUM.PULANG AWAL'!$C39) -> 0 | K39: =SUMIFS('INPUT PULANG AWAL'!$M:$M,'INPUT PULANG AWAL'!$C:$C,'SUM.PULANG AWAL'!K$6,'INPUT PULANG AWAL'!$H:$H,'SUM.PULANG AWAL'!$B37,'INPUT PULANG AWAL'!$I:$I,'SUM.PULANG AWAL'!$C39) -> 0 | ... AH39: =SUMIFS('INPUT PULANG AWAL'!$M:$M,'INPUT PULANG AWAL'!$C:$C,'SUM.PULANG AWAL'!AH$6,'INPUT PULANG AWAL'!$H:$H,'SUM.PULANG AWAL'!$B37,'INPUT PULANG AWAL'!$I:$I,'SUM.PULANG AWAL'!$C39) -> 0 | AI39: =SUM(D39:AH39) -> 166.5
A40: 12 | B40: CPA MAZDA J03 | C40: A | D40: =SUMIFS('INPUT PULANG AWAL'!$M:$M,'INPUT PULANG AWAL'!$C:$C,'SUM.PULANG AWAL'!D$6,'INPUT PULANG AWAL'!$H:$H,'SUM.PULANG AWAL'!$B40:$B42,'INPUT PULANG AWAL'!$I:$I,'SUM.PULANG AWAL'!$C40) -> 0 | E40: =SUMIFS('INPUT PULANG AWAL'!$M:$M,'INPUT PULANG AWAL'!$C:$C,'SUM.PULANG AWAL'!E$6,'INPUT PULANG AWAL'!$H:$H,'SUM.PULANG AWAL'!$B40:$B42,'INPUT PULANG AWAL'!$I:$I,'SUM.PULANG AWAL'!$C40) -> 0 | F40: =SUMIFS('INPUT PULANG AWAL'!$M:$M,'INPUT PULANG AWAL'!$C:$C,'SUM.PULANG AWAL'!F$6,'INPUT PULANG AWAL'!$H:$H,'SUM.PULANG AWAL'!$B40:$B42,'INPUT PULANG AWAL'!$I:$I,'SUM.PULANG AWAL'!$C40) -> 0 | G40: =SUMIFS('INPUT PULANG AWAL'!$M:$M,'INPUT PULANG AWAL'!$C:$C,'SUM.PULANG AWAL'!G$6,'INPUT PULANG AWAL'!$H:$H,'SUM.PULANG AWAL'!$B40:$B42,'INPUT PULANG AWAL'!$I:$I,'SUM.PULANG AWAL'!$C40) -> 0 | H40: =SUMIFS('INPUT PULANG AWAL'!$M:$M,'INPUT PULANG AWAL'!$C:$C,'SUM.PULANG AWAL'!H$6,'INPUT PULANG AWAL'!$H:$H,'SUM.PULANG AWAL'!$B40:$B42,'INPUT PULANG AWAL'!$I:$I,'SUM.PULANG AWAL'!$C40) -> 0 | I40: =SUMIFS('INPUT PULANG AWAL'!$M:$M,'INPUT PULANG AWAL'!$C:$C,'SUM.PULANG AWAL'!I$6,'INPUT PULANG AWAL'!$H:$H,'SUM.PULANG AWAL'!$B40:$B42,'INPUT PULANG AWAL'!$I:$I,'SUM.PULANG AWAL'!$C40) -> 0 | J40: =SUMIFS('INPUT PULANG AWAL'!$M:$M,'INPUT PULANG AWAL'!$C:$C,'SUM.PULANG AWAL'!J$6,'INPUT PULANG AWAL'!$H:$H,'SUM.PULANG AWAL'!$B40:$B42,'INPUT PULANG AWAL'!$I:$I,'SUM.PULANG AWAL'!$C40) -> 0 | K40: =SUMIFS('INPUT PULANG AWAL'!$M:$M,'INPUT PULANG AWAL'!$C:$C,'SUM.PULANG AWAL'!K$6,'INPUT PULANG AWAL'!$H:$H,'SUM.PULANG AWAL'!$B40:$B42,'INPUT PULANG AWAL'!$I:$I,'SUM.PULANG AWAL'!$C40) -> 0 | ... AH40: =SUMIFS('INPUT PULANG AWAL'!$M:$M,'INPUT PULANG AWAL'!$C:$C,'SUM.PULANG AWAL'!AH$6,'INPUT PULANG AWAL'!$H:$H,'SUM.PULANG AWAL'!$B40:$B42,'INPUT PULANG AWAL'!$I:$I,'SUM.PULANG AWAL'!$C40) -> 0 | AI40: =SUM(D40:AH40) -> 58.666667
C41: B | D41: =SUMIFS('INPUT PULANG AWAL'!$M:$M,'INPUT PULANG AWAL'!$C:$C,'SUM.PULANG AWAL'!D$6,'INPUT PULANG AWAL'!$H:$H,'SUM.PULANG AWAL'!$B40,'INPUT PULANG AWAL'!$I:$I,'SUM.PULANG AWAL'!$C41) -> 0 | E41: =SUMIFS('INPUT PULANG AWAL'!$M:$M,'INPUT PULANG AWAL'!$C:$C,'SUM.PULANG AWAL'!E$6,'INPUT PULANG AWAL'!$H:$H,'SUM.PULANG AWAL'!$B40,'INPUT PULANG AWAL'!$I:$I,'SUM.PULANG AWAL'!$C41) -> 0 | F41: =SUMIFS('INPUT PULANG AWAL'!$M:$M,'INPUT PULANG AWAL'!$C:$C,'SUM.PULANG AWAL'!F$6,'INPUT PULANG AWAL'!$H:$H,'SUM.PULANG AWAL'!$B40,'INPUT PULANG AWAL'!$I:$I,'SUM.PULANG AWAL'!$C41) -> 0 | G41: =SUMIFS('INPUT PULANG AWAL'!$M:$M,'INPUT PULANG AWAL'!$C:$C,'SUM.PULANG AWAL'!G$6,'INPUT PULANG AWAL'!$H:$H,'SUM.PULANG AWAL'!$B40,'INPUT PULANG AWAL'!$I:$I,'SUM.PULANG AWAL'!$C41) -> 0 | H41: =SUMIFS('INPUT PULANG AWAL'!$M:$M,'INPUT PULANG AWAL'!$C:$C,'SUM.PULANG AWAL'!H$6,'INPUT PULANG AWAL'!$H:$H,'SUM.PULANG AWAL'!$B40,'INPUT PULANG AWAL'!$I:$I,'SUM.PULANG AWAL'!$C41) -> 0 | I41: =SUMIFS('INPUT PULANG AWAL'!$M:$M,'INPUT PULANG AWAL'!$C:$C,'SUM.PULANG AWAL'!I$6,'INPUT PULANG AWAL'!$H:$H,'SUM.PULANG AWAL'!$B40,'INPUT PULANG AWAL'!$I:$I,'SUM.PULANG AWAL'!$C41) -> 0 | J41: =SUMIFS('INPUT PULANG AWAL'!$M:$M,'INPUT PULANG AWAL'!$C:$C,'SUM.PULANG AWAL'!J$6,'INPUT PULANG AWAL'!$H:$H,'SUM.PULANG AWAL'!$B40,'INPUT PULANG AWAL'!$I:$I,'SUM.PULANG AWAL'!$C41) -> 0 | K41: =SUMIFS('INPUT PULANG AWAL'!$M:$M,'INPUT PULANG AWAL'!$C:$C,'SUM.PULANG AWAL'!K$6,'INPUT PULANG AWAL'!$H:$H,'SUM.PULANG AWAL'!$B40,'INPUT PULANG AWAL'!$I:$I,'SUM.PULANG AWAL'!$C41) -> 0 | ... AH41: =SUMIFS('INPUT PULANG AWAL'!$M:$M,'INPUT PULANG AWAL'!$C:$C,'SUM.PULANG AWAL'!AH$6,'INPUT PULANG AWAL'!$H:$H,'SUM.PULANG AWAL'!$B40,'INPUT PULANG AWAL'!$I:$I,'SUM.PULANG AWAL'!$C41) -> 0 | AI41: =SUM(D41:AH41) -> 307
C42: NS | D42: =SUMIFS('INPUT PULANG AWAL'!$M:$M,'INPUT PULANG AWAL'!$C:$C,'SUM.PULANG AWAL'!D$6,'INPUT PULANG AWAL'!$H:$H,'SUM.PULANG AWAL'!$B40,'INPUT PULANG AWAL'!$I:$I,'SUM.PULANG AWAL'!$C42) -> 0 | E42: =SUMIFS('INPUT PULANG AWAL'!$M:$M,'INPUT PULANG AWAL'!$C:$C,'SUM.PULANG AWAL'!E$6,'INPUT PULANG AWAL'!$H:$H,'SUM.PULANG AWAL'!$B40,'INPUT PULANG AWAL'!$I:$I,'SUM.PULANG AWAL'!$C42) -> 0 | F42: =SUMIFS('INPUT PULANG AWAL'!$M:$M,'INPUT PULANG AWAL'!$C:$C,'SUM.PULANG AWAL'!F$6,'INPUT PULANG AWAL'!$H:$H,'SUM.PULANG AWAL'!$B40,'INPUT PULANG AWAL'!$I:$I,'SUM.PULANG AWAL'!$C42) -> 0 | G42: =SUMIFS('INPUT PULANG AWAL'!$M:$M,'INPUT PULANG AWAL'!$C:$C,'SUM.PULANG AWAL'!G$6,'INPUT PULANG AWAL'!$H:$H,'SUM.PULANG AWAL'!$B40,'INPUT PULANG AWAL'!$I:$I,'SUM.PULANG AWAL'!$C42) -> 0 | H42: =SUMIFS('INPUT PULANG AWAL'!$M:$M,'INPUT PULANG AWAL'!$C:$C,'SUM.PULANG AWAL'!H$6,'INPUT PULANG AWAL'!$H:$H,'SUM.PULANG AWAL'!$B40,'INPUT PULANG AWAL'!$I:$I,'SUM.PULANG AWAL'!$C42) -> 0 | I42: =SUMIFS('INPUT PULANG AWAL'!$M:$M,'INPUT PULANG AWAL'!$C:$C,'SUM.PULANG AWAL'!I$6,'INPUT PULANG AWAL'!$H:$H,'SUM.PULANG AWAL'!$B40,'INPUT PULANG AWAL'!$I:$I,'SUM.PULANG AWAL'!$C42) -> 0 | J42: =SUMIFS('INPUT PULANG AWAL'!$M:$M,'INPUT PULANG AWAL'!$C:$C,'SUM.PULANG AWAL'!J$6,'INPUT PULANG AWAL'!$H:$H,'SUM.PULANG AWAL'!$B40,'INPUT PULANG AWAL'!$I:$I,'SUM.PULANG AWAL'!$C42) -> 0 | K42: =SUMIFS('INPUT PULANG AWAL'!$M:$M,'INPUT PULANG AWAL'!$C:$C,'SUM.PULANG AWAL'!K$6,'INPUT PULANG AWAL'!$H:$H,'SUM.PULANG AWAL'!$B40,'INPUT PULANG AWAL'!$I:$I,'SUM.PULANG AWAL'!$C42) -> 0 | ... AH42: =SUMIFS('INPUT PULANG AWAL'!$M:$M,'INPUT PULANG AWAL'!$C:$C,'SUM.PULANG AWAL'!AH$6,'INPUT PULANG AWAL'!$H:$H,'SUM.PULANG AWAL'!$B40,'INPUT PULANG AWAL'!$I:$I,'SUM.PULANG AWAL'!$C42) -> 0 | AI42: =SUM(D42:AH42) -> 0
A43: 13 | B43: CPA SOLENOID | C43: A | D43: =SUMIFS('INPUT PULANG AWAL'!$M:$M,'INPUT PULANG AWAL'!$C:$C,'SUM.PULANG AWAL'!D$6,'INPUT PULANG AWAL'!$H:$H,'SUM.PULANG AWAL'!$B43:$B45,'INPUT PULANG AWAL'!$I:$I,'SUM.PULANG AWAL'!$C43) -> 0 | E43: =SUMIFS('INPUT PULANG AWAL'!$M:$M,'INPUT PULANG AWAL'!$C:$C,'SUM.PULANG AWAL'!E$6,'INPUT PULANG AWAL'!$H:$H,'SUM.PULANG AWAL'!$B43:$B45,'INPUT PULANG AWAL'!$I:$I,'SUM.PULANG AWAL'!$C43) -> 0 | F43: =SUMIFS('INPUT PULANG AWAL'!$M:$M,'INPUT PULANG AWAL'!$C:$C,'SUM.PULANG AWAL'!F$6,'INPUT PULANG AWAL'!$H:$H,'SUM.PULANG AWAL'!$B43:$B45,'INPUT PULANG AWAL'!$I:$I,'SUM.PULANG AWAL'!$C43) -> 0 | G43: =SUMIFS('INPUT PULANG AWAL'!$M:$M,'INPUT PULANG AWAL'!$C:$C,'SUM.PULANG AWAL'!G$6,'INPUT PULANG AWAL'!$H:$H,'SUM.PULANG AWAL'!$B43:$B45,'INPUT PULANG AWAL'!$I:$I,'SUM.PULANG AWAL'!$C43) -> 0 | H43: =SUMIFS('INPUT PULANG AWAL'!$M:$M,'INPUT PULANG AWAL'!$C:$C,'SUM.PULANG AWAL'!H$6,'INPUT PULANG AWAL'!$H:$H,'SUM.PULANG AWAL'!$B43:$B45,'INPUT PULANG AWAL'!$I:$I,'SUM.PULANG AWAL'!$C43) -> 0 | I43: =SUMIFS('INPUT PULANG AWAL'!$M:$M,'INPUT PULANG AWAL'!$C:$C,'SUM.PULANG AWAL'!I$6,'INPUT PULANG AWAL'!$H:$H,'SUM.PULANG AWAL'!$B43:$B45,'INPUT PULANG AWAL'!$I:$I,'SUM.PULANG AWAL'!$C43) -> 0 | J43: =SUMIFS('INPUT PULANG AWAL'!$M:$M,'INPUT PULANG AWAL'!$C:$C,'SUM.PULANG AWAL'!J$6,'INPUT PULANG AWAL'!$H:$H,'SUM.PULANG AWAL'!$B43:$B45,'INPUT PULANG AWAL'!$I:$I,'SUM.PULANG AWAL'!$C43) -> 0 | K43: =SUMIFS('INPUT PULANG AWAL'!$M:$M,'INPUT PULANG AWAL'!$C:$C,'SUM.PULANG AWAL'!K$6,'INPUT PULANG AWAL'!$H:$H,'SUM.PULANG AWAL'!$B43:$B45,'INPUT PULANG AWAL'!$I:$I,'SUM.PULANG AWAL'!$C43) -> 0 | ... AH43: =SUMIFS('INPUT PULANG AWAL'!$M:$M,'INPUT PULANG AWAL'!$C:$C,'SUM.PULANG AWAL'!AH$6,'INPUT PULANG AWAL'!$H:$H,'SUM.PULANG AWAL'!$B43:$B45,'INPUT PULANG AWAL'!$I:$I,'SUM.PULANG AWAL'!$C43) -> 0 | AI43: =SUM(D43:AH43) -> 0
C44: B | D44: =SUMIFS('INPUT PULANG AWAL'!$M:$M,'INPUT PULANG AWAL'!$C:$C,'SUM.PULANG AWAL'!D$6,'INPUT PULANG AWAL'!$H:$H,'SUM.PULANG AWAL'!$B43,'INPUT PULANG AWAL'!$I:$I,'SUM.PULANG AWAL'!$C44) -> 0 | E44: =SUMIFS('INPUT PULANG AWAL'!$M:$M,'INPUT PULANG AWAL'!$C:$C,'SUM.PULANG AWAL'!E$6,'INPUT PULANG AWAL'!$H:$H,'SUM.PULANG AWAL'!$B43,'INPUT PULANG AWAL'!$I:$I,'SUM.PULANG AWAL'!$C44) -> 0 | F44: =SUMIFS('INPUT PULANG AWAL'!$M:$M,'INPUT PULANG AWAL'!$C:$C,'SUM.PULANG AWAL'!F$6,'INPUT PULANG AWAL'!$H:$H,'SUM.PULANG AWAL'!$B43,'INPUT PULANG AWAL'!$I:$I,'SUM.PULANG AWAL'!$C44) -> 0 | G44: =SUMIFS('INPUT PULANG AWAL'!$M:$M,'INPUT PULANG AWAL'!$C:$C,'SUM.PULANG AWAL'!G$6,'INPUT PULANG AWAL'!$H:$H,'SUM.PULANG AWAL'!$B43,'INPUT PULANG AWAL'!$I:$I,'SUM.PULANG AWAL'!$C44) -> 0 | H44: =SUMIFS('INPUT PULANG AWAL'!$M:$M,'INPUT PULANG AWAL'!$C:$C,'SUM.PULANG AWAL'!H$6,'INPUT PULANG AWAL'!$H:$H,'SUM.PULANG AWAL'!$B43,'INPUT PULANG AWAL'!$I:$I,'SUM.PULANG AWAL'!$C44) -> 0 | I44: =SUMIFS('INPUT PULANG AWAL'!$M:$M,'INPUT PULANG AWAL'!$C:$C,'SUM.PULANG AWAL'!I$6,'INPUT PULANG AWAL'!$H:$H,'SUM.PULANG AWAL'!$B43,'INPUT PULANG AWAL'!$I:$I,'SUM.PULANG AWAL'!$C44) -> 0 | J44: =SUMIFS('INPUT PULANG AWAL'!$M:$M,'INPUT PULANG AWAL'!$C:$C,'SUM.PULANG AWAL'!J$6,'INPUT PULANG AWAL'!$H:$H,'SUM.PULANG AWAL'!$B43,'INPUT PULANG AWAL'!$I:$I,'SUM.PULANG AWAL'!$C44) -> 0 | K44: =SUMIFS('INPUT PULANG AWAL'!$M:$M,'INPUT PULANG AWAL'!$C:$C,'SUM.PULANG AWAL'!K$6,'INPUT PULANG AWAL'!$H:$H,'SUM.PULANG AWAL'!$B43,'INPUT PULANG AWAL'!$I:$I,'SUM.PULANG AWAL'!$C44) -> 0 | ... AH44: =SUMIFS('INPUT PULANG AWAL'!$M:$M,'INPUT PULANG AWAL'!$C:$C,'SUM.PULANG AWAL'!AH$6,'INPUT PULANG AWAL'!$H:$H,'SUM.PULANG AWAL'!$B43,'INPUT PULANG AWAL'!$I:$I,'SUM.PULANG AWAL'!$C44) -> 0 | AI44: =SUM(D44:AH44) -> 0
C45: NS | D45: =SUMIFS('INPUT PULANG AWAL'!$M:$M,'INPUT PULANG AWAL'!$C:$C,'SUM.PULANG AWAL'!D$6,'INPUT PULANG AWAL'!$H:$H,'SUM.PULANG AWAL'!$B43,'INPUT PULANG AWAL'!$I:$I,'SUM.PULANG AWAL'!$C45) -> 0 | E45: =SUMIFS('INPUT PULANG AWAL'!$M:$M,'INPUT PULANG AWAL'!$C:$C,'SUM.PULANG AWAL'!E$6,'INPUT PULANG AWAL'!$H:$H,'SUM.PULANG AWAL'!$B43,'INPUT PULANG AWAL'!$I:$I,'SUM.PULANG AWAL'!$C45) -> 0 | F45: =SUMIFS('INPUT PULANG AWAL'!$M:$M,'INPUT PULANG AWAL'!$C:$C,'SUM.PULANG AWAL'!F$6,'INPUT PULANG AWAL'!$H:$H,'SUM.PULANG AWAL'!$B43,'INPUT PULANG AWAL'!$I:$I,'SUM.PULANG AWAL'!$C45) -> 0 | G45: =SUMIFS('INPUT PULANG AWAL'!$M:$M,'INPUT PULANG AWAL'!$C:$C,'SUM.PULANG AWAL'!G$6,'INPUT PULANG AWAL'!$H:$H,'SUM.PULANG AWAL'!$B43,'INPUT PULANG AWAL'!$I:$I,'SUM.PULANG AWAL'!$C45) -> 0 | H45: =SUMIFS('INPUT PULANG AWAL'!$M:$M,'INPUT PULANG AWAL'!$C:$C,'SUM.PULANG AWAL'!H$6,'INPUT PULANG AWAL'!$H:$H,'SUM.PULANG AWAL'!$B43,'INPUT PULANG AWAL'!$I:$I,'SUM.PULANG AWAL'!$C45) -> 0 | I45: =SUMIFS('INPUT PULANG AWAL'!$M:$M,'INPUT PULANG AWAL'!$C:$C,'SUM.PULANG AWAL'!I$6,'INPUT PULANG AWAL'!$H:$H,'SUM.PULANG AWAL'!$B43,'INPUT PULANG AWAL'!$I:$I,'SUM.PULANG AWAL'!$C45) -> 0 | J45: =SUMIFS('INPUT PULANG AWAL'!$M:$M,'INPUT PULANG AWAL'!$C:$C,'SUM.PULANG AWAL'!J$6,'INPUT PULANG AWAL'!$H:$H,'SUM.PULANG AWAL'!$B43,'INPUT PULANG AWAL'!$I:$I,'SUM.PULANG AWAL'!$C45) -> 0 | K45: =SUMIFS('INPUT PULANG AWAL'!$M:$M,'INPUT PULANG AWAL'!$C:$C,'SUM.PULANG AWAL'!K$6,'INPUT PULANG AWAL'!$H:$H,'SUM.PULANG AWAL'!$B43,'INPUT PULANG AWAL'!$I:$I,'SUM.PULANG AWAL'!$C45) -> 0 | ... AH45: =SUMIFS('INPUT PULANG AWAL'!$M:$M,'INPUT PULANG AWAL'!$C:$C,'SUM.PULANG AWAL'!AH$6,'INPUT PULANG AWAL'!$H:$H,'SUM.PULANG AWAL'!$B43,'INPUT PULANG AWAL'!$I:$I,'SUM.PULANG AWAL'!$C45) -> 0 | AI45: =SUM(D45:AH45) -> 174.83333
A46: 14 | B46: CPA SUZUKI | C46: A | D46: =SUMIFS('INPUT PULANG AWAL'!$M:$M,'INPUT PULANG AWAL'!$C:$C,'SUM.PULANG AWAL'!D$6,'INPUT PULANG AWAL'!$H:$H,'SUM.PULANG AWAL'!$B46:$B48,'INPUT PULANG AWAL'!$I:$I,'SUM.PULANG AWAL'!$C46) -> 0 | E46: =SUMIFS('INPUT PULANG AWAL'!$M:$M,'INPUT PULANG AWAL'!$C:$C,'SUM.PULANG AWAL'!E$6,'INPUT PULANG AWAL'!$H:$H,'SUM.PULANG AWAL'!$B46:$B48,'INPUT PULANG AWAL'!$I:$I,'SUM.PULANG AWAL'!$C46) -> 0 | F46: =SUMIFS('INPUT PULANG AWAL'!$M:$M,'INPUT PULANG AWAL'!$C:$C,'SUM.PULANG AWAL'!F$6,'INPUT PULANG AWAL'!$H:$H,'SUM.PULANG AWAL'!$B46:$B48,'INPUT PULANG AWAL'!$I:$I,'SUM.PULANG AWAL'!$C46) -> 0 | G46: =SUMIFS('INPUT PULANG AWAL'!$M:$M,'INPUT PULANG AWAL'!$C:$C,'SUM.PULANG AWAL'!G$6,'INPUT PULANG AWAL'!$H:$H,'SUM.PULANG AWAL'!$B46:$B48,'INPUT PULANG AWAL'!$I:$I,'SUM.PULANG AWAL'!$C46) -> 0 | H46: =SUMIFS('INPUT PULANG AWAL'!$M:$M,'INPUT PULANG AWAL'!$C:$C,'SUM.PULANG AWAL'!H$6,'INPUT PULANG AWAL'!$H:$H,'SUM.PULANG AWAL'!$B46:$B48,'INPUT PULANG AWAL'!$I:$I,'SUM.PULANG AWAL'!$C46) -> 7.5 | I46: =SUMIFS('INPUT PULANG AWAL'!$M:$M,'INPUT PULANG AWAL'!$C:$C,'SUM.PULANG AWAL'!I$6,'INPUT PULANG AWAL'!$H:$H,'SUM.PULANG AWAL'!$B46:$B48,'INPUT PULANG AWAL'!$I:$I,'SUM.PULANG AWAL'!$C46) -> 0 | J46: =SUMIFS('INPUT PULANG AWAL'!$M:$M,'INPUT PULANG AWAL'!$C:$C,'SUM.PULANG AWAL'!J$6,'INPUT PULANG AWAL'!$H:$H,'SUM.PULANG AWAL'!$B46:$B48,'INPUT PULANG AWAL'!$I:$I,'SUM.PULANG AWAL'!$C46) -> 0 | K46: =SUMIFS('INPUT PULANG AWAL'!$M:$M,'INPUT PULANG AWAL'!$C:$C,'SUM.PULANG AWAL'!K$6,'INPUT PULANG AWAL'!$H:$H,'SUM.PULANG AWAL'!$B46:$B48,'INPUT PULANG AWAL'!$I:$I,'SUM.PULANG AWAL'!$C46) -> 0 | ... AH46: =SUMIFS('INPUT PULANG AWAL'!$M:$M,'INPUT PULANG AWAL'!$C:$C,'SUM.PULANG AWAL'!AH$6,'INPUT PULANG AWAL'!$H:$H,'SUM.PULANG AWAL'!$B46:$B48,'INPUT PULANG AWAL'!$I:$I,'SUM.PULANG AWAL'!$C46) -> 0 | AI46: =SUM(D46:AH46) -> 490.66667
C47: B | D47: =SUMIFS('INPUT PULANG AWAL'!$M:$M,'INPUT PULANG AWAL'!$C:$C,'SUM.PULANG AWAL'!D$6,'INPUT PULANG AWAL'!$H:$H,'SUM.PULANG AWAL'!$B46,'INPUT PULANG AWAL'!$I:$I,'SUM.PULANG AWAL'!$C47) -> 0 | E47: =SUMIFS('INPUT PULANG AWAL'!$M:$M,'INPUT PULANG AWAL'!$C:$C,'SUM.PULANG AWAL'!E$6,'INPUT PULANG AWAL'!$H:$H,'SUM.PULANG AWAL'!$B46,'INPUT PULANG AWAL'!$I:$I,'SUM.PULANG AWAL'!$C47) -> 0 | F47: =SUMIFS('INPUT PULANG AWAL'!$M:$M,'INPUT PULANG AWAL'!$C:$C,'SUM.PULANG AWAL'!F$6,'INPUT PULANG AWAL'!$H:$H,'SUM.PULANG AWAL'!$B46,'INPUT PULANG AWAL'!$I:$I,'SUM.PULANG AWAL'!$C47) -> 0 | G47: =SUMIFS('INPUT PULANG AWAL'!$M:$M,'INPUT PULANG AWAL'!$C:$C,'SUM.PULANG AWAL'!G$6,'INPUT PULANG AWAL'!$H:$H,'SUM.PULANG AWAL'!$B46,'INPUT PULANG AWAL'!$I:$I,'SUM.PULANG AWAL'!$C47) -> 0 | H47: =SUMIFS('INPUT PULANG AWAL'!$M:$M,'INPUT PULANG AWAL'!$C:$C,'SUM.PULANG AWAL'!H$6,'INPUT PULANG AWAL'!$H:$H,'SUM.PULANG AWAL'!$B46,'INPUT PULANG AWAL'!$I:$I,'SUM.PULANG AWAL'!$C47) -> 0 | I47: =SUMIFS('INPUT PULANG AWAL'!$M:$M,'INPUT PULANG AWAL'!$C:$C,'SUM.PULANG AWAL'!I$6,'INPUT PULANG AWAL'!$H:$H,'SUM.PULANG AWAL'!$B46,'INPUT PULANG AWAL'!$I:$I,'SUM.PULANG AWAL'!$C47) -> 0 | J47: =SUMIFS('INPUT PULANG AWAL'!$M:$M,'INPUT PULANG AWAL'!$C:$C,'SUM.PULANG AWAL'!J$6,'INPUT PULANG AWAL'!$H:$H,'SUM.PULANG AWAL'!$B46,'INPUT PULANG AWAL'!$I:$I,'SUM.PULANG AWAL'!$C47) -> 13 | K47: =SUMIFS('INPUT PULANG AWAL'!$M:$M,'INPUT PULANG AWAL'!$C:$C,'SUM.PULANG AWAL'!K$6,'INPUT PULANG AWAL'!$H:$H,'SUM.PULANG AWAL'!$B46,'INPUT PULANG AWAL'!$I:$I,'SUM.PULANG AWAL'!$C47) -> 0 | ... AH47: =SUMIFS('INPUT PULANG AWAL'!$M:$M,'INPUT PULANG AWAL'!$C:$C,'SUM.PULANG AWAL'!AH$6,'INPUT PULANG AWAL'!$H:$H,'SUM.PULANG AWAL'!$B46,'INPUT PULANG AWAL'!$I:$I,'SUM.PULANG AWAL'!$C47) -> 0 | AI47: =SUM(D47:AH47) -> 274.18333
C48: NS | D48: =SUMIFS('INPUT PULANG AWAL'!$M:$M,'INPUT PULANG AWAL'!$C:$C,'SUM.PULANG AWAL'!D$6,'INPUT PULANG AWAL'!$H:$H,'SUM.PULANG AWAL'!$B46,'INPUT PULANG AWAL'!$I:$I,'SUM.PULANG AWAL'!$C48) -> 0 | E48: =SUMIFS('INPUT PULANG AWAL'!$M:$M,'INPUT PULANG AWAL'!$C:$C,'SUM.PULANG AWAL'!E$6,'INPUT PULANG AWAL'!$H:$H,'SUM.PULANG AWAL'!$B46,'INPUT PULANG AWAL'!$I:$I,'SUM.PULANG AWAL'!$C48) -> 0 | F48: =SUMIFS('INPUT PULANG AWAL'!$M:$M,'INPUT PULANG AWAL'!$C:$C,'SUM.PULANG AWAL'!F$6,'INPUT PULANG AWAL'!$H:$H,'SUM.PULANG AWAL'!$B46,'INPUT PULANG AWAL'!$I:$I,'SUM.PULANG AWAL'!$C48) -> 0 | G48: =SUMIFS('INPUT PULANG AWAL'!$M:$M,'INPUT PULANG AWAL'!$C:$C,'SUM.PULANG AWAL'!G$6,'INPUT PULANG AWAL'!$H:$H,'SUM.PULANG AWAL'!$B46,'INPUT PULANG AWAL'!$I:$I,'SUM.PULANG AWAL'!$C48) -> 0 | H48: =SUMIFS('INPUT PULANG AWAL'!$M:$M,'INPUT PULANG AWAL'!$C:$C,'SUM.PULANG AWAL'!H$6,'INPUT PULANG AWAL'!$H:$H,'SUM.PULANG AWAL'!$B46,'INPUT PULANG AWAL'!$I:$I,'SUM.PULANG AWAL'!$C48) -> 0 | I48: =SUMIFS('INPUT PULANG AWAL'!$M:$M,'INPUT PULANG AWAL'!$C:$C,'SUM.PULANG AWAL'!I$6,'INPUT PULANG AWAL'!$H:$H,'SUM.PULANG AWAL'!$B46,'INPUT PULANG AWAL'!$I:$I,'SUM.PULANG AWAL'!$C48) -> 0 | J48: =SUMIFS('INPUT PULANG AWAL'!$M:$M,'INPUT PULANG AWAL'!$C:$C,'SUM.PULANG AWAL'!J$6,'INPUT PULANG AWAL'!$H:$H,'SUM.PULANG AWAL'!$B46,'INPUT PULANG AWAL'!$I:$I,'SUM.PULANG AWAL'!$C48) -> 0 | K48: =SUMIFS('INPUT PULANG AWAL'!$M:$M,'INPUT PULANG AWAL'!$C:$C,'SUM.PULANG AWAL'!K$6,'INPUT PULANG AWAL'!$H:$H,'SUM.PULANG AWAL'!$B46,'INPUT PULANG AWAL'!$I:$I,'SUM.PULANG AWAL'!$C48) -> 0 | ... AH48: =SUMIFS('INPUT PULANG AWAL'!$M:$M,'INPUT PULANG AWAL'!$C:$C,'SUM.PULANG AWAL'!AH$6,'INPUT PULANG AWAL'!$H:$H,'SUM.PULANG AWAL'!$B46,'INPUT PULANG AWAL'!$I:$I,'SUM.PULANG AWAL'!$C48) -> 0 | AI48: =SUM(D48:AH48) -> 0
A49: 15 | B49: CUTTING PROJECT | C49: A | D49: =SUMIFS('INPUT PULANG AWAL'!$M:$M,'INPUT PULANG AWAL'!$C:$C,'SUM.PULANG AWAL'!D$6,'INPUT PULANG AWAL'!$H:$H,'SUM.PULANG AWAL'!$B49:$B51,'INPUT PULANG AWAL'!$I:$I,'SUM.PULANG AWAL'!$C49) -> 0 | E49: =SUMIFS('INPUT PULANG AWAL'!$M:$M,'INPUT PULANG AWAL'!$C:$C,'SUM.PULANG AWAL'!E$6,'INPUT PULANG AWAL'!$H:$H,'SUM.PULANG AWAL'!$B49:$B51,'INPUT PULANG AWAL'!$I:$I,'SUM.PULANG AWAL'!$C49) -> 0 | F49: =SUMIFS('INPUT PULANG AWAL'!$M:$M,'INPUT PULANG AWAL'!$C:$C,'SUM.PULANG AWAL'!F$6,'INPUT PULANG AWAL'!$H:$H,'SUM.PULANG AWAL'!$B49:$B51,'INPUT PULANG AWAL'!$I:$I,'SUM.PULANG AWAL'!$C49) -> 0 | G49: =SUMIFS('INPUT PULANG AWAL'!$M:$M,'INPUT PULANG AWAL'!$C:$C,'SUM.PULANG AWAL'!G$6,'INPUT PULANG AWAL'!$H:$H,'SUM.PULANG AWAL'!$B49:$B51,'INPUT PULANG AWAL'!$I:$I,'SUM.PULANG AWAL'!$C49) -> 0 | H49: =SUMIFS('INPUT PULANG AWAL'!$M:$M,'INPUT PULANG AWAL'!$C:$C,'SUM.PULANG AWAL'!H$6,'INPUT PULANG AWAL'!$H:$H,'SUM.PULANG AWAL'!$B49:$B51,'INPUT PULANG AWAL'!$I:$I,'SUM.PULANG AWAL'!$C49) -> 0 | I49: =SUMIFS('INPUT PULANG AWAL'!$M:$M,'INPUT PULANG AWAL'!$C:$C,'SUM.PULANG AWAL'!I$6,'INPUT PULANG AWAL'!$H:$H,'SUM.PULANG AWAL'!$B49:$B51,'INPUT PULANG AWAL'!$I:$I,'SUM.PULANG AWAL'!$C49) -> 0 | J49: =SUMIFS('INPUT PULANG AWAL'!$M:$M,'INPUT PULANG AWAL'!$C:$C,'SUM.PULANG AWAL'!J$6,'INPUT PULANG AWAL'!$H:$H,'SUM.PULANG AWAL'!$B49:$B51,'INPUT PULANG AWAL'!$I:$I,'SUM.PULANG AWAL'!$C49) -> 0 | K49: =SUMIFS('INPUT PULANG AWAL'!$M:$M,'INPUT PULANG AWAL'!$C:$C,'SUM.PULANG AWAL'!K$6,'INPUT PULANG AWAL'!$H:$H,'SUM.PULANG AWAL'!$B49:$B51,'INPUT PULANG AWAL'!$I:$I,'SUM.PULANG AWAL'!$C49) -> 0 | ... AH49: =SUMIFS('INPUT PULANG AWAL'!$M:$M,'INPUT PULANG AWAL'!$C:$C,'SUM.PULANG AWAL'!AH$6,'INPUT PULANG AWAL'!$H:$H,'SUM.PULANG AWAL'!$B49:$B51,'INPUT PULANG AWAL'!$I:$I,'SUM.PULANG AWAL'!$C49) -> 0 | AI49: =SUM(D49:AH49) -> 0
C50: B | D50: =SUMIFS('INPUT PULANG AWAL'!$M:$M,'INPUT PULANG AWAL'!$C:$C,'SUM.PULANG AWAL'!D$6,'INPUT PULANG AWAL'!$H:$H,'SUM.PULANG AWAL'!$B49,'INPUT PULANG AWAL'!$I:$I,'SUM.PULANG AWAL'!$C50) -> 0 | E50: =SUMIFS('INPUT PULANG AWAL'!$M:$M,'INPUT PULANG AWAL'!$C:$C,'SUM.PULANG AWAL'!E$6,'INPUT PULANG AWAL'!$H:$H,'SUM.PULANG AWAL'!$B49,'INPUT PULANG AWAL'!$I:$I,'SUM.PULANG AWAL'!$C50) -> 0 | F50: =SUMIFS('INPUT PULANG AWAL'!$M:$M,'INPUT PULANG AWAL'!$C:$C,'SUM.PULANG AWAL'!F$6,'INPUT PULANG AWAL'!$H:$H,'SUM.PULANG AWAL'!$B49,'INPUT PULANG AWAL'!$I:$I,'SUM.PULANG AWAL'!$C50) -> 0 | G50: =SUMIFS('INPUT PULANG AWAL'!$M:$M,'INPUT PULANG AWAL'!$C:$C,'SUM.PULANG AWAL'!G$6,'INPUT PULANG AWAL'!$H:$H,'SUM.PULANG AWAL'!$B49,'INPUT PULANG AWAL'!$I:$I,'SUM.PULANG AWAL'!$C50) -> 0 | H50: =SUMIFS('INPUT PULANG AWAL'!$M:$M,'INPUT PULANG AWAL'!$C:$C,'SUM.PULANG AWAL'!H$6,'INPUT PULANG AWAL'!$H:$H,'SUM.PULANG AWAL'!$B49,'INPUT PULANG AWAL'!$I:$I,'SUM.PULANG AWAL'!$C50) -> 0 | I50: =SUMIFS('INPUT PULANG AWAL'!$M:$M,'INPUT PULANG AWAL'!$C:$C,'SUM.PULANG AWAL'!I$6,'INPUT PULANG AWAL'!$H:$H,'SUM.PULANG AWAL'!$B49,'INPUT PULANG AWAL'!$I:$I,'SUM.PULANG AWAL'!$C50) -> 0 | J50: =SUMIFS('INPUT PULANG AWAL'!$M:$M,'INPUT PULANG AWAL'!$C:$C,'SUM.PULANG AWAL'!J$6,'INPUT PULANG AWAL'!$H:$H,'SUM.PULANG AWAL'!$B49,'INPUT PULANG AWAL'!$I:$I,'SUM.PULANG AWAL'!$C50) -> 0 | K50: =SUMIFS('INPUT PULANG AWAL'!$M:$M,'INPUT PULANG AWAL'!$C:$C,'SUM.PULANG AWAL'!K$6,'INPUT PULANG AWAL'!$H:$H,'SUM.PULANG AWAL'!$B49,'INPUT PULANG AWAL'!$I:$I,'SUM.PULANG AWAL'!$C50) -> 0 | ... AH50: =SUMIFS('INPUT PULANG AWAL'!$M:$M,'INPUT PULANG AWAL'!$C:$C,'SUM.PULANG AWAL'!AH$6,'INPUT PULANG AWAL'!$H:$H,'SUM.PULANG AWAL'!$B49,'INPUT PULANG AWAL'!$I:$I,'SUM.PULANG AWAL'!$C50) -> 0 | AI50: =SUM(D50:AH50) -> 0
C51: NS | D51: =SUMIFS('INPUT PULANG AWAL'!$M:$M,'INPUT PULANG AWAL'!$C:$C,'SUM.PULANG AWAL'!D$6,'INPUT PULANG AWAL'!$H:$H,'SUM.PULANG AWAL'!$B49,'INPUT PULANG AWAL'!$I:$I,'SUM.PULANG AWAL'!$C51) -> 0 | E51: =SUMIFS('INPUT PULANG AWAL'!$M:$M,'INPUT PULANG AWAL'!$C:$C,'SUM.PULANG AWAL'!E$6,'INPUT PULANG AWAL'!$H:$H,'SUM.PULANG AWAL'!$B49,'INPUT PULANG AWAL'!$I:$I,'SUM.PULANG AWAL'!$C51) -> 0 | F51: =SUMIFS('INPUT PULANG AWAL'!$M:$M,'INPUT PULANG AWAL'!$C:$C,'SUM.PULANG AWAL'!F$6,'INPUT PULANG AWAL'!$H:$H,'SUM.PULANG AWAL'!$B49,'INPUT PULANG AWAL'!$I:$I,'SUM.PULANG AWAL'!$C51) -> 0 | G51: =SUMIFS('INPUT PULANG AWAL'!$M:$M,'INPUT PULANG AWAL'!$C:$C,'SUM.PULANG AWAL'!G$6,'INPUT PULANG AWAL'!$H:$H,'SUM.PULANG AWAL'!$B49,'INPUT PULANG AWAL'!$I:$I,'SUM.PULANG AWAL'!$C51) -> 0 | H51: =SUMIFS('INPUT PULANG AWAL'!$M:$M,'INPUT PULANG AWAL'!$C:$C,'SUM.PULANG AWAL'!H$6,'INPUT PULANG AWAL'!$H:$H,'SUM.PULANG AWAL'!$B49,'INPUT PULANG AWAL'!$I:$I,'SUM.PULANG AWAL'!$C51) -> 0 | I51: =SUMIFS('INPUT PULANG AWAL'!$M:$M,'INPUT PULANG AWAL'!$C:$C,'SUM.PULANG AWAL'!I$6,'INPUT PULANG AWAL'!$H:$H,'SUM.PULANG AWAL'!$B49,'INPUT PULANG AWAL'!$I:$I,'SUM.PULANG AWAL'!$C51) -> 0 | J51: =SUMIFS('INPUT PULANG AWAL'!$M:$M,'INPUT PULANG AWAL'!$C:$C,'SUM.PULANG AWAL'!J$6,'INPUT PULANG AWAL'!$H:$H,'SUM.PULANG AWAL'!$B49,'INPUT PULANG AWAL'!$I:$I,'SUM.PULANG AWAL'!$C51) -> 0 | K51: =SUMIFS('INPUT PULANG AWAL'!$M:$M,'INPUT PULANG AWAL'!$C:$C,'SUM.PULANG AWAL'!K$6,'INPUT PULANG AWAL'!$H:$H,'SUM.PULANG AWAL'!$B49,'INPUT PULANG AWAL'!$I:$I,'SUM.PULANG AWAL'!$C51) -> 0 | ... AH51: =SUMIFS('INPUT PULANG AWAL'!$M:$M,'INPUT PULANG AWAL'!$C:$C,'SUM.PULANG AWAL'!AH$6,'INPUT PULANG AWAL'!$H:$H,'SUM.PULANG AWAL'!$B49,'INPUT PULANG AWAL'!$I:$I,'SUM.PULANG AWAL'!$C51) -> 0 | AI51: =SUM(D51:AH51) -> 6.5
A52: 16 | B52: CUTTING TUBE | C52: A | D52: =SUMIFS('INPUT PULANG AWAL'!$M:$M,'INPUT PULANG AWAL'!$C:$C,'SUM.PULANG AWAL'!D$6,'INPUT PULANG AWAL'!$H:$H,'SUM.PULANG AWAL'!$B52:$B54,'INPUT PULANG AWAL'!$I:$I,'SUM.PULANG AWAL'!$C52) -> 0 | E52: =SUMIFS('INPUT PULANG AWAL'!$M:$M,'INPUT PULANG AWAL'!$C:$C,'SUM.PULANG AWAL'!E$6,'INPUT PULANG AWAL'!$H:$H,'SUM.PULANG AWAL'!$B52:$B54,'INPUT PULANG AWAL'!$I:$I,'SUM.PULANG AWAL'!$C52) -> 0 | F52: =SUMIFS('INPUT PULANG AWAL'!$M:$M,'INPUT PULANG AWAL'!$C:$C,'SUM.PULANG AWAL'!F$6,'INPUT PULANG AWAL'!$H:$H,'SUM.PULANG AWAL'!$B52:$B54,'INPUT PULANG AWAL'!$I:$I,'SUM.PULANG AWAL'!$C52) -> 0 | G52: =SUMIFS('INPUT PULANG AWAL'!$M:$M,'INPUT PULANG AWAL'!$C:$C,'SUM.PULANG AWAL'!G$6,'INPUT PULANG AWAL'!$H:$H,'SUM.PULANG AWAL'!$B52:$B54,'INPUT PULANG AWAL'!$I:$I,'SUM.PULANG AWAL'!$C52) -> 0 | H52: =SUMIFS('INPUT PULANG AWAL'!$M:$M,'INPUT PULANG AWAL'!$C:$C,'SUM.PULANG AWAL'!H$6,'INPUT PULANG AWAL'!$H:$H,'SUM.PULANG AWAL'!$B52:$B54,'INPUT PULANG AWAL'!$I:$I,'SUM.PULANG AWAL'!$C52) -> 0 | I52: =SUMIFS('INPUT PULANG AWAL'!$M:$M,'INPUT PULANG AWAL'!$C:$C,'SUM.PULANG AWAL'!I$6,'INPUT PULANG AWAL'!$H:$H,'SUM.PULANG AWAL'!$B52:$B54,'INPUT PULANG AWAL'!$I:$I,'SUM.PULANG AWAL'!$C52) -> 0 | J52: =SUMIFS('INPUT PULANG AWAL'!$M:$M,'INPUT PULANG AWAL'!$C:$C,'SUM.PULANG AWAL'!J$6,'INPUT PULANG AWAL'!$H:$H,'SUM.PULANG AWAL'!$B52:$B54,'INPUT PULANG AWAL'!$I:$I,'SUM.PULANG AWAL'!$C52) -> 0 | K52: =SUMIFS('INPUT PULANG AWAL'!$M:$M,'INPUT PULANG AWAL'!$C:$C,'SUM.PULANG AWAL'!K$6,'INPUT PULANG AWAL'!$H:$H,'SUM.PULANG AWAL'!$B52:$B54,'INPUT PULANG AWAL'!$I:$I,'SUM.PULANG AWAL'!$C52) -> 0 | ... AH52: =SUMIFS('INPUT PULANG AWAL'!$M:$M,'INPUT PULANG AWAL'!$C:$C,'SUM.PULANG AWAL'!AH$6,'INPUT PULANG AWAL'!$H:$H,'SUM.PULANG AWAL'!$B52:$B54,'INPUT PULANG AWAL'!$I:$I,'SUM.PULANG AWAL'!$C52) -> 0 | AI52: =SUM(D52:AH52) -> 45.5
C53: B | D53: =SUMIFS('INPUT PULANG AWAL'!$M:$M,'INPUT PULANG AWAL'!$C:$C,'SUM.PULANG AWAL'!D$6,'INPUT PULANG AWAL'!$H:$H,'SUM.PULANG AWAL'!$B52,'INPUT PULANG AWAL'!$I:$I,'SUM.PULANG AWAL'!$C53) -> 0 | E53: =SUMIFS('INPUT PULANG AWAL'!$M:$M,'INPUT PULANG AWAL'!$C:$C,'SUM.PULANG AWAL'!E$6,'INPUT PULANG AWAL'!$H:$H,'SUM.PULANG AWAL'!$B52,'INPUT PULANG AWAL'!$I:$I,'SUM.PULANG AWAL'!$C53) -> 0 | F53: =SUMIFS('INPUT PULANG AWAL'!$M:$M,'INPUT PULANG AWAL'!$C:$C,'SUM.PULANG AWAL'!F$6,'INPUT PULANG AWAL'!$H:$H,'SUM.PULANG AWAL'!$B52,'INPUT PULANG AWAL'!$I:$I,'SUM.PULANG AWAL'!$C53) -> 0 | G53: =SUMIFS('INPUT PULANG AWAL'!$M:$M,'INPUT PULANG AWAL'!$C:$C,'SUM.PULANG AWAL'!G$6,'INPUT PULANG AWAL'!$H:$H,'SUM.PULANG AWAL'!$B52,'INPUT PULANG AWAL'!$I:$I,'SUM.PULANG AWAL'!$C53) -> 0 | H53: =SUMIFS('INPUT PULANG AWAL'!$M:$M,'INPUT PULANG AWAL'!$C:$C,'SUM.PULANG AWAL'!H$6,'INPUT PULANG AWAL'!$H:$H,'SUM.PULANG AWAL'!$B52,'INPUT PULANG AWAL'!$I:$I,'SUM.PULANG AWAL'!$C53) -> 1.5 | I53: =SUMIFS('INPUT PULANG AWAL'!$M:$M,'INPUT PULANG AWAL'!$C:$C,'SUM.PULANG AWAL'!I$6,'INPUT PULANG AWAL'!$H:$H,'SUM.PULANG AWAL'!$B52,'INPUT PULANG AWAL'!$I:$I,'SUM.PULANG AWAL'!$C53) -> 0 | J53: =SUMIFS('INPUT PULANG AWAL'!$M:$M,'INPUT PULANG AWAL'!$C:$C,'SUM.PULANG AWAL'!J$6,'INPUT PULANG AWAL'!$H:$H,'SUM.PULANG AWAL'!$B52,'INPUT PULANG AWAL'!$I:$I,'SUM.PULANG AWAL'!$C53) -> 0 | K53: =SUMIFS('INPUT PULANG AWAL'!$M:$M,'INPUT PULANG AWAL'!$C:$C,'SUM.PULANG AWAL'!K$6,'INPUT PULANG AWAL'!$H:$H,'SUM.PULANG AWAL'!$B52,'INPUT PULANG AWAL'!$I:$I,'SUM.PULANG AWAL'!$C53) -> 0 | ... AH53: =SUMIFS('INPUT PULANG AWAL'!$M:$M,'INPUT PULANG AWAL'!$C:$C,'SUM.PULANG AWAL'!AH$6,'INPUT PULANG AWAL'!$H:$H,'SUM.PULANG AWAL'!$B52,'INPUT PULANG AWAL'!$I:$I,'SUM.PULANG AWAL'!$C53) -> 0 | AI53: =SUM(D53:AH53) -> 88.5
C54: NS | D54: =SUMIFS('INPUT PULANG AWAL'!$M:$M,'INPUT PULANG AWAL'!$C:$C,'SUM.PULANG AWAL'!D$6,'INPUT PULANG AWAL'!$H:$H,'SUM.PULANG AWAL'!$B52,'INPUT PULANG AWAL'!$I:$I,'SUM.PULANG AWAL'!$C54) -> 0 | E54: =SUMIFS('INPUT PULANG AWAL'!$M:$M,'INPUT PULANG AWAL'!$C:$C,'SUM.PULANG AWAL'!E$6,'INPUT PULANG AWAL'!$H:$H,'SUM.PULANG AWAL'!$B52,'INPUT PULANG AWAL'!$I:$I,'SUM.PULANG AWAL'!$C54) -> 0 | F54: =SUMIFS('INPUT PULANG AWAL'!$M:$M,'INPUT PULANG AWAL'!$C:$C,'SUM.PULANG AWAL'!F$6,'INPUT PULANG AWAL'!$H:$H,'SUM.PULANG AWAL'!$B52,'INPUT PULANG AWAL'!$I:$I,'SUM.PULANG AWAL'!$C54) -> 0 | G54: =SUMIFS('INPUT PULANG AWAL'!$M:$M,'INPUT PULANG AWAL'!$C:$C,'SUM.PULANG AWAL'!G$6,'INPUT PULANG AWAL'!$H:$H,'SUM.PULANG AWAL'!$B52,'INPUT PULANG AWAL'!$I:$I,'SUM.PULANG AWAL'!$C54) -> 0 | H54: =SUMIFS('INPUT PULANG AWAL'!$M:$M,'INPUT PULANG AWAL'!$C:$C,'SUM.PULANG AWAL'!H$6,'INPUT PULANG AWAL'!$H:$H,'SUM.PULANG AWAL'!$B52,'INPUT PULANG AWAL'!$I:$I,'SUM.PULANG AWAL'!$C54) -> 0 | I54: =SUMIFS('INPUT PULANG AWAL'!$M:$M,'INPUT PULANG AWAL'!$C:$C,'SUM.PULANG AWAL'!I$6,'INPUT PULANG AWAL'!$H:$H,'SUM.PULANG AWAL'!$B52,'INPUT PULANG AWAL'!$I:$I,'SUM.PULANG AWAL'!$C54) -> 0 | J54: =SUMIFS('INPUT PULANG AWAL'!$M:$M,'INPUT PULANG AWAL'!$C:$C,'SUM.PULANG AWAL'!J$6,'INPUT PULANG AWAL'!$H:$H,'SUM.PULANG AWAL'!$B52,'INPUT PULANG AWAL'!$I:$I,'SUM.PULANG AWAL'!$C54) -> 0 | K54: =SUMIFS('INPUT PULANG AWAL'!$M:$M,'INPUT PULANG AWAL'!$C:$C,'SUM.PULANG AWAL'!K$6,'INPUT PULANG AWAL'!$H:$H,'SUM.PULANG AWAL'!$B52,'INPUT PULANG AWAL'!$I:$I,'SUM.PULANG AWAL'!$C54) -> 0 | ... AH54: =SUMIFS('INPUT PULANG AWAL'!$M:$M,'INPUT PULANG AWAL'!$C:$C,'SUM.PULANG AWAL'!AH$6,'INPUT PULANG AWAL'!$H:$H,'SUM.PULANG AWAL'!$B52,'INPUT PULANG AWAL'!$I:$I,'SUM.PULANG AWAL'!$C54) -> 0 | AI54: =SUM(D54:AH54) -> 0
A55: 17 | B55: CV S01 | C55: A | D55: =SUMIFS('INPUT PULANG AWAL'!$M:$M,'INPUT PULANG AWAL'!$C:$C,'SUM.PULANG AWAL'!D$6,'INPUT PULANG AWAL'!$H:$H,'SUM.PULANG AWAL'!$B55:$B57,'INPUT PULANG AWAL'!$I:$I,'SUM.PULANG AWAL'!$C55) -> 0 | E55: =SUMIFS('INPUT PULANG AWAL'!$M:$M,'INPUT PULANG AWAL'!$C:$C,'SUM.PULANG AWAL'!E$6,'INPUT PULANG AWAL'!$H:$H,'SUM.PULANG AWAL'!$B55:$B57,'INPUT PULANG AWAL'!$I:$I,'SUM.PULANG AWAL'!$C55) -> 0 | F55: =SUMIFS('INPUT PULANG AWAL'!$M:$M,'INPUT PULANG AWAL'!$C:$C,'SUM.PULANG AWAL'!F$6,'INPUT PULANG AWAL'!$H:$H,'SUM.PULANG AWAL'!$B55:$B57,'INPUT PULANG AWAL'!$I:$I,'SUM.PULANG AWAL'!$C55) -> 0 | G55: =SUMIFS('INPUT PULANG AWAL'!$M:$M,'INPUT PULANG AWAL'!$C:$C,'SUM.PULANG AWAL'!G$6,'INPUT PULANG AWAL'!$H:$H,'SUM.PULANG AWAL'!$B55:$B57,'INPUT PULANG AWAL'!$I:$I,'SUM.PULANG AWAL'!$C55) -> 0 | H55: =SUMIFS('INPUT PULANG AWAL'!$M:$M,'INPUT PULANG AWAL'!$C:$C,'SUM.PULANG AWAL'!H$6,'INPUT PULANG AWAL'!$H:$H,'SUM.PULANG AWAL'!$B55:$B57,'INPUT PULANG AWAL'!$I:$I,'SUM.PULANG AWAL'!$C55) -> 7.5 | I55: =SUMIFS('INPUT PULANG AWAL'!$M:$M,'INPUT PULANG AWAL'!$C:$C,'SUM.PULANG AWAL'!I$6,'INPUT PULANG AWAL'!$H:$H,'SUM.PULANG AWAL'!$B55:$B57,'INPUT PULANG AWAL'!$I:$I,'SUM.PULANG AWAL'!$C55) -> 0 | J55: =SUMIFS('INPUT PULANG AWAL'!$M:$M,'INPUT PULANG AWAL'!$C:$C,'SUM.PULANG AWAL'!J$6,'INPUT PULANG AWAL'!$H:$H,'SUM.PULANG AWAL'!$B55:$B57,'INPUT PULANG AWAL'!$I:$I,'SUM.PULANG AWAL'!$C55) -> 7.75 | K55: =SUMIFS('INPUT PULANG AWAL'!$M:$M,'INPUT PULANG AWAL'!$C:$C,'SUM.PULANG AWAL'!K$6,'INPUT PULANG AWAL'!$H:$H,'SUM.PULANG AWAL'!$B55:$B57,'INPUT PULANG AWAL'!$I:$I,'SUM.PULANG AWAL'!$C55) -> 0 | ... AH55: =SUMIFS('INPUT PULANG AWAL'!$M:$M,'INPUT PULANG AWAL'!$C:$C,'SUM.PULANG AWAL'!AH$6,'INPUT PULANG AWAL'!$H:$H,'SUM.PULANG AWAL'!$B55:$B57,'INPUT PULANG AWAL'!$I:$I,'SUM.PULANG AWAL'!$C55) -> 0 | AI55: =SUM(D55:AH55) -> 788.83333
C56: B | D56: =SUMIFS('INPUT PULANG AWAL'!$M:$M,'INPUT PULANG AWAL'!$C:$C,'SUM.PULANG AWAL'!D$6,'INPUT PULANG AWAL'!$H:$H,'SUM.PULANG AWAL'!$B55,'INPUT PULANG AWAL'!$I:$I,'SUM.PULANG AWAL'!$C56) -> 0 | E56: =SUMIFS('INPUT PULANG AWAL'!$M:$M,'INPUT PULANG AWAL'!$C:$C,'SUM.PULANG AWAL'!E$6,'INPUT PULANG AWAL'!$H:$H,'SUM.PULANG AWAL'!$B55,'INPUT PULANG AWAL'!$I:$I,'SUM.PULANG AWAL'!$C56) -> 0 | F56: =SUMIFS('INPUT PULANG AWAL'!$M:$M,'INPUT PULANG AWAL'!$C:$C,'SUM.PULANG AWAL'!F$6,'INPUT PULANG AWAL'!$H:$H,'SUM.PULANG AWAL'!$B55,'INPUT PULANG AWAL'!$I:$I,'SUM.PULANG AWAL'!$C56) -> 0 | G56: =SUMIFS('INPUT PULANG AWAL'!$M:$M,'INPUT PULANG AWAL'!$C:$C,'SUM.PULANG AWAL'!G$6,'INPUT PULANG AWAL'!$H:$H,'SUM.PULANG AWAL'!$B55,'INPUT PULANG AWAL'!$I:$I,'SUM.PULANG AWAL'!$C56) -> 0 | H56: =SUMIFS('INPUT PULANG AWAL'!$M:$M,'INPUT PULANG AWAL'!$C:$C,'SUM.PULANG AWAL'!H$6,'INPUT PULANG AWAL'!$H:$H,'SUM.PULANG AWAL'!$B55,'INPUT PULANG AWAL'!$I:$I,'SUM.PULANG AWAL'!$C56) -> 0 | I56: =SUMIFS('INPUT PULANG AWAL'!$M:$M,'INPUT PULANG AWAL'!$C:$C,'SUM.PULANG AWAL'!I$6,'INPUT PULANG AWAL'!$H:$H,'SUM.PULANG AWAL'!$B55,'INPUT PULANG AWAL'!$I:$I,'SUM.PULANG AWAL'!$C56) -> 0 | J56: =SUMIFS('INPUT PULANG AWAL'!$M:$M,'INPUT PULANG AWAL'!$C:$C,'SUM.PULANG AWAL'!J$6,'INPUT PULANG AWAL'!$H:$H,'SUM.PULANG AWAL'!$B55,'INPUT PULANG AWAL'!$I:$I,'SUM.PULANG AWAL'!$C56) -> 0 | K56: =SUMIFS('INPUT PULANG AWAL'!$M:$M,'INPUT PULANG AWAL'!$C:$C,'SUM.PULANG AWAL'!K$6,'INPUT PULANG AWAL'!$H:$H,'SUM.PULANG AWAL'!$B55,'INPUT PULANG AWAL'!$I:$I,'SUM.PULANG AWAL'!$C56) -> 0 | ... AH56: =SUMIFS('INPUT PULANG AWAL'!$M:$M,'INPUT PULANG AWAL'!$C:$C,'SUM.PULANG AWAL'!AH$6,'INPUT PULANG AWAL'!$H:$H,'SUM.PULANG AWAL'!$B55,'INPUT PULANG AWAL'!$I:$I,'SUM.PULANG AWAL'!$C56) -> 0 | AI56: =SUM(D56:AH56) -> 285.83333
C57: NS | D57: =SUMIFS('INPUT PULANG AWAL'!$M:$M,'INPUT PULANG AWAL'!$C:$C,'SUM.PULANG AWAL'!D$6,'INPUT PULANG AWAL'!$H:$H,'SUM.PULANG AWAL'!$B55,'INPUT PULANG AWAL'!$I:$I,'SUM.PULANG AWAL'!$C57) -> 0 | E57: =SUMIFS('INPUT PULANG AWAL'!$M:$M,'INPUT PULANG AWAL'!$C:$C,'SUM.PULANG AWAL'!E$6,'INPUT PULANG AWAL'!$H:$H,'SUM.PULANG AWAL'!$B55,'INPUT PULANG AWAL'!$I:$I,'SUM.PULANG AWAL'!$C57) -> 0 | F57: =SUMIFS('INPUT PULANG AWAL'!$M:$M,'INPUT PULANG AWAL'!$C:$C,'SUM.PULANG AWAL'!F$6,'INPUT PULANG AWAL'!$H:$H,'SUM.PULANG AWAL'!$B55,'INPUT PULANG AWAL'!$I:$I,'SUM.PULANG AWAL'!$C57) -> 0 | G57: =SUMIFS('INPUT PULANG AWAL'!$M:$M,'INPUT PULANG AWAL'!$C:$C,'SUM.PULANG AWAL'!G$6,'INPUT PULANG AWAL'!$H:$H,'SUM.PULANG AWAL'!$B55,'INPUT PULANG AWAL'!$I:$I,'SUM.PULANG AWAL'!$C57) -> 0 | H57: =SUMIFS('INPUT PULANG AWAL'!$M:$M,'INPUT PULANG AWAL'!$C:$C,'SUM.PULANG AWAL'!H$6,'INPUT PULANG AWAL'!$H:$H,'SUM.PULANG AWAL'!$B55,'INPUT PULANG AWAL'!$I:$I,'SUM.PULANG AWAL'!$C57) -> 0 | I57: =SUMIFS('INPUT PULANG AWAL'!$M:$M,'INPUT PULANG AWAL'!$C:$C,'SUM.PULANG AWAL'!I$6,'INPUT PULANG AWAL'!$H:$H,'SUM.PULANG AWAL'!$B55,'INPUT PULANG AWAL'!$I:$I,'SUM.PULANG AWAL'!$C57) -> 0 | J57: =SUMIFS('INPUT PULANG AWAL'!$M:$M,'INPUT PULANG AWAL'!$C:$C,'SUM.PULANG AWAL'!J$6,'INPUT PULANG AWAL'!$H:$H,'SUM.PULANG AWAL'!$B55,'INPUT PULANG AWAL'!$I:$I,'SUM.PULANG AWAL'!$C57) -> 0 | K57: =SUMIFS('INPUT PULANG AWAL'!$M:$M,'INPUT PULANG AWAL'!$C:$C,'SUM.PULANG AWAL'!K$6,'INPUT PULANG AWAL'!$H:$H,'SUM.PULANG AWAL'!$B55,'INPUT PULANG AWAL'!$I:$I,'SUM.PULANG AWAL'!$C57) -> 0 | ... AH57: =SUMIFS('INPUT PULANG AWAL'!$M:$M,'INPUT PULANG AWAL'!$C:$C,'SUM.PULANG AWAL'!AH$6,'INPUT PULANG AWAL'!$H:$H,'SUM.PULANG AWAL'!$B55,'INPUT PULANG AWAL'!$I:$I,'SUM.PULANG AWAL'!$C57) -> 0 | AI57: =SUM(D57:AH57) -> 0
A58: 18 | B58: CV 14 | C58: A | D58: =SUMIFS('INPUT PULANG AWAL'!$M:$M,'INPUT PULANG AWAL'!$C:$C,'SUM.PULANG AWAL'!D$6,'INPUT PULANG AWAL'!$H:$H,'SUM.PULANG AWAL'!$B58:$B60,'INPUT PULANG AWAL'!$I:$I,'SUM.PULANG AWAL'!$C58) -> 0 | E58: =SUMIFS('INPUT PULANG AWAL'!$M:$M,'INPUT PULANG AWAL'!$C:$C,'SUM.PULANG AWAL'!E$6,'INPUT PULANG AWAL'!$H:$H,'SUM.PULANG AWAL'!$B58:$B60,'INPUT PULANG AWAL'!$I:$I,'SUM.PULANG AWAL'!$C58) -> 0 | F58: =SUMIFS('INPUT PULANG AWAL'!$M:$M,'INPUT PULANG AWAL'!$C:$C,'SUM.PULANG AWAL'!F$6,'INPUT PULANG AWAL'!$H:$H,'SUM.PULANG AWAL'!$B58:$B60,'INPUT PULANG AWAL'!$I:$I,'SUM.PULANG AWAL'!$C58) -> 0 | G58: =SUMIFS('INPUT PULANG AWAL'!$M:$M,'INPUT PULANG AWAL'!$C:$C,'SUM.PULANG AWAL'!G$6,'INPUT PULANG AWAL'!$H:$H,'SUM.PULANG AWAL'!$B58:$B60,'INPUT PULANG AWAL'!$I:$I,'SUM.PULANG AWAL'!$C58) -> 0 | H58: =SUMIFS('INPUT PULANG AWAL'!$M:$M,'INPUT PULANG AWAL'!$C:$C,'SUM.PULANG AWAL'!H$6,'INPUT PULANG AWAL'!$H:$H,'SUM.PULANG AWAL'!$B58:$B60,'INPUT PULANG AWAL'!$I:$I,'SUM.PULANG AWAL'!$C58) -> 0 | I58: =SUMIFS('INPUT PULANG AWAL'!$M:$M,'INPUT PULANG AWAL'!$C:$C,'SUM.PULANG AWAL'!I$6,'INPUT PULANG AWAL'!$H:$H,'SUM.PULANG AWAL'!$B58:$B60,'INPUT PULANG AWAL'!$I:$I,'SUM.PULANG AWAL'!$C58) -> 0 | J58: =SUMIFS('INPUT PULANG AWAL'!$M:$M,'INPUT PULANG AWAL'!$C:$C,'SUM.PULANG AWAL'!J$6,'INPUT PULANG AWAL'!$H:$H,'SUM.PULANG AWAL'!$B58:$B60,'INPUT PULANG AWAL'!$I:$I,'SUM.PULANG AWAL'!$C58) -> 0 | K58: =SUMIFS('INPUT PULANG AWAL'!$M:$M,'INPUT PULANG AWAL'!$C:$C,'SUM.PULANG AWAL'!K$6,'INPUT PULANG AWAL'!$H:$H,'SUM.PULANG AWAL'!$B58:$B60,'INPUT PULANG AWAL'!$I:$I,'SUM.PULANG AWAL'!$C58) -> 0 | ... AH58: =SUMIFS('INPUT PULANG AWAL'!$M:$M,'INPUT PULANG AWAL'!$C:$C,'SUM.PULANG AWAL'!AH$6,'INPUT PULANG AWAL'!$H:$H,'SUM.PULANG AWAL'!$B58:$B60,'INPUT PULANG AWAL'!$I:$I,'SUM.PULANG AWAL'!$C58) -> 0 | AI58: =SUM(D58:AH58) -> 0
C59: B | D59: =SUMIFS('INPUT PULANG AWAL'!$M:$M,'INPUT PULANG AWAL'!$C:$C,'SUM.PULANG AWAL'!D$6,'INPUT PULANG AWAL'!$H:$H,'SUM.PULANG AWAL'!$B58,'INPUT PULANG AWAL'!$I:$I,'SUM.PULANG AWAL'!$C59) -> 0 | E59: =SUMIFS('INPUT PULANG AWAL'!$M:$M,'INPUT PULANG AWAL'!$C:$C,'SUM.PULANG AWAL'!E$6,'INPUT PULANG AWAL'!$H:$H,'SUM.PULANG AWAL'!$B58,'INPUT PULANG AWAL'!$I:$I,'SUM.PULANG AWAL'!$C59) -> 0 | F59: =SUMIFS('INPUT PULANG AWAL'!$M:$M,'INPUT PULANG AWAL'!$C:$C,'SUM.PULANG AWAL'!F$6,'INPUT PULANG AWAL'!$H:$H,'SUM.PULANG AWAL'!$B58,'INPUT PULANG AWAL'!$I:$I,'SUM.PULANG AWAL'!$C59) -> 0 | G59: =SUMIFS('INPUT PULANG AWAL'!$M:$M,'INPUT PULANG AWAL'!$C:$C,'SUM.PULANG AWAL'!G$6,'INPUT PULANG AWAL'!$H:$H,'SUM.PULANG AWAL'!$B58,'INPUT PULANG AWAL'!$I:$I,'SUM.PULANG AWAL'!$C59) -> 0 | H59: =SUMIFS('INPUT PULANG AWAL'!$M:$M,'INPUT PULANG AWAL'!$C:$C,'SUM.PULANG AWAL'!H$6,'INPUT PULANG AWAL'!$H:$H,'SUM.PULANG AWAL'!$B58,'INPUT PULANG AWAL'!$I:$I,'SUM.PULANG AWAL'!$C59) -> 0 | I59: =SUMIFS('INPUT PULANG AWAL'!$M:$M,'INPUT PULANG AWAL'!$C:$C,'SUM.PULANG AWAL'!I$6,'INPUT PULANG AWAL'!$H:$H,'SUM.PULANG AWAL'!$B58,'INPUT PULANG AWAL'!$I:$I,'SUM.PULANG AWAL'!$C59) -> 0 | J59: =SUMIFS('INPUT PULANG AWAL'!$M:$M,'INPUT PULANG AWAL'!$C:$C,'SUM.PULANG AWAL'!J$6,'INPUT PULANG AWAL'!$H:$H,'SUM.PULANG AWAL'!$B58,'INPUT PULANG AWAL'!$I:$I,'SUM.PULANG AWAL'!$C59) -> 0 | K59: =SUMIFS('INPUT PULANG AWAL'!$M:$M,'INPUT PULANG AWAL'!$C:$C,'SUM.PULANG AWAL'!K$6,'INPUT PULANG AWAL'!$H:$H,'SUM.PULANG AWAL'!$B58,'INPUT PULANG AWAL'!$I:$I,'SUM.PULANG AWAL'!$C59) -> 0 | ... AH59: =SUMIFS('INPUT PULANG AWAL'!$M:$M,'INPUT PULANG AWAL'!$C:$C,'SUM.PULANG AWAL'!AH$6,'INPUT PULANG AWAL'!$H:$H,'SUM.PULANG AWAL'!$B58,'INPUT PULANG AWAL'!$I:$I,'SUM.PULANG AWAL'!$C59) -> 0 | AI59: =SUM(D59:AH59) -> 0
C60: NS | D60: =SUMIFS('INPUT PULANG AWAL'!$M:$M,'INPUT PULANG AWAL'!$C:$C,'SUM.PULANG AWAL'!D$6,'INPUT PULANG AWAL'!$H:$H,'SUM.PULANG AWAL'!$B58,'INPUT PULANG AWAL'!$I:$I,'SUM.PULANG AWAL'!$C60) -> 0 | E60: =SUMIFS('INPUT PULANG AWAL'!$M:$M,'INPUT PULANG AWAL'!$C:$C,'SUM.PULANG AWAL'!E$6,'INPUT PULANG AWAL'!$H:$H,'SUM.PULANG AWAL'!$B58,'INPUT PULANG AWAL'!$I:$I,'SUM.PULANG AWAL'!$C60) -> 0 | F60: =SUMIFS('INPUT PULANG AWAL'!$M:$M,'INPUT PULANG AWAL'!$C:$C,'SUM.PULANG AWAL'!F$6,'INPUT PULANG AWAL'!$H:$H,'SUM.PULANG AWAL'!$B58,'INPUT PULANG AWAL'!$I:$I,'SUM.PULANG AWAL'!$C60) -> 0 | G60: =SUMIFS('INPUT PULANG AWAL'!$M:$M,'INPUT PULANG AWAL'!$C:$C,'SUM.PULANG AWAL'!G$6,'INPUT PULANG AWAL'!$H:$H,'SUM.PULANG AWAL'!$B58,'INPUT PULANG AWAL'!$I:$I,'SUM.PULANG AWAL'!$C60) -> 0 | H60: =SUMIFS('INPUT PULANG AWAL'!$M:$M,'INPUT PULANG AWAL'!$C:$C,'SUM.PULANG AWAL'!H$6,'INPUT PULANG AWAL'!$H:$H,'SUM.PULANG AWAL'!$B58,'INPUT PULANG AWAL'!$I:$I,'SUM.PULANG AWAL'!$C60) -> 0 | I60: =SUMIFS('INPUT PULANG AWAL'!$M:$M,'INPUT PULANG AWAL'!$C:$C,'SUM.PULANG AWAL'!I$6,'INPUT PULANG AWAL'!$H:$H,'SUM.PULANG AWAL'!$B58,'INPUT PULANG AWAL'!$I:$I,'SUM.PULANG AWAL'!$C60) -> 0 | J60: =SUMIFS('INPUT PULANG AWAL'!$M:$M,'INPUT PULANG AWAL'!$C:$C,'SUM.PULANG AWAL'!J$6,'INPUT PULANG AWAL'!$H:$H,'SUM.PULANG AWAL'!$B58,'INPUT PULANG AWAL'!$I:$I,'SUM.PULANG AWAL'!$C60) -> 0 | K60: =SUMIFS('INPUT PULANG AWAL'!$M:$M,'INPUT PULANG AWAL'!$C:$C,'SUM.PULANG AWAL'!K$6,'INPUT PULANG AWAL'!$H:$H,'SUM.PULANG AWAL'!$B58,'INPUT PULANG AWAL'!$I:$I,'SUM.PULANG AWAL'!$C60) -> 0 | ... AH60: =SUMIFS('INPUT PULANG AWAL'!$M:$M,'INPUT PULANG AWAL'!$C:$C,'SUM.PULANG AWAL'!AH$6,'INPUT PULANG AWAL'!$H:$H,'SUM.PULANG AWAL'!$B58,'INPUT PULANG AWAL'!$I:$I,'SUM.PULANG AWAL'!$C60) -> 0 | AI60: =SUM(D60:AH60) -> 0
A61: 19 | B61: CV 14 B | C61: A | D61: =SUMIFS('INPUT PULANG AWAL'!$M:$M,'INPUT PULANG AWAL'!$C:$C,'SUM.PULANG AWAL'!D$6,'INPUT PULANG AWAL'!$H:$H,'SUM.PULANG AWAL'!$B61:$B63,'INPUT PULANG AWAL'!$I:$I,'SUM.PULANG AWAL'!$C61) -> 0 | E61: =SUMIFS('INPUT PULANG AWAL'!$M:$M,'INPUT PULANG AWAL'!$C:$C,'SUM.PULANG AWAL'!E$6,'INPUT PULANG AWAL'!$H:$H,'SUM.PULANG AWAL'!$B61:$B63,'INPUT PULANG AWAL'!$I:$I,'SUM.PULANG AWAL'!$C61) -> 0 | F61: =SUMIFS('INPUT PULANG AWAL'!$M:$M,'INPUT PULANG AWAL'!$C:$C,'SUM.PULANG AWAL'!F$6,'INPUT PULANG AWAL'!$H:$H,'SUM.PULANG AWAL'!$B61:$B63,'INPUT PULANG AWAL'!$I:$I,'SUM.PULANG AWAL'!$C61) -> 0 | G61: =SUMIFS('INPUT PULANG AWAL'!$M:$M,'INPUT PULANG AWAL'!$C:$C,'SUM.PULANG AWAL'!G$6,'INPUT PULANG AWAL'!$H:$H,'SUM.PULANG AWAL'!$B61:$B63,'INPUT PULANG AWAL'!$I:$I,'SUM.PULANG AWAL'!$C61) -> 0 | H61: =SUMIFS('INPUT PULANG AWAL'!$M:$M,'INPUT PULANG AWAL'!$C:$C,'SUM.PULANG AWAL'!H$6,'INPUT PULANG AWAL'!$H:$H,'SUM.PULANG AWAL'!$B61:$B63,'INPUT PULANG AWAL'!$I:$I,'SUM.PULANG AWAL'!$C61) -> 0 | I61: =SUMIFS('INPUT PULANG AWAL'!$M:$M,'INPUT PULANG AWAL'!$C:$C,'SUM.PULANG AWAL'!I$6,'INPUT PULANG AWAL'!$H:$H,'SUM.PULANG AWAL'!$B61:$B63,'INPUT PULANG AWAL'!$I:$I,'SUM.PULANG AWAL'!$C61) -> 0 | J61: =SUMIFS('INPUT PULANG AWAL'!$M:$M,'INPUT PULANG AWAL'!$C:$C,'SUM.PULANG AWAL'!J$6,'INPUT PULANG AWAL'!$H:$H,'SUM.PULANG AWAL'!$B61:$B63,'INPUT PULANG AWAL'!$I:$I,'SUM.PULANG AWAL'!$C61) -> 0 | K61: =SUMIFS('INPUT PULANG AWAL'!$M:$M,'INPUT PULANG AWAL'!$C:$C,'SUM.PULANG AWAL'!K$6,'INPUT PULANG AWAL'!$H:$H,'SUM.PULANG AWAL'!$B61:$B63,'INPUT PULANG AWAL'!$I:$I,'SUM.PULANG AWAL'!$C61) -> 0 | ... AH61: =SUMIFS('INPUT PULANG AWAL'!$M:$M,'INPUT PULANG AWAL'!$C:$C,'SUM.PULANG AWAL'!AH$6,'INPUT PULANG AWAL'!$H:$H,'SUM.PULANG AWAL'!$B61:$B63,'INPUT PULANG AWAL'!$I:$I,'SUM.PULANG AWAL'!$C61) -> 0 | AI61: =SUM(D61:AH61) -> 0
C62: B | D62: =SUMIFS('INPUT PULANG AWAL'!$M:$M,'INPUT PULANG AWAL'!$C:$C,'SUM.PULANG AWAL'!D$6,'INPUT PULANG AWAL'!$H:$H,'SUM.PULANG AWAL'!$B61,'INPUT PULANG AWAL'!$I:$I,'SUM.PULANG AWAL'!$C62) -> 0 | E62: =SUMIFS('INPUT PULANG AWAL'!$M:$M,'INPUT PULANG AWAL'!$C:$C,'SUM.PULANG AWAL'!E$6,'INPUT PULANG AWAL'!$H:$H,'SUM.PULANG AWAL'!$B61,'INPUT PULANG AWAL'!$I:$I,'SUM.PULANG AWAL'!$C62) -> 0 | F62: =SUMIFS('INPUT PULANG AWAL'!$M:$M,'INPUT PULANG AWAL'!$C:$C,'SUM.PULANG AWAL'!F$6,'INPUT PULANG AWAL'!$H:$H,'SUM.PULANG AWAL'!$B61,'INPUT PULANG AWAL'!$I:$I,'SUM.PULANG AWAL'!$C62) -> 0 | G62: =SUMIFS('INPUT PULANG AWAL'!$M:$M,'INPUT PULANG AWAL'!$C:$C,'SUM.PULANG AWAL'!G$6,'INPUT PULANG AWAL'!$H:$H,'SUM.PULANG AWAL'!$B61,'INPUT PULANG AWAL'!$I:$I,'SUM.PULANG AWAL'!$C62) -> 0 | H62: =SUMIFS('INPUT PULANG AWAL'!$M:$M,'INPUT PULANG AWAL'!$C:$C,'SUM.PULANG AWAL'!H$6,'INPUT PULANG AWAL'!$H:$H,'SUM.PULANG AWAL'!$B61,'INPUT PULANG AWAL'!$I:$I,'SUM.PULANG AWAL'!$C62) -> 0 | I62: =SUMIFS('INPUT PULANG AWAL'!$M:$M,'INPUT PULANG AWAL'!$C:$C,'SUM.PULANG AWAL'!I$6,'INPUT PULANG AWAL'!$H:$H,'SUM.PULANG AWAL'!$B61,'INPUT PULANG AWAL'!$I:$I,'SUM.PULANG AWAL'!$C62) -> 0 | J62: =SUMIFS('INPUT PULANG AWAL'!$M:$M,'INPUT PULANG AWAL'!$C:$C,'SUM.PULANG AWAL'!J$6,'INPUT PULANG AWAL'!$H:$H,'SUM.PULANG AWAL'!$B61,'INPUT PULANG AWAL'!$I:$I,'SUM.PULANG AWAL'!$C62) -> 0 | K62: =SUMIFS('INPUT PULANG AWAL'!$M:$M,'INPUT PULANG AWAL'!$C:$C,'SUM.PULANG AWAL'!K$6,'INPUT PULANG AWAL'!$H:$H,'SUM.PULANG AWAL'!$B61,'INPUT PULANG AWAL'!$I:$I,'SUM.PULANG AWAL'!$C62) -> 0 | ... AH62: =SUMIFS('INPUT PULANG AWAL'!$M:$M,'INPUT PULANG AWAL'!$C:$C,'SUM.PULANG AWAL'!AH$6,'INPUT PULANG AWAL'!$H:$H,'SUM.PULANG AWAL'!$B61,'INPUT PULANG AWAL'!$I:$I,'SUM.PULANG AWAL'!$C62) -> 0 | AI62: =SUM(D62:AH62) -> 0
C63: NS | D63: =SUMIFS('INPUT PULANG AWAL'!$M:$M,'INPUT PULANG AWAL'!$C:$C,'SUM.PULANG AWAL'!D$6,'INPUT PULANG AWAL'!$H:$H,'SUM.PULANG AWAL'!$B61,'INPUT PULANG AWAL'!$I:$I,'SUM.PULANG AWAL'!$C63) -> 0 | E63: =SUMIFS('INPUT PULANG AWAL'!$M:$M,'INPUT PULANG AWAL'!$C:$C,'SUM.PULANG AWAL'!E$6,'INPUT PULANG AWAL'!$H:$H,'SUM.PULANG AWAL'!$B61,'INPUT PULANG AWAL'!$I:$I,'SUM.PULANG AWAL'!$C63) -> 0 | F63: =SUMIFS('INPUT PULANG AWAL'!$M:$M,'INPUT PULANG AWAL'!$C:$C,'SUM.PULANG AWAL'!F$6,'INPUT PULANG AWAL'!$H:$H,'SUM.PULANG AWAL'!$B61,'INPUT PULANG AWAL'!$I:$I,'SUM.PULANG AWAL'!$C63) -> 0 | G63: =SUMIFS('INPUT PULANG AWAL'!$M:$M,'INPUT PULANG AWAL'!$C:$C,'SUM.PULANG AWAL'!G$6,'INPUT PULANG AWAL'!$H:$H,'SUM.PULANG AWAL'!$B61,'INPUT PULANG AWAL'!$I:$I,'SUM.PULANG AWAL'!$C63) -> 0 | H63: =SUMIFS('INPUT PULANG AWAL'!$M:$M,'INPUT PULANG AWAL'!$C:$C,'SUM.PULANG AWAL'!H$6,'INPUT PULANG AWAL'!$H:$H,'SUM.PULANG AWAL'!$B61,'INPUT PULANG AWAL'!$I:$I,'SUM.PULANG AWAL'!$C63) -> 0 | I63: =SUMIFS('INPUT PULANG AWAL'!$M:$M,'INPUT PULANG AWAL'!$C:$C,'SUM.PULANG AWAL'!I$6,'INPUT PULANG AWAL'!$H:$H,'SUM.PULANG AWAL'!$B61,'INPUT PULANG AWAL'!$I:$I,'SUM.PULANG AWAL'!$C63) -> 0 | J63: =SUMIFS('INPUT PULANG AWAL'!$M:$M,'INPUT PULANG AWAL'!$C:$C,'SUM.PULANG AWAL'!J$6,'INPUT PULANG AWAL'!$H:$H,'SUM.PULANG AWAL'!$B61,'INPUT PULANG AWAL'!$I:$I,'SUM.PULANG AWAL'!$C63) -> 0 | K63: =SUMIFS('INPUT PULANG AWAL'!$M:$M,'INPUT PULANG AWAL'!$C:$C,'SUM.PULANG AWAL'!K$6,'INPUT PULANG AWAL'!$H:$H,'SUM.PULANG AWAL'!$B61,'INPUT PULANG AWAL'!$I:$I,'SUM.PULANG AWAL'!$C63) -> 0 | ... AH63: =SUMIFS('INPUT PULANG AWAL'!$M:$M,'INPUT PULANG AWAL'!$C:$C,'SUM.PULANG AWAL'!AH$6,'INPUT PULANG AWAL'!$H:$H,'SUM.PULANG AWAL'!$B61,'INPUT PULANG AWAL'!$I:$I,'SUM.PULANG AWAL'!$C63) -> 0 | AI63: =SUM(D63:AH63) -> 0
A64: 20 | B64: CV 16 | C64: A | D64: =SUMIFS('INPUT PULANG AWAL'!$M:$M,'INPUT PULANG AWAL'!$C:$C,'SUM.PULANG AWAL'!D$6,'INPUT PULANG AWAL'!$H:$H,'SUM.PULANG AWAL'!$B64:$B66,'INPUT PULANG AWAL'!$I:$I,'SUM.PULANG AWAL'!$C64) -> 0 | E64: =SUMIFS('INPUT PULANG AWAL'!$M:$M,'INPUT PULANG AWAL'!$C:$C,'SUM.PULANG AWAL'!E$6,'INPUT PULANG AWAL'!$H:$H,'SUM.PULANG AWAL'!$B64:$B66,'INPUT PULANG AWAL'!$I:$I,'SUM.PULANG AWAL'!$C64) -> 0 | F64: =SUMIFS('INPUT PULANG AWAL'!$M:$M,'INPUT PULANG AWAL'!$C:$C,'SUM.PULANG AWAL'!F$6,'INPUT PULANG AWAL'!$H:$H,'SUM.PULANG AWAL'!$B64:$B66,'INPUT PULANG AWAL'!$I:$I,'SUM.PULANG AWAL'!$C64) -> 0 | G64: =SUMIFS('INPUT PULANG AWAL'!$M:$M,'INPUT PULANG AWAL'!$C:$C,'SUM.PULANG AWAL'!G$6,'INPUT PULANG AWAL'!$H:$H,'SUM.PULANG AWAL'!$B64:$B66,'INPUT PULANG AWAL'!$I:$I,'SUM.PULANG AWAL'!$C64) -> 0 | H64: =SUMIFS('INPUT PULANG AWAL'!$M:$M,'INPUT PULANG AWAL'!$C:$C,'SUM.PULANG AWAL'!H$6,'INPUT PULANG AWAL'!$H:$H,'SUM.PULANG AWAL'!$B64:$B66,'INPUT PULANG AWAL'!$I:$I,'SUM.PULANG AWAL'!$C64) -> 0 | I64: =SUMIFS('INPUT PULANG AWAL'!$M:$M,'INPUT PULANG AWAL'!$C:$C,'SUM.PULANG AWAL'!I$6,'INPUT PULANG AWAL'!$H:$H,'SUM.PULANG AWAL'!$B64:$B66,'INPUT PULANG AWAL'!$I:$I,'SUM.PULANG AWAL'!$C64) -> 0 | J64: =SUMIFS('INPUT PULANG AWAL'!$M:$M,'INPUT PULANG AWAL'!$C:$C,'SUM.PULANG AWAL'!J$6,'INPUT PULANG AWAL'!$H:$H,'SUM.PULANG AWAL'!$B64:$B66,'INPUT PULANG AWAL'!$I:$I,'SUM.PULANG AWAL'!$C64) -> 0 | K64: =SUMIFS('INPUT PULANG AWAL'!$M:$M,'INPUT PULANG AWAL'!$C:$C,'SUM.PULANG AWAL'!K$6,'INPUT PULANG AWAL'!$H:$H,'SUM.PULANG AWAL'!$B64:$B66,'INPUT PULANG AWAL'!$I:$I,'SUM.PULANG AWAL'!$C64) -> 0 | ... AH64: =SUMIFS('INPUT PULANG AWAL'!$M:$M,'INPUT PULANG AWAL'!$C:$C,'SUM.PULANG AWAL'!AH$6,'INPUT PULANG AWAL'!$H:$H,'SUM.PULANG AWAL'!$B64:$B66,'INPUT PULANG AWAL'!$I:$I,'SUM.PULANG AWAL'!$C64) -> 0 | AI64: =SUM(D64:AH64) -> 0
C65: B | D65: =SUMIFS('INPUT PULANG AWAL'!$M:$M,'INPUT PULANG AWAL'!$C:$C,'SUM.PULANG AWAL'!D$6,'INPUT PULANG AWAL'!$H:$H,'SUM.PULANG AWAL'!$B64,'INPUT PULANG AWAL'!$I:$I,'SUM.PULANG AWAL'!$C65) -> 0 | E65: =SUMIFS('INPUT PULANG AWAL'!$M:$M,'INPUT PULANG AWAL'!$C:$C,'SUM.PULANG AWAL'!E$6,'INPUT PULANG AWAL'!$H:$H,'SUM.PULANG AWAL'!$B64,'INPUT PULANG AWAL'!$I:$I,'SUM.PULANG AWAL'!$C65) -> 0 | F65: =SUMIFS('INPUT PULANG AWAL'!$M:$M,'INPUT PULANG AWAL'!$C:$C,'SUM.PULANG AWAL'!F$6,'INPUT PULANG AWAL'!$H:$H,'SUM.PULANG AWAL'!$B64,'INPUT PULANG AWAL'!$I:$I,'SUM.PULANG AWAL'!$C65) -> 0 | G65: =SUMIFS('INPUT PULANG AWAL'!$M:$M,'INPUT PULANG AWAL'!$C:$C,'SUM.PULANG AWAL'!G$6,'INPUT PULANG AWAL'!$H:$H,'SUM.PULANG AWAL'!$B64,'INPUT PULANG AWAL'!$I:$I,'SUM.PULANG AWAL'!$C65) -> 0 | H65: =SUMIFS('INPUT PULANG AWAL'!$M:$M,'INPUT PULANG AWAL'!$C:$C,'SUM.PULANG AWAL'!H$6,'INPUT PULANG AWAL'!$H:$H,'SUM.PULANG AWAL'!$B64,'INPUT PULANG AWAL'!$I:$I,'SUM.PULANG AWAL'!$C65) -> 0 | I65: =SUMIFS('INPUT PULANG AWAL'!$M:$M,'INPUT PULANG AWAL'!$C:$C,'SUM.PULANG AWAL'!I$6,'INPUT PULANG AWAL'!$H:$H,'SUM.PULANG AWAL'!$B64,'INPUT PULANG AWAL'!$I:$I,'SUM.PULANG AWAL'!$C65) -> 0 | J65: =SUMIFS('INPUT PULANG AWAL'!$M:$M,'INPUT PULANG AWAL'!$C:$C,'SUM.PULANG AWAL'!J$6,'INPUT PULANG AWAL'!$H:$H,'SUM.PULANG AWAL'!$B64,'INPUT PULANG AWAL'!$I:$I,'SUM.PULANG AWAL'!$C65) -> 0 | K65: =SUMIFS('INPUT PULANG AWAL'!$M:$M,'INPUT PULANG AWAL'!$C:$C,'SUM.PULANG AWAL'!K$6,'INPUT PULANG AWAL'!$H:$H,'SUM.PULANG AWAL'!$B64,'INPUT PULANG AWAL'!$I:$I,'SUM.PULANG AWAL'!$C65) -> 0 | ... AH65: =SUMIFS('INPUT PULANG AWAL'!$M:$M,'INPUT PULANG AWAL'!$C:$C,'SUM.PULANG AWAL'!AH$6,'INPUT PULANG AWAL'!$H:$H,'SUM.PULANG AWAL'!$B64,'INPUT PULANG AWAL'!$I:$I,'SUM.PULANG AWAL'!$C65) -> 0 | AI65: =SUM(D65:AH65) -> 0
C66: NS | D66: =SUMIFS('INPUT PULANG AWAL'!$M:$M,'INPUT PULANG AWAL'!$C:$C,'SUM.PULANG AWAL'!D$6,'INPUT PULANG AWAL'!$H:$H,'SUM.PULANG AWAL'!$B64,'INPUT PULANG AWAL'!$I:$I,'SUM.PULANG AWAL'!$C66) -> 0 | E66: =SUMIFS('INPUT PULANG AWAL'!$M:$M,'INPUT PULANG AWAL'!$C:$C,'SUM.PULANG AWAL'!E$6,'INPUT PULANG AWAL'!$H:$H,'SUM.PULANG AWAL'!$B64,'INPUT PULANG AWAL'!$I:$I,'SUM.PULANG AWAL'!$C66) -> 0 | F66: =SUMIFS('INPUT PULANG AWAL'!$M:$M,'INPUT PULANG AWAL'!$C:$C,'SUM.PULANG AWAL'!F$6,'INPUT PULANG AWAL'!$H:$H,'SUM.PULANG AWAL'!$B64,'INPUT PULANG AWAL'!$I:$I,'SUM.PULANG AWAL'!$C66) -> 0 | G66: =SUMIFS('INPUT PULANG AWAL'!$M:$M,'INPUT PULANG AWAL'!$C:$C,'SUM.PULANG AWAL'!G$6,'INPUT PULANG AWAL'!$H:$H,'SUM.PULANG AWAL'!$B64,'INPUT PULANG AWAL'!$I:$I,'SUM.PULANG AWAL'!$C66) -> 0 | H66: =SUMIFS('INPUT PULANG AWAL'!$M:$M,'INPUT PULANG AWAL'!$C:$C,'SUM.PULANG AWAL'!H$6,'INPUT PULANG AWAL'!$H:$H,'SUM.PULANG AWAL'!$B64,'INPUT PULANG AWAL'!$I:$I,'SUM.PULANG AWAL'!$C66) -> 0 | I66: =SUMIFS('INPUT PULANG AWAL'!$M:$M,'INPUT PULANG AWAL'!$C:$C,'SUM.PULANG AWAL'!I$6,'INPUT PULANG AWAL'!$H:$H,'SUM.PULANG AWAL'!$B64,'INPUT PULANG AWAL'!$I:$I,'SUM.PULANG AWAL'!$C66) -> 0 | J66: =SUMIFS('INPUT PULANG AWAL'!$M:$M,'INPUT PULANG AWAL'!$C:$C,'SUM.PULANG AWAL'!J$6,'INPUT PULANG AWAL'!$H:$H,'SUM.PULANG AWAL'!$B64,'INPUT PULANG AWAL'!$I:$I,'SUM.PULANG AWAL'!$C66) -> 0 | K66: =SUMIFS('INPUT PULANG AWAL'!$M:$M,'INPUT PULANG AWAL'!$C:$C,'SUM.PULANG AWAL'!K$6,'INPUT PULANG AWAL'!$H:$H,'SUM.PULANG AWAL'!$B64,'INPUT PULANG AWAL'!$I:$I,'SUM.PULANG AWAL'!$C66) -> 0 | ... AH66: =SUMIFS('INPUT PULANG AWAL'!$M:$M,'INPUT PULANG AWAL'!$C:$C,'SUM.PULANG AWAL'!AH$6,'INPUT PULANG AWAL'!$H:$H,'SUM.PULANG AWAL'!$B64,'INPUT PULANG AWAL'!$I:$I,'SUM.PULANG AWAL'!$C66) -> 0 | AI66: =SUM(D66:AH66) -> 0
A67: 21 | B67: CV 24 | C67: A | D67: =SUMIFS('INPUT PULANG AWAL'!$M:$M,'INPUT PULANG AWAL'!$C:$C,'SUM.PULANG AWAL'!D$6,'INPUT PULANG AWAL'!$H:$H,'SUM.PULANG AWAL'!$B67:$B69,'INPUT PULANG AWAL'!$I:$I,'SUM.PULANG AWAL'!$C67) -> 0 | E67: =SUMIFS('INPUT PULANG AWAL'!$M:$M,'INPUT PULANG AWAL'!$C:$C,'SUM.PULANG AWAL'!E$6,'INPUT PULANG AWAL'!$H:$H,'SUM.PULANG AWAL'!$B67:$B69,'INPUT PULANG AWAL'!$I:$I,'SUM.PULANG AWAL'!$C67) -> 0 | F67: =SUMIFS('INPUT PULANG AWAL'!$M:$M,'INPUT PULANG AWAL'!$C:$C,'SUM.PULANG AWAL'!F$6,'INPUT PULANG AWAL'!$H:$H,'SUM.PULANG AWAL'!$B67:$B69,'INPUT PULANG AWAL'!$I:$I,'SUM.PULANG AWAL'!$C67) -> 0 | G67: =SUMIFS('INPUT PULANG AWAL'!$M:$M,'INPUT PULANG AWAL'!$C:$C,'SUM.PULANG AWAL'!G$6,'INPUT PULANG AWAL'!$H:$H,'SUM.PULANG AWAL'!$B67:$B69,'INPUT PULANG AWAL'!$I:$I,'SUM.PULANG AWAL'!$C67) -> 0 | H67: =SUMIFS('INPUT PULANG AWAL'!$M:$M,'INPUT PULANG AWAL'!$C:$C,'SUM.PULANG AWAL'!H$6,'INPUT PULANG AWAL'!$H:$H,'SUM.PULANG AWAL'!$B67:$B69,'INPUT PULANG AWAL'!$I:$I,'SUM.PULANG AWAL'!$C67) -> 0 | I67: =SUMIFS('INPUT PULANG AWAL'!$M:$M,'INPUT PULANG AWAL'!$C:$C,'SUM.PULANG AWAL'!I$6,'INPUT PULANG AWAL'!$H:$H,'SUM.PULANG AWAL'!$B67:$B69,'INPUT PULANG AWAL'!$I:$I,'SUM.PULANG AWAL'!$C67) -> 0 | J67: =SUMIFS('INPUT PULANG AWAL'!$M:$M,'INPUT PULANG AWAL'!$C:$C,'SUM.PULANG AWAL'!J$6,'INPUT PULANG AWAL'!$H:$H,'SUM.PULANG AWAL'!$B67:$B69,'INPUT PULANG AWAL'!$I:$I,'SUM.PULANG AWAL'!$C67) -> 0 | K67: =SUMIFS('INPUT PULANG AWAL'!$M:$M,'INPUT PULANG AWAL'!$C:$C,'SUM.PULANG AWAL'!K$6,'INPUT PULANG AWAL'!$H:$H,'SUM.PULANG AWAL'!$B67:$B69,'INPUT PULANG AWAL'!$I:$I,'SUM.PULANG AWAL'!$C67) -> 0 | ... AH67: =SUMIFS('INPUT PULANG AWAL'!$M:$M,'INPUT PULANG AWAL'!$C:$C,'SUM.PULANG AWAL'!AH$6,'INPUT PULANG AWAL'!$H:$H,'SUM.PULANG AWAL'!$B67:$B69,'INPUT PULANG AWAL'!$I:$I,'SUM.PULANG AWAL'!$C67) -> 0 | AI67: =SUM(D67:AH67) -> 0
C68: B | D68: =SUMIFS('INPUT PULANG AWAL'!$M:$M,'INPUT PULANG AWAL'!$C:$C,'SUM.PULANG AWAL'!D$6,'INPUT PULANG AWAL'!$H:$H,'SUM.PULANG AWAL'!$B67,'INPUT PULANG AWAL'!$I:$I,'SUM.PULANG AWAL'!$C68) -> 0 | E68: =SUMIFS('INPUT PULANG AWAL'!$M:$M,'INPUT PULANG AWAL'!$C:$C,'SUM.PULANG AWAL'!E$6,'INPUT PULANG AWAL'!$H:$H,'SUM.PULANG AWAL'!$B67,'INPUT PULANG AWAL'!$I:$I,'SUM.PULANG AWAL'!$C68) -> 0 | F68: =SUMIFS('INPUT PULANG AWAL'!$M:$M,'INPUT PULANG AWAL'!$C:$C,'SUM.PULANG AWAL'!F$6,'INPUT PULANG AWAL'!$H:$H,'SUM.PULANG AWAL'!$B67,'INPUT PULANG AWAL'!$I:$I,'SUM.PULANG AWAL'!$C68) -> 0 | G68: =SUMIFS('INPUT PULANG AWAL'!$M:$M,'INPUT PULANG AWAL'!$C:$C,'SUM.PULANG AWAL'!G$6,'INPUT PULANG AWAL'!$H:$H,'SUM.PULANG AWAL'!$B67,'INPUT PULANG AWAL'!$I:$I,'SUM.PULANG AWAL'!$C68) -> 0 | H68: =SUMIFS('INPUT PULANG AWAL'!$M:$M,'INPUT PULANG AWAL'!$C:$C,'SUM.PULANG AWAL'!H$6,'INPUT PULANG AWAL'!$H:$H,'SUM.PULANG AWAL'!$B67,'INPUT PULANG AWAL'!$I:$I,'SUM.PULANG AWAL'!$C68) -> 0 | I68: =SUMIFS('INPUT PULANG AWAL'!$M:$M,'INPUT PULANG AWAL'!$C:$C,'SUM.PULANG AWAL'!I$6,'INPUT PULANG AWAL'!$H:$H,'SUM.PULANG AWAL'!$B67,'INPUT PULANG AWAL'!$I:$I,'SUM.PULANG AWAL'!$C68) -> 0 | J68: =SUMIFS('INPUT PULANG AWAL'!$M:$M,'INPUT PULANG AWAL'!$C:$C,'SUM.PULANG AWAL'!J$6,'INPUT PULANG AWAL'!$H:$H,'SUM.PULANG AWAL'!$B67,'INPUT PULANG AWAL'!$I:$I,'SUM.PULANG AWAL'!$C68) -> 0 | K68: =SUMIFS('INPUT PULANG AWAL'!$M:$M,'INPUT PULANG AWAL'!$C:$C,'SUM.PULANG AWAL'!K$6,'INPUT PULANG AWAL'!$H:$H,'SUM.PULANG AWAL'!$B67,'INPUT PULANG AWAL'!$I:$I,'SUM.PULANG AWAL'!$C68) -> 0 | ... AH68: =SUMIFS('INPUT PULANG AWAL'!$M:$M,'INPUT PULANG AWAL'!$C:$C,'SUM.PULANG AWAL'!AH$6,'INPUT PULANG AWAL'!$H:$H,'SUM.PULANG AWAL'!$B67,'INPUT PULANG AWAL'!$I:$I,'SUM.PULANG AWAL'!$C68) -> 0 | AI68: =SUM(D68:AH68) -> 0
C69: NS | D69: =SUMIFS('INPUT PULANG AWAL'!$M:$M,'INPUT PULANG AWAL'!$C:$C,'SUM.PULANG AWAL'!D$6,'INPUT PULANG AWAL'!$H:$H,'SUM.PULANG AWAL'!$B67,'INPUT PULANG AWAL'!$I:$I,'SUM.PULANG AWAL'!$C69) -> 0 | E69: =SUMIFS('INPUT PULANG AWAL'!$M:$M,'INPUT PULANG AWAL'!$C:$C,'SUM.PULANG AWAL'!E$6,'INPUT PULANG AWAL'!$H:$H,'SUM.PULANG AWAL'!$B67,'INPUT PULANG AWAL'!$I:$I,'SUM.PULANG AWAL'!$C69) -> 0 | F69: =SUMIFS('INPUT PULANG AWAL'!$M:$M,'INPUT PULANG AWAL'!$C:$C,'SUM.PULANG AWAL'!F$6,'INPUT PULANG AWAL'!$H:$H,'SUM.PULANG AWAL'!$B67,'INPUT PULANG AWAL'!$I:$I,'SUM.PULANG AWAL'!$C69) -> 0 | G69: =SUMIFS('INPUT PULANG AWAL'!$M:$M,'INPUT PULANG AWAL'!$C:$C,'SUM.PULANG AWAL'!G$6,'INPUT PULANG AWAL'!$H:$H,'SUM.PULANG AWAL'!$B67,'INPUT PULANG AWAL'!$I:$I,'SUM.PULANG AWAL'!$C69) -> 0 | H69: =SUMIFS('INPUT PULANG AWAL'!$M:$M,'INPUT PULANG AWAL'!$C:$C,'SUM.PULANG AWAL'!H$6,'INPUT PULANG AWAL'!$H:$H,'SUM.PULANG AWAL'!$B67,'INPUT PULANG AWAL'!$I:$I,'SUM.PULANG AWAL'!$C69) -> 0 | I69: =SUMIFS('INPUT PULANG AWAL'!$M:$M,'INPUT PULANG AWAL'!$C:$C,'SUM.PULANG AWAL'!I$6,'INPUT PULANG AWAL'!$H:$H,'SUM.PULANG AWAL'!$B67,'INPUT PULANG AWAL'!$I:$I,'SUM.PULANG AWAL'!$C69) -> 0 | J69: =SUMIFS('INPUT PULANG AWAL'!$M:$M,'INPUT PULANG AWAL'!$C:$C,'SUM.PULANG AWAL'!J$6,'INPUT PULANG AWAL'!$H:$H,'SUM.PULANG AWAL'!$B67,'INPUT PULANG AWAL'!$I:$I,'SUM.PULANG AWAL'!$C69) -> 0 | K69: =SUMIFS('INPUT PULANG AWAL'!$M:$M,'INPUT PULANG AWAL'!$C:$C,'SUM.PULANG AWAL'!K$6,'INPUT PULANG AWAL'!$H:$H,'SUM.PULANG AWAL'!$B67,'INPUT PULANG AWAL'!$I:$I,'SUM.PULANG AWAL'!$C69) -> 0 | ... AH69: =SUMIFS('INPUT PULANG AWAL'!$M:$M,'INPUT PULANG AWAL'!$C:$C,'SUM.PULANG AWAL'!AH$6,'INPUT PULANG AWAL'!$H:$H,'SUM.PULANG AWAL'!$B67,'INPUT PULANG AWAL'!$I:$I,'SUM.PULANG AWAL'!$C69) -> 0 | AI69: =SUM(D69:AH69) -> 645.83333
A70: 22 | B70: CV 4 | C70: A | D70: =SUMIFS('INPUT PULANG AWAL'!$M:$M,'INPUT PULANG AWAL'!$C:$C,'SUM.PULANG AWAL'!D$6,'INPUT PULANG AWAL'!$H:$H,'SUM.PULANG AWAL'!$B70:$B72,'INPUT PULANG AWAL'!$I:$I,'SUM.PULANG AWAL'!$C70) -> 0 | E70: =SUMIFS('INPUT PULANG AWAL'!$M:$M,'INPUT PULANG AWAL'!$C:$C,'SUM.PULANG AWAL'!E$6,'INPUT PULANG AWAL'!$H:$H,'SUM.PULANG AWAL'!$B70:$B72,'INPUT PULANG AWAL'!$I:$I,'SUM.PULANG AWAL'!$C70) -> 0 | F70: =SUMIFS('INPUT PULANG AWAL'!$M:$M,'INPUT PULANG AWAL'!$C:$C,'SUM.PULANG AWAL'!F$6,'INPUT PULANG AWAL'!$H:$H,'SUM.PULANG AWAL'!$B70:$B72,'INPUT PULANG AWAL'!$I:$I,'SUM.PULANG AWAL'!$C70) -> 0 | G70: =SUMIFS('INPUT PULANG AWAL'!$M:$M,'INPUT PULANG AWAL'!$C:$C,'SUM.PULANG AWAL'!G$6,'INPUT PULANG AWAL'!$H:$H,'SUM.PULANG AWAL'!$B70:$B72,'INPUT PULANG AWAL'!$I:$I,'SUM.PULANG AWAL'!$C70) -> 0 | H70: =SUMIFS('INPUT PULANG AWAL'!$M:$M,'INPUT PULANG AWAL'!$C:$C,'SUM.PULANG AWAL'!H$6,'INPUT PULANG AWAL'!$H:$H,'SUM.PULANG AWAL'!$B70:$B72,'INPUT PULANG AWAL'!$I:$I,'SUM.PULANG AWAL'!$C70) -> 0 | I70: =SUMIFS('INPUT PULANG AWAL'!$M:$M,'INPUT PULANG AWAL'!$C:$C,'SUM.PULANG AWAL'!I$6,'INPUT PULANG AWAL'!$H:$H,'SUM.PULANG AWAL'!$B70:$B72,'INPUT PULANG AWAL'!$I:$I,'SUM.PULANG AWAL'!$C70) -> 0 | J70: =SUMIFS('INPUT PULANG AWAL'!$M:$M,'INPUT PULANG AWAL'!$C:$C,'SUM.PULANG AWAL'!J$6,'INPUT PULANG AWAL'!$H:$H,'SUM.PULANG AWAL'!$B70:$B72,'INPUT PULANG AWAL'!$I:$I,'SUM.PULANG AWAL'!$C70) -> 0 | K70: =SUMIFS('INPUT PULANG AWAL'!$M:$M,'INPUT PULANG AWAL'!$C:$C,'SUM.PULANG AWAL'!K$6,'INPUT PULANG AWAL'!$H:$H,'SUM.PULANG AWAL'!$B70:$B72,'INPUT PULANG AWAL'!$I:$I,'SUM.PULANG AWAL'!$C70) -> 0 | ... AH70: =SUMIFS('INPUT PULANG AWAL'!$M:$M,'INPUT PULANG AWAL'!$C:$C,'SUM.PULANG AWAL'!AH$6,'INPUT PULANG AWAL'!$H:$H,'SUM.PULANG AWAL'!$B70:$B72,'INPUT PULANG AWAL'!$I:$I,'SUM.PULANG AWAL'!$C70) -> 0 | AI70: =SUM(D70:AH70) -> 0
C71: B | D71: =SUMIFS('INPUT PULANG AWAL'!$M:$M,'INPUT PULANG AWAL'!$C:$C,'SUM.PULANG AWAL'!D$6,'INPUT PULANG AWAL'!$H:$H,'SUM.PULANG AWAL'!$B70,'INPUT PULANG AWAL'!$I:$I,'SUM.PULANG AWAL'!$C71) -> 0 | E71: =SUMIFS('INPUT PULANG AWAL'!$M:$M,'INPUT PULANG AWAL'!$C:$C,'SUM.PULANG AWAL'!E$6,'INPUT PULANG AWAL'!$H:$H,'SUM.PULANG AWAL'!$B70,'INPUT PULANG AWAL'!$I:$I,'SUM.PULANG AWAL'!$C71) -> 0 | F71: =SUMIFS('INPUT PULANG AWAL'!$M:$M,'INPUT PULANG AWAL'!$C:$C,'SUM.PULANG AWAL'!F$6,'INPUT PULANG AWAL'!$H:$H,'SUM.PULANG AWAL'!$B70,'INPUT PULANG AWAL'!$I:$I,'SUM.PULANG AWAL'!$C71) -> 0 | G71: =SUMIFS('INPUT PULANG AWAL'!$M:$M,'INPUT PULANG AWAL'!$C:$C,'SUM.PULANG AWAL'!G$6,'INPUT PULANG AWAL'!$H:$H,'SUM.PULANG AWAL'!$B70,'INPUT PULANG AWAL'!$I:$I,'SUM.PULANG AWAL'!$C71) -> 0 | H71: =SUMIFS('INPUT PULANG AWAL'!$M:$M,'INPUT PULANG AWAL'!$C:$C,'SUM.PULANG AWAL'!H$6,'INPUT PULANG AWAL'!$H:$H,'SUM.PULANG AWAL'!$B70,'INPUT PULANG AWAL'!$I:$I,'SUM.PULANG AWAL'!$C71) -> 0 | I71: =SUMIFS('INPUT PULANG AWAL'!$M:$M,'INPUT PULANG AWAL'!$C:$C,'SUM.PULANG AWAL'!I$6,'INPUT PULANG AWAL'!$H:$H,'SUM.PULANG AWAL'!$B70,'INPUT PULANG AWAL'!$I:$I,'SUM.PULANG AWAL'!$C71) -> 0 | J71: =SUMIFS('INPUT PULANG AWAL'!$M:$M,'INPUT PULANG AWAL'!$C:$C,'SUM.PULANG AWAL'!J$6,'INPUT PULANG AWAL'!$H:$H,'SUM.PULANG AWAL'!$B70,'INPUT PULANG AWAL'!$I:$I,'SUM.PULANG AWAL'!$C71) -> 0 | K71: =SUMIFS('INPUT PULANG AWAL'!$M:$M,'INPUT PULANG AWAL'!$C:$C,'SUM.PULANG AWAL'!K$6,'INPUT PULANG AWAL'!$H:$H,'SUM.PULANG AWAL'!$B70,'INPUT PULANG AWAL'!$I:$I,'SUM.PULANG AWAL'!$C71) -> 0 | ... AH71: =SUMIFS('INPUT PULANG AWAL'!$M:$M,'INPUT PULANG AWAL'!$C:$C,'SUM.PULANG AWAL'!AH$6,'INPUT PULANG AWAL'!$H:$H,'SUM.PULANG AWAL'!$B70,'INPUT PULANG AWAL'!$I:$I,'SUM.PULANG AWAL'!$C71) -> 0 | AI71: =SUM(D71:AH71) -> 0
C72: NS | D72: =SUMIFS('INPUT PULANG AWAL'!$M:$M,'INPUT PULANG AWAL'!$C:$C,'SUM.PULANG AWAL'!D$6,'INPUT PULANG AWAL'!$H:$H,'SUM.PULANG AWAL'!$B70,'INPUT PULANG AWAL'!$I:$I,'SUM.PULANG AWAL'!$C72) -> 0 | E72: =SUMIFS('INPUT PULANG AWAL'!$M:$M,'INPUT PULANG AWAL'!$C:$C,'SUM.PULANG AWAL'!E$6,'INPUT PULANG AWAL'!$H:$H,'SUM.PULANG AWAL'!$B70,'INPUT PULANG AWAL'!$I:$I,'SUM.PULANG AWAL'!$C72) -> 0 | F72: =SUMIFS('INPUT PULANG AWAL'!$M:$M,'INPUT PULANG AWAL'!$C:$C,'SUM.PULANG AWAL'!F$6,'INPUT PULANG AWAL'!$H:$H,'SUM.PULANG AWAL'!$B70,'INPUT PULANG AWAL'!$I:$I,'SUM.PULANG AWAL'!$C72) -> 0 | G72: =SUMIFS('INPUT PULANG AWAL'!$M:$M,'INPUT PULANG AWAL'!$C:$C,'SUM.PULANG AWAL'!G$6,'INPUT PULANG AWAL'!$H:$H,'SUM.PULANG AWAL'!$B70,'INPUT PULANG AWAL'!$I:$I,'SUM.PULANG AWAL'!$C72) -> 0 | H72: =SUMIFS('INPUT PULANG AWAL'!$M:$M,'INPUT PULANG AWAL'!$C:$C,'SUM.PULANG AWAL'!H$6,'INPUT PULANG AWAL'!$H:$H,'SUM.PULANG AWAL'!$B70,'INPUT PULANG AWAL'!$I:$I,'SUM.PULANG AWAL'!$C72) -> 0 | I72: =SUMIFS('INPUT PULANG AWAL'!$M:$M,'INPUT PULANG AWAL'!$C:$C,'SUM.PULANG AWAL'!I$6,'INPUT PULANG AWAL'!$H:$H,'SUM.PULANG AWAL'!$B70,'INPUT PULANG AWAL'!$I:$I,'SUM.PULANG AWAL'!$C72) -> 0 | J72: =SUMIFS('INPUT PULANG AWAL'!$M:$M,'INPUT PULANG AWAL'!$C:$C,'SUM.PULANG AWAL'!J$6,'INPUT PULANG AWAL'!$H:$H,'SUM.PULANG AWAL'!$B70,'INPUT PULANG AWAL'!$I:$I,'SUM.PULANG AWAL'!$C72) -> 0 | K72: =SUMIFS('INPUT PULANG AWAL'!$M:$M,'INPUT PULANG AWAL'!$C:$C,'SUM.PULANG AWAL'!K$6,'INPUT PULANG AWAL'!$H:$H,'SUM.PULANG AWAL'!$B70,'INPUT PULANG AWAL'!$I:$I,'SUM.PULANG AWAL'!$C72) -> 0 | ... AH72: =SUMIFS('INPUT PULANG AWAL'!$M:$M,'INPUT PULANG AWAL'!$C:$C,'SUM.PULANG AWAL'!AH$6,'INPUT PULANG AWAL'!$H:$H,'SUM.PULANG AWAL'!$B70,'INPUT PULANG AWAL'!$I:$I,'SUM.PULANG AWAL'!$C72) -> 0 | AI72: =SUM(D72:AH72) -> 0
A73: 23 | B73: CV M03 | C73: A | D73: =SUMIFS('INPUT PULANG AWAL'!$M:$M,'INPUT PULANG AWAL'!$C:$C,'SUM.PULANG AWAL'!D$6,'INPUT PULANG AWAL'!$H:$H,'SUM.PULANG AWAL'!$B73:$B75,'INPUT PULANG AWAL'!$I:$I,'SUM.PULANG AWAL'!$C73) -> 0 | E73: =SUMIFS('INPUT PULANG AWAL'!$M:$M,'INPUT PULANG AWAL'!$C:$C,'SUM.PULANG AWAL'!E$6,'INPUT PULANG AWAL'!$H:$H,'SUM.PULANG AWAL'!$B73:$B75,'INPUT PULANG AWAL'!$I:$I,'SUM.PULANG AWAL'!$C73) -> 0 | F73: =SUMIFS('INPUT PULANG AWAL'!$M:$M,'INPUT PULANG AWAL'!$C:$C,'SUM.PULANG AWAL'!F$6,'INPUT PULANG AWAL'!$H:$H,'SUM.PULANG AWAL'!$B73:$B75,'INPUT PULANG AWAL'!$I:$I,'SUM.PULANG AWAL'!$C73) -> 196 | G73: =SUMIFS('INPUT PULANG AWAL'!$M:$M,'INPUT PULANG AWAL'!$C:$C,'SUM.PULANG AWAL'!G$6,'INPUT PULANG AWAL'!$H:$H,'SUM.PULANG AWAL'!$B73:$B75,'INPUT PULANG AWAL'!$I:$I,'SUM.PULANG AWAL'!$C73) -> 0 | H73: =SUMIFS('INPUT PULANG AWAL'!$M:$M,'INPUT PULANG AWAL'!$C:$C,'SUM.PULANG AWAL'!H$6,'INPUT PULANG AWAL'!$H:$H,'SUM.PULANG AWAL'!$B73:$B75,'INPUT PULANG AWAL'!$I:$I,'SUM.PULANG AWAL'!$C73) -> 0 | I73: =SUMIFS('INPUT PULANG AWAL'!$M:$M,'INPUT PULANG AWAL'!$C:$C,'SUM.PULANG AWAL'!I$6,'INPUT PULANG AWAL'!$H:$H,'SUM.PULANG AWAL'!$B73:$B75,'INPUT PULANG AWAL'!$I:$I,'SUM.PULANG AWAL'!$C73) -> 0 | J73: =SUMIFS('INPUT PULANG AWAL'!$M:$M,'INPUT PULANG AWAL'!$C:$C,'SUM.PULANG AWAL'!J$6,'INPUT PULANG AWAL'!$H:$H,'SUM.PULANG AWAL'!$B73:$B75,'INPUT PULANG AWAL'!$I:$I,'SUM.PULANG AWAL'!$C73) -> 239.5 | K73: =SUMIFS('INPUT PULANG AWAL'!$M:$M,'INPUT PULANG AWAL'!$C:$C,'SUM.PULANG AWAL'!K$6,'INPUT PULANG AWAL'!$H:$H,'SUM.PULANG AWAL'!$B73:$B75,'INPUT PULANG AWAL'!$I:$I,'SUM.PULANG AWAL'!$C73) -> 0 | ... AH73: =SUMIFS('INPUT PULANG AWAL'!$M:$M,'INPUT PULANG AWAL'!$C:$C,'SUM.PULANG AWAL'!AH$6,'INPUT PULANG AWAL'!$H:$H,'SUM.PULANG AWAL'!$B73:$B75,'INPUT PULANG AWAL'!$I:$I,'SUM.PULANG AWAL'!$C73) -> 0 | AI73: =SUM(D73:AH73) -> 681.5
C74: B | D74: =SUMIFS('INPUT PULANG AWAL'!$M:$M,'INPUT PULANG AWAL'!$C:$C,'SUM.PULANG AWAL'!D$6,'INPUT PULANG AWAL'!$H:$H,'SUM.PULANG AWAL'!$B73,'INPUT PULANG AWAL'!$I:$I,'SUM.PULANG AWAL'!$C74) -> 0 | E74: =SUMIFS('INPUT PULANG AWAL'!$M:$M,'INPUT PULANG AWAL'!$C:$C,'SUM.PULANG AWAL'!E$6,'INPUT PULANG AWAL'!$H:$H,'SUM.PULANG AWAL'!$B73,'INPUT PULANG AWAL'!$I:$I,'SUM.PULANG AWAL'!$C74) -> 0 | F74: =SUMIFS('INPUT PULANG AWAL'!$M:$M,'INPUT PULANG AWAL'!$C:$C,'SUM.PULANG AWAL'!F$6,'INPUT PULANG AWAL'!$H:$H,'SUM.PULANG AWAL'!$B73,'INPUT PULANG AWAL'!$I:$I,'SUM.PULANG AWAL'!$C74) -> 233.25 | G74: =SUMIFS('INPUT PULANG AWAL'!$M:$M,'INPUT PULANG AWAL'!$C:$C,'SUM.PULANG AWAL'!G$6,'INPUT PULANG AWAL'!$H:$H,'SUM.PULANG AWAL'!$B73,'INPUT PULANG AWAL'!$I:$I,'SUM.PULANG AWAL'!$C74) -> 0 | H74: =SUMIFS('INPUT PULANG AWAL'!$M:$M,'INPUT PULANG AWAL'!$C:$C,'SUM.PULANG AWAL'!H$6,'INPUT PULANG AWAL'!$H:$H,'SUM.PULANG AWAL'!$B73,'INPUT PULANG AWAL'!$I:$I,'SUM.PULANG AWAL'!$C74) -> 0 | I74: =SUMIFS('INPUT PULANG AWAL'!$M:$M,'INPUT PULANG AWAL'!$C:$C,'SUM.PULANG AWAL'!I$6,'INPUT PULANG AWAL'!$H:$H,'SUM.PULANG AWAL'!$B73,'INPUT PULANG AWAL'!$I:$I,'SUM.PULANG AWAL'!$C74) -> 0 | J74: =SUMIFS('INPUT PULANG AWAL'!$M:$M,'INPUT PULANG AWAL'!$C:$C,'SUM.PULANG AWAL'!J$6,'INPUT PULANG AWAL'!$H:$H,'SUM.PULANG AWAL'!$B73,'INPUT PULANG AWAL'!$I:$I,'SUM.PULANG AWAL'!$C74) -> 252 | K74: =SUMIFS('INPUT PULANG AWAL'!$M:$M,'INPUT PULANG AWAL'!$C:$C,'SUM.PULANG AWAL'!K$6,'INPUT PULANG AWAL'!$H:$H,'SUM.PULANG AWAL'!$B73,'INPUT PULANG AWAL'!$I:$I,'SUM.PULANG AWAL'!$C74) -> 0 | ... AH74: =SUMIFS('INPUT PULANG AWAL'!$M:$M,'INPUT PULANG AWAL'!$C:$C,'SUM.PULANG AWAL'!AH$6,'INPUT PULANG AWAL'!$H:$H,'SUM.PULANG AWAL'!$B73,'INPUT PULANG AWAL'!$I:$I,'SUM.PULANG AWAL'!$C74) -> 0 | AI74: =SUM(D74:AH74) -> 1249.3333
C75: NS | D75: =SUMIFS('INPUT PULANG AWAL'!$M:$M,'INPUT PULANG AWAL'!$C:$C,'SUM.PULANG AWAL'!D$6,'INPUT PULANG AWAL'!$H:$H,'SUM.PULANG AWAL'!$B73,'INPUT PULANG AWAL'!$I:$I,'SUM.PULANG AWAL'!$C75) -> 0 | E75: =SUMIFS('INPUT PULANG AWAL'!$M:$M,'INPUT PULANG AWAL'!$C:$C,'SUM.PULANG AWAL'!E$6,'INPUT PULANG AWAL'!$H:$H,'SUM.PULANG AWAL'!$B73,'INPUT PULANG AWAL'!$I:$I,'SUM.PULANG AWAL'!$C75) -> 0 | F75: =SUMIFS('INPUT PULANG AWAL'!$M:$M,'INPUT PULANG AWAL'!$C:$C,'SUM.PULANG AWAL'!F$6,'INPUT PULANG AWAL'!$H:$H,'SUM.PULANG AWAL'!$B73,'INPUT PULANG AWAL'!$I:$I,'SUM.PULANG AWAL'!$C75) -> 0 | G75: =SUMIFS('INPUT PULANG AWAL'!$M:$M,'INPUT PULANG AWAL'!$C:$C,'SUM.PULANG AWAL'!G$6,'INPUT PULANG AWAL'!$H:$H,'SUM.PULANG AWAL'!$B73,'INPUT PULANG AWAL'!$I:$I,'SUM.PULANG AWAL'!$C75) -> 0 | H75: =SUMIFS('INPUT PULANG AWAL'!$M:$M,'INPUT PULANG AWAL'!$C:$C,'SUM.PULANG AWAL'!H$6,'INPUT PULANG AWAL'!$H:$H,'SUM.PULANG AWAL'!$B73,'INPUT PULANG AWAL'!$I:$I,'SUM.PULANG AWAL'!$C75) -> 0 | I75: =SUMIFS('INPUT PULANG AWAL'!$M:$M,'INPUT PULANG AWAL'!$C:$C,'SUM.PULANG AWAL'!I$6,'INPUT PULANG AWAL'!$H:$H,'SUM.PULANG AWAL'!$B73,'INPUT PULANG AWAL'!$I:$I,'SUM.PULANG AWAL'!$C75) -> 0 | J75: =SUMIFS('INPUT PULANG AWAL'!$M:$M,'INPUT PULANG AWAL'!$C:$C,'SUM.PULANG AWAL'!J$6,'INPUT PULANG AWAL'!$H:$H,'SUM.PULANG AWAL'!$B73,'INPUT PULANG AWAL'!$I:$I,'SUM.PULANG AWAL'!$C75) -> 0 | K75: =SUMIFS('INPUT PULANG AWAL'!$M:$M,'INPUT PULANG AWAL'!$C:$C,'SUM.PULANG AWAL'!K$6,'INPUT PULANG AWAL'!$H:$H,'SUM.PULANG AWAL'!$B73,'INPUT PULANG AWAL'!$I:$I,'SUM.PULANG AWAL'!$C75) -> 0 | ... AH75: =SUMIFS('INPUT PULANG AWAL'!$M:$M,'INPUT PULANG AWAL'!$C:$C,'SUM.PULANG AWAL'!AH$6,'INPUT PULANG AWAL'!$H:$H,'SUM.PULANG AWAL'!$B73,'INPUT PULANG AWAL'!$I:$I,'SUM.PULANG AWAL'!$C75) -> 0 | AI75: =SUM(D75:AH75) -> 0
A76: 23 | B76: CV M04 | C76: A | D76: =SUMIFS('INPUT PULANG AWAL'!$M:$M,'INPUT PULANG AWAL'!$C:$C,'SUM.PULANG AWAL'!D$6,'INPUT PULANG AWAL'!$H:$H,'SUM.PULANG AWAL'!$B76:$B78,'INPUT PULANG AWAL'!$I:$I,'SUM.PULANG AWAL'!$C76) -> 0 | E76: =SUMIFS('INPUT PULANG AWAL'!$M:$M,'INPUT PULANG AWAL'!$C:$C,'SUM.PULANG AWAL'!E$6,'INPUT PULANG AWAL'!$H:$H,'SUM.PULANG AWAL'!$B76:$B78,'INPUT PULANG AWAL'!$I:$I,'SUM.PULANG AWAL'!$C76) -> 0 | F76: =SUMIFS('INPUT PULANG AWAL'!$M:$M,'INPUT PULANG AWAL'!$C:$C,'SUM.PULANG AWAL'!F$6,'INPUT PULANG AWAL'!$H:$H,'SUM.PULANG AWAL'!$B76:$B78,'INPUT PULANG AWAL'!$I:$I,'SUM.PULANG AWAL'!$C76) -> 0 | G76: =SUMIFS('INPUT PULANG AWAL'!$M:$M,'INPUT PULANG AWAL'!$C:$C,'SUM.PULANG AWAL'!G$6,'INPUT PULANG AWAL'!$H:$H,'SUM.PULANG AWAL'!$B76:$B78,'INPUT PULANG AWAL'!$I:$I,'SUM.PULANG AWAL'!$C76) -> 0 | H76: =SUMIFS('INPUT PULANG AWAL'!$M:$M,'INPUT PULANG AWAL'!$C:$C,'SUM.PULANG AWAL'!H$6,'INPUT PULANG AWAL'!$H:$H,'SUM.PULANG AWAL'!$B76:$B78,'INPUT PULANG AWAL'!$I:$I,'SUM.PULANG AWAL'!$C76) -> 0 | I76: =SUMIFS('INPUT PULANG AWAL'!$M:$M,'INPUT PULANG AWAL'!$C:$C,'SUM.PULANG AWAL'!I$6,'INPUT PULANG AWAL'!$H:$H,'SUM.PULANG AWAL'!$B76:$B78,'INPUT PULANG AWAL'!$I:$I,'SUM.PULANG AWAL'!$C76) -> 0 | J76: =SUMIFS('INPUT PULANG AWAL'!$M:$M,'INPUT PULANG AWAL'!$C:$C,'SUM.PULANG AWAL'!J$6,'INPUT PULANG AWAL'!$H:$H,'SUM.PULANG AWAL'!$B76:$B78,'INPUT PULANG AWAL'!$I:$I,'SUM.PULANG AWAL'!$C76) -> 0 | K76: =SUMIFS('INPUT PULANG AWAL'!$M:$M,'INPUT PULANG AWAL'!$C:$C,'SUM.PULANG AWAL'!K$6,'INPUT PULANG AWAL'!$H:$H,'SUM.PULANG AWAL'!$B76:$B78,'INPUT PULANG AWAL'!$I:$I,'SUM.PULANG AWAL'!$C76) -> 0 | ... AH76: =SUMIFS('INPUT PULANG AWAL'!$M:$M,'INPUT PULANG AWAL'!$C:$C,'SUM.PULANG AWAL'!AH$6,'INPUT PULANG AWAL'!$H:$H,'SUM.PULANG AWAL'!$B76:$B78,'INPUT PULANG AWAL'!$I:$I,'SUM.PULANG AWAL'!$C76) -> 0 | AI76: =SUM(D76:AH76) -> 0
C77: B | D77: =SUMIFS('INPUT PULANG AWAL'!$M:$M,'INPUT PULANG AWAL'!$C:$C,'SUM.PULANG AWAL'!D$6,'INPUT PULANG AWAL'!$H:$H,'SUM.PULANG AWAL'!$B76,'INPUT PULANG AWAL'!$I:$I,'SUM.PULANG AWAL'!$C77) -> 0 | E77: =SUMIFS('INPUT PULANG AWAL'!$M:$M,'INPUT PULANG AWAL'!$C:$C,'SUM.PULANG AWAL'!E$6,'INPUT PULANG AWAL'!$H:$H,'SUM.PULANG AWAL'!$B76,'INPUT PULANG AWAL'!$I:$I,'SUM.PULANG AWAL'!$C77) -> 0 | F77: =SUMIFS('INPUT PULANG AWAL'!$M:$M,'INPUT PULANG AWAL'!$C:$C,'SUM.PULANG AWAL'!F$6,'INPUT PULANG AWAL'!$H:$H,'SUM.PULANG AWAL'!$B76,'INPUT PULANG AWAL'!$I:$I,'SUM.PULANG AWAL'!$C77) -> 0 | G77: =SUMIFS('INPUT PULANG AWAL'!$M:$M,'INPUT PULANG AWAL'!$C:$C,'SUM.PULANG AWAL'!G$6,'INPUT PULANG AWAL'!$H:$H,'SUM.PULANG AWAL'!$B76,'INPUT PULANG AWAL'!$I:$I,'SUM.PULANG AWAL'!$C77) -> 0 | H77: =SUMIFS('INPUT PULANG AWAL'!$M:$M,'INPUT PULANG AWAL'!$C:$C,'SUM.PULANG AWAL'!H$6,'INPUT PULANG AWAL'!$H:$H,'SUM.PULANG AWAL'!$B76,'INPUT PULANG AWAL'!$I:$I,'SUM.PULANG AWAL'!$C77) -> 0 | I77: =SUMIFS('INPUT PULANG AWAL'!$M:$M,'INPUT PULANG AWAL'!$C:$C,'SUM.PULANG AWAL'!I$6,'INPUT PULANG AWAL'!$H:$H,'SUM.PULANG AWAL'!$B76,'INPUT PULANG AWAL'!$I:$I,'SUM.PULANG AWAL'!$C77) -> 0 | J77: =SUMIFS('INPUT PULANG AWAL'!$M:$M,'INPUT PULANG AWAL'!$C:$C,'SUM.PULANG AWAL'!J$6,'INPUT PULANG AWAL'!$H:$H,'SUM.PULANG AWAL'!$B76,'INPUT PULANG AWAL'!$I:$I,'SUM.PULANG AWAL'!$C77) -> 0 | K77: =SUMIFS('INPUT PULANG AWAL'!$M:$M,'INPUT PULANG AWAL'!$C:$C,'SUM.PULANG AWAL'!K$6,'INPUT PULANG AWAL'!$H:$H,'SUM.PULANG AWAL'!$B76,'INPUT PULANG AWAL'!$I:$I,'SUM.PULANG AWAL'!$C77) -> 0 | ... AH77: =SUMIFS('INPUT PULANG AWAL'!$M:$M,'INPUT PULANG AWAL'!$C:$C,'SUM.PULANG AWAL'!AH$6,'INPUT PULANG AWAL'!$H:$H,'SUM.PULANG AWAL'!$B76,'INPUT PULANG AWAL'!$I:$I,'SUM.PULANG AWAL'!$C77) -> 0 | AI77: =SUM(D77:AH77) -> 0
C78: NS | D78: =SUMIFS('INPUT PULANG AWAL'!$M:$M,'INPUT PULANG AWAL'!$C:$C,'SUM.PULANG AWAL'!D$6,'INPUT PULANG AWAL'!$H:$H,'SUM.PULANG AWAL'!$B76,'INPUT PULANG AWAL'!$I:$I,'SUM.PULANG AWAL'!$C78) -> 0 | E78: =SUMIFS('INPUT PULANG AWAL'!$M:$M,'INPUT PULANG AWAL'!$C:$C,'SUM.PULANG AWAL'!E$6,'INPUT PULANG AWAL'!$H:$H,'SUM.PULANG AWAL'!$B76,'INPUT PULANG AWAL'!$I:$I,'SUM.PULANG AWAL'!$C78) -> 0 | F78: =SUMIFS('INPUT PULANG AWAL'!$M:$M,'INPUT PULANG AWAL'!$C:$C,'SUM.PULANG AWAL'!F$6,'INPUT PULANG AWAL'!$H:$H,'SUM.PULANG AWAL'!$B76,'INPUT PULANG AWAL'!$I:$I,'SUM.PULANG AWAL'!$C78) -> 0 | G78: =SUMIFS('INPUT PULANG AWAL'!$M:$M,'INPUT PULANG AWAL'!$C:$C,'SUM.PULANG AWAL'!G$6,'INPUT PULANG AWAL'!$H:$H,'SUM.PULANG AWAL'!$B76,'INPUT PULANG AWAL'!$I:$I,'SUM.PULANG AWAL'!$C78) -> 0 | H78: =SUMIFS('INPUT PULANG AWAL'!$M:$M,'INPUT PULANG AWAL'!$C:$C,'SUM.PULANG AWAL'!H$6,'INPUT PULANG AWAL'!$H:$H,'SUM.PULANG AWAL'!$B76,'INPUT PULANG AWAL'!$I:$I,'SUM.PULANG AWAL'!$C78) -> 0 | I78: =SUMIFS('INPUT PULANG AWAL'!$M:$M,'INPUT PULANG AWAL'!$C:$C,'SUM.PULANG AWAL'!I$6,'INPUT PULANG AWAL'!$H:$H,'SUM.PULANG AWAL'!$B76,'INPUT PULANG AWAL'!$I:$I,'SUM.PULANG AWAL'!$C78) -> 0 | J78: =SUMIFS('INPUT PULANG AWAL'!$M:$M,'INPUT PULANG AWAL'!$C:$C,'SUM.PULANG AWAL'!J$6,'INPUT PULANG AWAL'!$H:$H,'SUM.PULANG AWAL'!$B76,'INPUT PULANG AWAL'!$I:$I,'SUM.PULANG AWAL'!$C78) -> 0 | K78: =SUMIFS('INPUT PULANG AWAL'!$M:$M,'INPUT PULANG AWAL'!$C:$C,'SUM.PULANG AWAL'!K$6,'INPUT PULANG AWAL'!$H:$H,'SUM.PULANG AWAL'!$B76,'INPUT PULANG AWAL'!$I:$I,'SUM.PULANG AWAL'!$C78) -> 0 | ... AH78: =SUMIFS('INPUT PULANG AWAL'!$M:$M,'INPUT PULANG AWAL'!$C:$C,'SUM.PULANG AWAL'!AH$6,'INPUT PULANG AWAL'!$H:$H,'SUM.PULANG AWAL'!$B76,'INPUT PULANG AWAL'!$I:$I,'SUM.PULANG AWAL'!$C78) -> 0 | AI78: =SUM(D78:AH78) -> 206.5
A79: 24 | B79: CV B01 | C79: A | D79: =SUMIFS('INPUT PULANG AWAL'!$M:$M,'INPUT PULANG AWAL'!$C:$C,'SUM.PULANG AWAL'!D$6,'INPUT PULANG AWAL'!$H:$H,'SUM.PULANG AWAL'!$B79:$B81,'INPUT PULANG AWAL'!$I:$I,'SUM.PULANG AWAL'!$C79) -> 0 | E79: =SUMIFS('INPUT PULANG AWAL'!$M:$M,'INPUT PULANG AWAL'!$C:$C,'SUM.PULANG AWAL'!E$6,'INPUT PULANG AWAL'!$H:$H,'SUM.PULANG AWAL'!$B79:$B81,'INPUT PULANG AWAL'!$I:$I,'SUM.PULANG AWAL'!$C79) -> 0 | F79: =SUMIFS('INPUT PULANG AWAL'!$M:$M,'INPUT PULANG AWAL'!$C:$C,'SUM.PULANG AWAL'!F$6,'INPUT PULANG AWAL'!$H:$H,'SUM.PULANG AWAL'!$B79:$B81,'INPUT PULANG AWAL'!$I:$I,'SUM.PULANG AWAL'!$C79) -> 0 | G79: =SUMIFS('INPUT PULANG AWAL'!$M:$M,'INPUT PULANG AWAL'!$C:$C,'SUM.PULANG AWAL'!G$6,'INPUT PULANG AWAL'!$H:$H,'SUM.PULANG AWAL'!$B79:$B81,'INPUT PULANG AWAL'!$I:$I,'SUM.PULANG AWAL'!$C79) -> 0 | H79: =SUMIFS('INPUT PULANG AWAL'!$M:$M,'INPUT PULANG AWAL'!$C:$C,'SUM.PULANG AWAL'!H$6,'INPUT PULANG AWAL'!$H:$H,'SUM.PULANG AWAL'!$B79:$B81,'INPUT PULANG AWAL'!$I:$I,'SUM.PULANG AWAL'!$C79) -> 0 | I79: =SUMIFS('INPUT PULANG AWAL'!$M:$M,'INPUT PULANG AWAL'!$C:$C,'SUM.PULANG AWAL'!I$6,'INPUT PULANG AWAL'!$H:$H,'SUM.PULANG AWAL'!$B79:$B81,'INPUT PULANG AWAL'!$I:$I,'SUM.PULANG AWAL'!$C79) -> 0 | J79: =SUMIFS('INPUT PULANG AWAL'!$M:$M,'INPUT PULANG AWAL'!$C:$C,'SUM.PULANG AWAL'!J$6,'INPUT PULANG AWAL'!$H:$H,'SUM.PULANG AWAL'!$B79:$B81,'INPUT PULANG AWAL'!$I:$I,'SUM.PULANG AWAL'!$C79) -> 0 | K79: =SUMIFS('INPUT PULANG AWAL'!$M:$M,'INPUT PULANG AWAL'!$C:$C,'SUM.PULANG AWAL'!K$6,'INPUT PULANG AWAL'!$H:$H,'SUM.PULANG AWAL'!$B79:$B81,'INPUT PULANG AWAL'!$I:$I,'SUM.PULANG AWAL'!$C79) -> 0 | ... AH79: =SUMIFS('INPUT PULANG AWAL'!$M:$M,'INPUT PULANG AWAL'!$C:$C,'SUM.PULANG AWAL'!AH$6,'INPUT PULANG AWAL'!$H:$H,'SUM.PULANG AWAL'!$B79:$B81,'INPUT PULANG AWAL'!$I:$I,'SUM.PULANG AWAL'!$C79) -> 0 | AI79: =SUM(D79:AH79) -> 337.16667
C80: B | D80: =SUMIFS('INPUT PULANG AWAL'!$M:$M,'INPUT PULANG AWAL'!$C:$C,'SUM.PULANG AWAL'!D$6,'INPUT PULANG AWAL'!$H:$H,'SUM.PULANG AWAL'!$B79,'INPUT PULANG AWAL'!$I:$I,'SUM.PULANG AWAL'!$C80) -> 0 | E80: =SUMIFS('INPUT PULANG AWAL'!$M:$M,'INPUT PULANG AWAL'!$C:$C,'SUM.PULANG AWAL'!E$6,'INPUT PULANG AWAL'!$H:$H,'SUM.PULANG AWAL'!$B79,'INPUT PULANG AWAL'!$I:$I,'SUM.PULANG AWAL'!$C80) -> 0 | F80: =SUMIFS('INPUT PULANG AWAL'!$M:$M,'INPUT PULANG AWAL'!$C:$C,'SUM.PULANG AWAL'!F$6,'INPUT PULANG AWAL'!$H:$H,'SUM.PULANG AWAL'!$B79,'INPUT PULANG AWAL'!$I:$I,'SUM.PULANG AWAL'!$C80) -> 0 | G80: =SUMIFS('INPUT PULANG AWAL'!$M:$M,'INPUT PULANG AWAL'!$C:$C,'SUM.PULANG AWAL'!G$6,'INPUT PULANG AWAL'!$H:$H,'SUM.PULANG AWAL'!$B79,'INPUT PULANG AWAL'!$I:$I,'SUM.PULANG AWAL'!$C80) -> 0 | H80: =SUMIFS('INPUT PULANG AWAL'!$M:$M,'INPUT PULANG AWAL'!$C:$C,'SUM.PULANG AWAL'!H$6,'INPUT PULANG AWAL'!$H:$H,'SUM.PULANG AWAL'!$B79,'INPUT PULANG AWAL'!$I:$I,'SUM.PULANG AWAL'!$C80) -> 0 | I80: =SUMIFS('INPUT PULANG AWAL'!$M:$M,'INPUT PULANG AWAL'!$C:$C,'SUM.PULANG AWAL'!I$6,'INPUT PULANG AWAL'!$H:$H,'SUM.PULANG AWAL'!$B79,'INPUT PULANG AWAL'!$I:$I,'SUM.PULANG AWAL'!$C80) -> 0 | J80: =SUMIFS('INPUT PULANG AWAL'!$M:$M,'INPUT PULANG AWAL'!$C:$C,'SUM.PULANG AWAL'!J$6,'INPUT PULANG AWAL'!$H:$H,'SUM.PULANG AWAL'!$B79,'INPUT PULANG AWAL'!$I:$I,'SUM.PULANG AWAL'!$C80) -> 0 | K80: =SUMIFS('INPUT PULANG AWAL'!$M:$M,'INPUT PULANG AWAL'!$C:$C,'SUM.PULANG AWAL'!K$6,'INPUT PULANG AWAL'!$H:$H,'SUM.PULANG AWAL'!$B79,'INPUT PULANG AWAL'!$I:$I,'SUM.PULANG AWAL'!$C80) -> 0 | ... AH80: =SUMIFS('INPUT PULANG AWAL'!$M:$M,'INPUT PULANG AWAL'!$C:$C,'SUM.PULANG AWAL'!AH$6,'INPUT PULANG AWAL'!$H:$H,'SUM.PULANG AWAL'!$B79,'INPUT PULANG AWAL'!$I:$I,'SUM.PULANG AWAL'!$C80) -> 0 | AI80: =SUM(D80:AH80) -> 0
C81: NS | D81: =SUMIFS('INPUT PULANG AWAL'!$M:$M,'INPUT PULANG AWAL'!$C:$C,'SUM.PULANG AWAL'!D$6,'INPUT PULANG AWAL'!$H:$H,'SUM.PULANG AWAL'!$B79,'INPUT PULANG AWAL'!$I:$I,'SUM.PULANG AWAL'!$C81) -> 0 | E81: =SUMIFS('INPUT PULANG AWAL'!$M:$M,'INPUT PULANG AWAL'!$C:$C,'SUM.PULANG AWAL'!E$6,'INPUT PULANG AWAL'!$H:$H,'SUM.PULANG AWAL'!$B79,'INPUT PULANG AWAL'!$I:$I,'SUM.PULANG AWAL'!$C81) -> 0 | F81: =SUMIFS('INPUT PULANG AWAL'!$M:$M,'INPUT PULANG AWAL'!$C:$C,'SUM.PULANG AWAL'!F$6,'INPUT PULANG AWAL'!$H:$H,'SUM.PULANG AWAL'!$B79,'INPUT PULANG AWAL'!$I:$I,'SUM.PULANG AWAL'!$C81) -> 0 | G81: =SUMIFS('INPUT PULANG AWAL'!$M:$M,'INPUT PULANG AWAL'!$C:$C,'SUM.PULANG AWAL'!G$6,'INPUT PULANG AWAL'!$H:$H,'SUM.PULANG AWAL'!$B79,'INPUT PULANG AWAL'!$I:$I,'SUM.PULANG AWAL'!$C81) -> 0 | H81: =SUMIFS('INPUT PULANG AWAL'!$M:$M,'INPUT PULANG AWAL'!$C:$C,'SUM.PULANG AWAL'!H$6,'INPUT PULANG AWAL'!$H:$H,'SUM.PULANG AWAL'!$B79,'INPUT PULANG AWAL'!$I:$I,'SUM.PULANG AWAL'!$C81) -> 0 | I81: =SUMIFS('INPUT PULANG AWAL'!$M:$M,'INPUT PULANG AWAL'!$C:$C,'SUM.PULANG AWAL'!I$6,'INPUT PULANG AWAL'!$H:$H,'SUM.PULANG AWAL'!$B79,'INPUT PULANG AWAL'!$I:$I,'SUM.PULANG AWAL'!$C81) -> 0 | J81: =SUMIFS('INPUT PULANG AWAL'!$M:$M,'INPUT PULANG AWAL'!$C:$C,'SUM.PULANG AWAL'!J$6,'INPUT PULANG AWAL'!$H:$H,'SUM.PULANG AWAL'!$B79,'INPUT PULANG AWAL'!$I:$I,'SUM.PULANG AWAL'!$C81) -> 0 | K81: =SUMIFS('INPUT PULANG AWAL'!$M:$M,'INPUT PULANG AWAL'!$C:$C,'SUM.PULANG AWAL'!K$6,'INPUT PULANG AWAL'!$H:$H,'SUM.PULANG AWAL'!$B79,'INPUT PULANG AWAL'!$I:$I,'SUM.PULANG AWAL'!$C81) -> 0 | ... AH81: =SUMIFS('INPUT PULANG AWAL'!$M:$M,'INPUT PULANG AWAL'!$C:$C,'SUM.PULANG AWAL'!AH$6,'INPUT PULANG AWAL'!$H:$H,'SUM.PULANG AWAL'!$B79,'INPUT PULANG AWAL'!$I:$I,'SUM.PULANG AWAL'!$C81) -> 0 | AI81: =SUM(D81:AH81) -> 235.5
